   -1000.000       0.035760
    -999.900       0.035896
    -999.800       0.036030
    -999.700       0.036161
    -999.600       0.036291
    -999.500       0.036419
    -999.400       0.036547
    -999.300       0.036676
    -999.200       0.036805
    -999.100       0.036936
    -999.000       0.037070
    -998.900       0.037206
    -998.800       0.037344
    -998.700       0.037485
    -998.600       0.037626
    -998.500       0.037769
    -998.400       0.037911
    -998.300       0.038053
    -998.200       0.038194
    -998.100       0.038333
    -998.000       0.038470
    -997.900       0.038605
    -997.800       0.038737
    -997.700       0.038867
    -997.600       0.038996
    -997.500       0.039123
    -997.400       0.039250
    -997.300       0.039376
    -997.200       0.039502
    -997.100       0.039628
    -997.000       0.039755
    -996.900       0.039882
    -996.800       0.040011
    -996.700       0.040140
    -996.600       0.040270
    -996.500       0.040401
    -996.400       0.040532
    -996.300       0.040663
    -996.200       0.040794
    -996.100       0.040925
    -996.000       0.041056
    -995.900       0.041187
    -995.800       0.041317
    -995.700       0.041447
    -995.600       0.041576
    -995.500       0.041704
    -995.400       0.041831
    -995.300       0.041956
    -995.200       0.042080
    -995.100       0.042203
    -995.000       0.042323
    -994.900       0.042441
    -994.800       0.042558
    -994.700       0.042674
    -994.600       0.042789
    -994.500       0.042903
    -994.400       0.043018
    -994.300       0.043133
    -994.200       0.043248
    -994.100       0.043366
    -994.000       0.043485
    -993.900       0.043605
    -993.800       0.043728
    -993.700       0.043852
    -993.600       0.043977
    -993.500       0.044102
    -993.400       0.044226
    -993.300       0.044351
    -993.200       0.044474
    -993.100       0.044596
    -993.000       0.044716
    -992.900       0.044834
    -992.800       0.044949
    -992.700       0.045063
    -992.600       0.045175
    -992.500       0.045285
    -992.400       0.045394
    -992.300       0.045502
    -992.200       0.045609
    -992.100       0.045715
    -992.000       0.045820
    -991.900       0.045925
    -991.800       0.046030
    -991.700       0.046134
    -991.600       0.046239
    -991.500       0.046344
    -991.400       0.046449
    -991.300       0.046555
    -991.200       0.046662
    -991.100       0.046769
    -991.000       0.046878
    -990.900       0.046987
    -990.800       0.047098
    -990.700       0.047209
    -990.600       0.047320
    -990.500       0.047430
    -990.400       0.047541
    -990.300       0.047650
    -990.200       0.047759
    -990.100       0.047865
    -990.000       0.047970
    -989.900       0.048073
    -989.800       0.048174
    -989.700       0.048273
    -989.600       0.048370
    -989.500       0.048466
    -989.400       0.048561
    -989.300       0.048655
    -989.200       0.048747
    -989.100       0.048839
    -989.000       0.048931
    -988.900       0.049022
    -988.800       0.049113
    -988.700       0.049204
    -988.600       0.049295
    -988.500       0.049386
    -988.400       0.049477
    -988.300       0.049569
    -988.200       0.049662
    -988.100       0.049754
    -988.000       0.049848
    -987.900       0.049942
    -987.800       0.050037
    -987.700       0.050132
    -987.600       0.050227
    -987.500       0.050322
    -987.400       0.050416
    -987.300       0.050509
    -987.200       0.050600
    -987.100       0.050690
    -987.000       0.050778
    -986.900       0.050864
    -986.800       0.050947
    -986.700       0.051029
    -986.600       0.051110
    -986.500       0.051190
    -986.400       0.051269
    -986.300       0.051348
    -986.200       0.051427
    -986.100       0.051506
    -986.000       0.051586
    -985.900       0.051667
    -985.800       0.051749
    -985.700       0.051831
    -985.600       0.051913
    -985.500       0.051995
    -985.400       0.052077
    -985.300       0.052157
    -985.200       0.052237
    -985.100       0.052315
    -985.000       0.052392
    -984.900       0.052467
    -984.800       0.052539
    -984.700       0.052611
    -984.600       0.052681
    -984.500       0.052750
    -984.400       0.052819
    -984.300       0.052887
    -984.200       0.052954
    -984.100       0.053022
    -984.000       0.053090
    -983.900       0.053159
    -983.800       0.053228
    -983.700       0.053298
    -983.600       0.053368
    -983.500       0.053438
    -983.400       0.053509
    -983.300       0.053579
    -983.200       0.053650
    -983.100       0.053720
    -983.000       0.053791
    -982.900       0.053861
    -982.800       0.053930
    -982.700       0.053999
    -982.600       0.054067
    -982.500       0.054134
    -982.400       0.054200
    -982.300       0.054263
    -982.200       0.054325
    -982.100       0.054385
    -982.000       0.054442
    -981.900       0.054497
    -981.800       0.054550
    -981.700       0.054601
    -981.600       0.054650
    -981.500       0.054699
    -981.400       0.054748
    -981.300       0.054798
    -981.200       0.054848
    -981.100       0.054899
    -981.000       0.054952
    -980.900       0.055008
    -980.800       0.055065
    -980.700       0.055123
    -980.600       0.055183
    -980.500       0.055243
    -980.400       0.055302
    -980.300       0.055361
    -980.200       0.055419
    -980.100       0.055476
    -980.000       0.055530
    -979.900       0.055582
    -979.800       0.055632
    -979.700       0.055680
    -979.600       0.055726
    -979.500       0.055771
    -979.400       0.055815
    -979.300       0.055858
    -979.200       0.055900
    -979.100       0.055941
    -979.000       0.055983
    -978.900       0.056025
    -978.800       0.056066
    -978.700       0.056108
    -978.600       0.056149
    -978.500       0.056190
    -978.400       0.056231
    -978.300       0.056271
    -978.200       0.056311
    -978.100       0.056351
    -978.000       0.056389
    -977.900       0.056427
    -977.800       0.056465
    -977.700       0.056501
    -977.600       0.056537
    -977.500       0.056573
    -977.400       0.056608
    -977.300       0.056643
    -977.200       0.056678
    -977.100       0.056712
    -977.000       0.056746
    -976.900       0.056781
    -976.800       0.056815
    -976.700       0.056848
    -976.600       0.056882
    -976.500       0.056915
    -976.400       0.056947
    -976.300       0.056979
    -976.200       0.057010
    -976.100       0.057040
    -976.000       0.057069
    -975.900       0.057097
    -975.800       0.057124
    -975.700       0.057150
    -975.600       0.057175
    -975.500       0.057199
    -975.400       0.057223
    -975.300       0.057246
    -975.200       0.057268
    -975.100       0.057290
    -975.000       0.057312
    -974.900       0.057333
    -974.800       0.057354
    -974.700       0.057374
    -974.600       0.057394
    -974.500       0.057414
    -974.400       0.057434
    -974.300       0.057453
    -974.200       0.057471
    -974.100       0.057490
    -974.000       0.057508
    -973.900       0.057526
    -973.800       0.057543
    -973.700       0.057560
    -973.600       0.057577
    -973.500       0.057593
    -973.400       0.057609
    -973.300       0.057624
    -973.200       0.057639
    -973.100       0.057654
    -973.000       0.057669
    -972.900       0.057683
    -972.800       0.057696
    -972.700       0.057709
    -972.600       0.057721
    -972.500       0.057733
    -972.400       0.057744
    -972.300       0.057754
    -972.200       0.057763
    -972.100       0.057771
    -972.000       0.057777
    -971.900       0.057783
    -971.800       0.057787
    -971.700       0.057791
    -971.600       0.057794
    -971.500       0.057795
    -971.400       0.057797
    -971.300       0.057798
    -971.200       0.057798
    -971.100       0.057799
    -971.000       0.057799
    -970.900       0.057800
    -970.800       0.057800
    -970.700       0.057801
    -970.600       0.057802
    -970.500       0.057803
    -970.400       0.057805
    -970.300       0.057806
    -970.200       0.057809
    -970.100       0.057811
    -970.000       0.057815
    -969.900       0.057818
    -969.800       0.057822
    -969.700       0.057826
    -969.600       0.057829
    -969.500       0.057831
    -969.400       0.057831
    -969.300       0.057830
    -969.200       0.057827
    -969.100       0.057822
    -969.000       0.057814
    -968.900       0.057802
    -968.800       0.057788
    -968.700       0.057772
    -968.600       0.057755
    -968.500       0.057736
    -968.400       0.057718
    -968.300       0.057699
    -968.200       0.057681
    -968.100       0.057665
    -968.000       0.057650
    -967.900       0.057638
    -967.800       0.057627
    -967.700       0.057618
    -967.600       0.057610
    -967.500       0.057603
    -967.400       0.057597
    -967.300       0.057589
    -967.200       0.057582
    -967.100       0.057573
    -967.000       0.057562
    -966.900       0.057550
    -966.800       0.057535
    -966.700       0.057520
    -966.600       0.057502
    -966.500       0.057484
    -966.400       0.057464
    -966.300       0.057443
    -966.200       0.057422
    -966.100       0.057400
    -966.000       0.057378
    -965.900       0.057355
    -965.800       0.057333
    -965.700       0.057310
    -965.600       0.057287
    -965.500       0.057264
    -965.400       0.057241
    -965.300       0.057218
    -965.200       0.057194
    -965.100       0.057171
    -965.000       0.057147
    -964.900       0.057123
    -964.800       0.057099
    -964.700       0.057074
    -964.600       0.057050
    -964.500       0.057025
    -964.400       0.056999
    -964.300       0.056973
    -964.200       0.056947
    -964.100       0.056920
    -964.000       0.056892
    -963.900       0.056864
    -963.800       0.056835
    -963.700       0.056805
    -963.600       0.056775
    -963.500       0.056744
    -963.400       0.056713
    -963.300       0.056681
    -963.200       0.056650
    -963.100       0.056618
    -963.000       0.056586
    -962.900       0.056553
    -962.800       0.056521
    -962.700       0.056489
    -962.600       0.056457
    -962.500       0.056424
    -962.400       0.056392
    -962.300       0.056360
    -962.200       0.056328
    -962.100       0.056295
    -962.000       0.056263
    -961.900       0.056231
    -961.800       0.056199
    -961.700       0.056167
    -961.600       0.056134
    -961.500       0.056100
    -961.400       0.056064
    -961.300       0.056028
    -961.200       0.055989
    -961.100       0.055948
    -961.000       0.055906
    -960.900       0.055860
    -960.800       0.055813
    -960.700       0.055765
    -960.600       0.055715
    -960.500       0.055666
    -960.400       0.055616
    -960.300       0.055568
    -960.200       0.055521
    -960.100       0.055477
    -960.000       0.055435
    -959.900       0.055397
    -959.800       0.055361
    -959.700       0.055327
    -959.600       0.055294
    -959.500       0.055261
    -959.400       0.055228
    -959.300       0.055195
    -959.200       0.055159
    -959.100       0.055121
    -959.000       0.055079
    -958.900       0.055034
    -958.800       0.054986
    -958.700       0.054934
    -958.600       0.054880
    -958.500       0.054824
    -958.400       0.054767
    -958.300       0.054709
    -958.200       0.054651
    -958.100       0.054593
    -958.000       0.054536
    -957.900       0.054480
    -957.800       0.054425
    -957.700       0.054371
    -957.600       0.054318
    -957.500       0.054267
    -957.400       0.054216
    -957.300       0.054166
    -957.200       0.054117
    -957.100       0.054068
    -957.000       0.054020
    -956.900       0.053972
    -956.800       0.053925
    -956.700       0.053878
    -956.600       0.053830
    -956.500       0.053782
    -956.400       0.053732
    -956.300       0.053682
    -956.200       0.053631
    -956.100       0.053577
    -956.000       0.053522
    -955.900       0.053465
    -955.800       0.053406
    -955.700       0.053346
    -955.600       0.053284
    -955.500       0.053221
    -955.400       0.053158
    -955.300       0.053094
    -955.200       0.053030
    -955.100       0.052966
    -955.000       0.052903
    -954.900       0.052840
    -954.800       0.052778
    -954.700       0.052716
    -954.600       0.052655
    -954.500       0.052595
    -954.400       0.052534
    -954.300       0.052474
    -954.200       0.052415
    -954.100       0.052355
    -954.000       0.052295
    -953.900       0.052235
    -953.800       0.052176
    -953.700       0.052115
    -953.600       0.052055
    -953.500       0.051994
    -953.400       0.051932
    -953.300       0.051870
    -953.200       0.051806
    -953.100       0.051742
    -953.000       0.051677
    -952.900       0.051611
    -952.800       0.051544
    -952.700       0.051476
    -952.600       0.051408
    -952.500       0.051339
    -952.400       0.051269
    -952.300       0.051200
    -952.200       0.051130
    -952.100       0.051060
    -952.000       0.050991
    -951.900       0.050922
    -951.800       0.050853
    -951.700       0.050785
    -951.600       0.050716
    -951.500       0.050647
    -951.400       0.050578
    -951.300       0.050508
    -951.200       0.050438
    -951.100       0.050367
    -951.000       0.050295
    -950.900       0.050222
    -950.800       0.050148
    -950.700       0.050074
    -950.600       0.049998
    -950.500       0.049923
    -950.400       0.049847
    -950.300       0.049770
    -950.200       0.049694
    -950.100       0.049618
    -950.000       0.049542
    -949.900       0.049466
    -949.800       0.049390
    -949.700       0.049315
    -949.600       0.049240
    -949.500       0.049166
    -949.400       0.049091
    -949.300       0.049017
    -949.200       0.048943
    -949.100       0.048869
    -949.000       0.048796
    -948.900       0.048722
    -948.800       0.048649
    -948.700       0.048575
    -948.600       0.048500
    -948.500       0.048424
    -948.400       0.048347
    -948.300       0.048269
    -948.200       0.048189
    -948.100       0.048107
    -948.000       0.048022
    -947.900       0.047935
    -947.800       0.047846
    -947.700       0.047756
    -947.600       0.047664
    -947.500       0.047573
    -947.400       0.047481
    -947.300       0.047391
    -947.200       0.047302
    -947.100       0.047215
    -947.000       0.047131
    -946.900       0.047049
    -946.800       0.046970
    -946.700       0.046894
    -946.600       0.046818
    -946.500       0.046743
    -946.400       0.046669
    -946.300       0.046594
    -946.200       0.046518
    -946.100       0.046440
    -946.000       0.046360
    -945.900       0.046277
    -945.800       0.046192
    -945.700       0.046104
    -945.600       0.046015
    -945.500       0.045924
    -945.400       0.045832
    -945.300       0.045739
    -945.200       0.045645
    -945.100       0.045551
    -945.000       0.045457
    -944.900       0.045364
    -944.800       0.045270
    -944.700       0.045178
    -944.600       0.045086
    -944.500       0.044994
    -944.400       0.044903
    -944.300       0.044812
    -944.200       0.044723
    -944.100       0.044633
    -944.000       0.044545
    -943.900       0.044457
    -943.800       0.044370
    -943.700       0.044283
    -943.600       0.044196
    -943.500       0.044109
    -943.400       0.044022
    -943.300       0.043934
    -943.200       0.043845
    -943.100       0.043755
    -943.000       0.043664
    -942.900       0.043571
    -942.800       0.043478
    -942.700       0.043383
    -942.600       0.043288
    -942.500       0.043192
    -942.400       0.043095
    -942.300       0.042999
    -942.200       0.042903
    -942.100       0.042807
    -942.000       0.042712
    -941.900       0.042618
    -941.800       0.042524
    -941.700       0.042431
    -941.600       0.042338
    -941.500       0.042245
    -941.400       0.042152
    -941.300       0.042058
    -941.200       0.041964
    -941.100       0.041868
    -941.000       0.041772
    -940.900       0.041674
    -940.800       0.041575
    -940.700       0.041475
    -940.600       0.041375
    -940.500       0.041274
    -940.400       0.041172
    -940.300       0.041071
    -940.200       0.040970
    -940.100       0.040870
    -940.000       0.040771
    -939.900       0.040672
    -939.800       0.040574
    -939.700       0.040477
    -939.600       0.040381
    -939.500       0.040285
    -939.400       0.040189
    -939.300       0.040093
    -939.200       0.039996
    -939.100       0.039899
    -939.000       0.039802
    -938.900       0.039704
    -938.800       0.039605
    -938.700       0.039506
    -938.600       0.039406
    -938.500       0.039305
    -938.400       0.039203
    -938.300       0.039101
    -938.200       0.038998
    -938.100       0.038895
    -938.000       0.038790
    -937.900       0.038686
    -937.800       0.038581
    -937.700       0.038475
    -937.600       0.038369
    -937.500       0.038263
    -937.400       0.038157
    -937.300       0.038051
    -937.200       0.037945
    -937.100       0.037840
    -937.000       0.037734
    -936.900       0.037629
    -936.800       0.037525
    -936.700       0.037421
    -936.600       0.037317
    -936.500       0.037213
    -936.400       0.037110
    -936.300       0.037008
    -936.200       0.036905
    -936.100       0.036803
    -936.000       0.036701
    -935.900       0.036599
    -935.800       0.036497
    -935.700       0.036395
    -935.600       0.036293
    -935.500       0.036190
    -935.400       0.036086
    -935.300       0.035981
    -935.200       0.035875
    -935.100       0.035768
    -935.000       0.035658
    -934.900       0.035547
    -934.800       0.035434
    -934.700       0.035320
    -934.600       0.035206
    -934.500       0.035091
    -934.400       0.034976
    -934.300       0.034861
    -934.200       0.034746
    -934.100       0.034633
    -934.000       0.034522
    -933.900       0.034412
    -933.800       0.034303
    -933.700       0.034196
    -933.600       0.034089
    -933.500       0.033983
    -933.400       0.033878
    -933.300       0.033773
    -933.200       0.033667
    -933.100       0.033561
    -933.000       0.033454
    -932.900       0.033346
    -932.800       0.033237
    -932.700       0.033127
    -932.600       0.033016
    -932.500       0.032904
    -932.400       0.032791
    -932.300       0.032678
    -932.200       0.032564
    -932.100       0.032449
    -932.000       0.032334
    -931.900       0.032218
    -931.800       0.032102
    -931.700       0.031986
    -931.600       0.031869
    -931.500       0.031753
    -931.400       0.031636
    -931.300       0.031520
    -931.200       0.031404
    -931.100       0.031289
    -931.000       0.031174
    -930.900       0.031059
    -930.800       0.030945
    -930.700       0.030832
    -930.600       0.030718
    -930.500       0.030604
    -930.400       0.030490
    -930.300       0.030376
    -930.200       0.030261
    -930.100       0.030145
    -930.000       0.030028
    -929.900       0.029910
    -929.800       0.029790
    -929.700       0.029671
    -929.600       0.029550
    -929.500       0.029430
    -929.400       0.029310
    -929.300       0.029190
    -929.200       0.029070
    -929.100       0.028952
    -929.000       0.028835
    -928.900       0.028719
    -928.800       0.028605
    -928.700       0.028491
    -928.600       0.028377
    -928.500       0.028264
    -928.400       0.028150
    -928.300       0.028035
    -928.200       0.027918
    -928.100       0.027800
    -928.000       0.027680
    -927.900       0.027558
    -927.800       0.027433
    -927.700       0.027307
    -927.600       0.027179
    -927.500       0.027051
    -927.400       0.026922
    -927.300       0.026793
    -927.200       0.026665
    -927.100       0.026537
    -927.000       0.026411
    -926.900       0.026286
    -926.800       0.026162
    -926.700       0.026040
    -926.600       0.025919
    -926.500       0.025798
    -926.400       0.025678
    -926.300       0.025559
    -926.200       0.025440
    -926.100       0.025321
    -926.000       0.025202
    -925.900       0.025083
    -925.800       0.024963
    -925.700       0.024843
    -925.600       0.024722
    -925.500       0.024601
    -925.400       0.024479
    -925.300       0.024356
    -925.200       0.024232
    -925.100       0.024108
    -925.000       0.023983
    -924.900       0.023856
    -924.800       0.023729
    -924.700       0.023600
    -924.600       0.023472
    -924.500       0.023342
    -924.400       0.023212
    -924.300       0.023082
    -924.200       0.022952
    -924.100       0.022822
    -924.000       0.022691
    -923.900       0.022561
    -923.800       0.022432
    -923.700       0.022303
    -923.600       0.022174
    -923.500       0.022047
    -923.400       0.021920
    -923.300       0.021794
    -923.200       0.021670
    -923.100       0.021547
    -923.000       0.021426
    -922.900       0.021306
    -922.800       0.021187
    -922.700       0.021070
    -922.600       0.020952
    -922.500       0.020835
    -922.400       0.020716
    -922.300       0.020597
    -922.200       0.020476
    -922.100       0.020353
    -922.000       0.020228
    -921.900       0.020100
    -921.800       0.019970
    -921.700       0.019838
    -921.600       0.019704
    -921.500       0.019570
    -921.400       0.019436
    -921.300       0.019302
    -921.200       0.019169
    -921.100       0.019037
    -921.000       0.018908
    -920.900       0.018781
    -920.800       0.018657
    -920.700       0.018534
    -920.600       0.018413
    -920.500       0.018294
    -920.400       0.018175
    -920.300       0.018056
    -920.200       0.017938
    -920.100       0.017820
    -920.000       0.017701
    -919.900       0.017581
    -919.800       0.017460
    -919.700       0.017339
    -919.600       0.017217
    -919.500       0.017095
    -919.400       0.016972
    -919.300       0.016850
    -919.200       0.016727
    -919.100       0.016604
    -919.000       0.016481
    -918.900       0.016359
    -918.800       0.016237
    -918.700       0.016115
    -918.600       0.015994
    -918.500       0.015873
    -918.400       0.015752
    -918.300       0.015632
    -918.200       0.015512
    -918.100       0.015393
    -918.000       0.015275
    -917.900       0.015157
    -917.800       0.015039
    -917.700       0.014923
    -917.600       0.014806
    -917.500       0.014691
    -917.400       0.014575
    -917.300       0.014461
    -917.200       0.014347
    -917.100       0.014234
    -917.000       0.014121
    -916.900       0.014009
    -916.800       0.013897
    -916.700       0.013786
    -916.600       0.013676
    -916.500       0.013566
    -916.400       0.013456
    -916.300       0.013347
    -916.200       0.013238
    -916.100       0.013129
    -916.000       0.013020
    -915.900       0.012912
    -915.800       0.012804
    -915.700       0.012697
    -915.600       0.012590
    -915.500       0.012485
    -915.400       0.012380
    -915.300       0.012278
    -915.200       0.012176
    -915.100       0.012077
    -915.000       0.011980
    -914.900       0.011885
    -914.800       0.011792
    -914.700       0.011700
    -914.600       0.011610
    -914.500       0.011520
    -914.400       0.011431
    -914.300       0.011341
    -914.200       0.011252
    -914.100       0.011161
    -914.000       0.011070
    -913.900       0.010977
    -913.800       0.010883
    -913.700       0.010789
    -913.600       0.010695
    -913.500       0.010603
    -913.400       0.010513
    -913.300       0.010426
    -913.200       0.010341
    -913.100       0.010261
    -913.000       0.010186
    -912.900       0.010116
    -912.800       0.010050
    -912.700       0.009989
    -912.600       0.009930
    -912.500       0.009875
    -912.400       0.009821
    -912.300       0.009769
    -912.200       0.009717
    -912.100       0.009665
    -912.000       0.009612
    -911.900       0.009558
    -911.800       0.009503
    -911.700       0.009448
    -911.600       0.009392
    -911.500       0.009337
    -911.400       0.009283
    -911.300       0.009231
    -911.200       0.009181
    -911.100       0.009134
    -911.000       0.009090
    -910.900       0.009050
    -910.800       0.009013
    -910.700       0.008980
    -910.600       0.008951
    -910.500       0.008925
    -910.400       0.008903
    -910.300       0.008884
    -910.200       0.008869
    -910.100       0.008857
    -910.000       0.008848
    -909.900       0.008843
    -909.800       0.008840
    -909.700       0.008840
    -909.600       0.008842
    -909.500       0.008847
    -909.400       0.008854
    -909.300       0.008863
    -909.200       0.008873
    -909.100       0.008884
    -909.000       0.008896
    -908.900       0.008909
    -908.800       0.008924
    -908.700       0.008939
    -908.600       0.008956
    -908.500       0.008974
    -908.400       0.008995
    -908.300       0.009018
    -908.200       0.009043
    -908.100       0.009070
    -908.000       0.009101
    -907.900       0.009134
    -907.800       0.009170
    -907.700       0.009210
    -907.600       0.009252
    -907.500       0.009297
    -907.400       0.009345
    -907.300       0.009396
    -907.200       0.009449
    -907.100       0.009505
    -907.000       0.009564
    -906.900       0.009625
    -906.800       0.009689
    -906.700       0.009755
    -906.600       0.009822
    -906.500       0.009892
    -906.400       0.009962
    -906.300       0.010034
    -906.200       0.010107
    -906.100       0.010181
    -906.000       0.010255
    -905.900       0.010330
    -905.800       0.010405
    -905.700       0.010481
    -905.600       0.010557
    -905.500       0.010634
    -905.400       0.010712
    -905.300       0.010790
    -905.200       0.010870
    -905.100       0.010950
    -905.000       0.011032
    -904.900       0.011115
    -904.800       0.011199
    -904.700       0.011285
    -904.600       0.011372
    -904.500       0.011461
    -904.400       0.011552
    -904.300       0.011645
    -904.200       0.011739
    -904.100       0.011836
    -904.000       0.011935
    -903.900       0.012037
    -903.800       0.012140
    -903.700       0.012245
    -903.600       0.012351
    -903.500       0.012458
    -903.400       0.012566
    -903.300       0.012673
    -903.200       0.012780
    -903.100       0.012887
    -903.000       0.012992
    -902.900       0.013096
    -902.800       0.013199
    -902.700       0.013301
    -902.600       0.013402
    -902.500       0.013504
    -902.400       0.013605
    -902.300       0.013707
    -902.200       0.013809
    -902.100       0.013912
    -902.000       0.014017
    -901.900       0.014124
    -901.800       0.014232
    -901.700       0.014341
    -901.600       0.014451
    -901.500       0.014563
    -901.400       0.014675
    -901.300       0.014788
    -901.200       0.014901
    -901.100       0.015015
    -901.000       0.015129
    -900.900       0.015243
    -900.800       0.015356
    -900.700       0.015470
    -900.600       0.015584
    -900.500       0.015698
    -900.400       0.015812
    -900.300       0.015926
    -900.200       0.016040
    -900.100       0.016154
    -900.000       0.016269
    -899.900       0.016383
    -899.800       0.016497
    -899.700       0.016611
    -899.600       0.016726
    -899.500       0.016841
    -899.400       0.016955
    -899.300       0.017070
    -899.200       0.017185
    -899.100       0.017300
    -899.000       0.017416
    -898.900       0.017531
    -898.800       0.017647
    -898.700       0.017762
    -898.600       0.017878
    -898.500       0.017993
    -898.400       0.018108
    -898.300       0.018223
    -898.200       0.018337
    -898.100       0.018451
    -898.000       0.018565
    -897.900       0.018677
    -897.800       0.018789
    -897.700       0.018901
    -897.600       0.019013
    -897.500       0.019125
    -897.400       0.019237
    -897.300       0.019349
    -897.200       0.019462
    -897.100       0.019575
    -897.000       0.019690
    -896.900       0.019805
    -896.800       0.019922
    -896.700       0.020039
    -896.600       0.020157
    -896.500       0.020275
    -896.400       0.020393
    -896.300       0.020511
    -896.200       0.020630
    -896.100       0.020748
    -896.000       0.020865
    -895.900       0.020982
    -895.800       0.021098
    -895.700       0.021214
    -895.600       0.021328
    -895.500       0.021442
    -895.400       0.021555
    -895.300       0.021667
    -895.200       0.021778
    -895.100       0.021887
    -895.000       0.021996
    -894.900       0.022103
    -894.800       0.022209
    -894.700       0.022314
    -894.600       0.022420
    -894.500       0.022525
    -894.400       0.022631
    -894.300       0.022737
    -894.200       0.022845
    -894.100       0.022954
    -894.000       0.023065
    -893.900       0.023178
    -893.800       0.023292
    -893.700       0.023408
    -893.600       0.023525
    -893.500       0.023643
    -893.400       0.023760
    -893.300       0.023878
    -893.200       0.023995
    -893.100       0.024111
    -893.000       0.024225
    -892.900       0.024338
    -892.800       0.024449
    -892.700       0.024559
    -892.600       0.024667
    -892.500       0.024774
    -892.400       0.024880
    -892.300       0.024984
    -892.200       0.025087
    -892.100       0.025190
    -892.000       0.025291
    -891.900       0.025391
    -891.800       0.025491
    -891.700       0.025591
    -891.600       0.025691
    -891.500       0.025792
    -891.400       0.025893
    -891.300       0.025996
    -891.200       0.026100
    -891.100       0.026205
    -891.000       0.026313
    -890.900       0.026423
    -890.800       0.026535
    -890.700       0.026649
    -890.600       0.026762
    -890.500       0.026876
    -890.400       0.026989
    -890.300       0.027100
    -890.200       0.027210
    -890.100       0.027317
    -890.000       0.027420
    -889.900       0.027520
    -889.800       0.027617
    -889.700       0.027711
    -889.600       0.027804
    -889.500       0.027895
    -889.400       0.027986
    -889.300       0.028077
    -889.200       0.028169
    -889.100       0.028263
    -889.000       0.028360
    -888.900       0.028459
    -888.800       0.028561
    -888.700       0.028665
    -888.600       0.028770
    -888.500       0.028875
    -888.400       0.028981
    -888.300       0.029086
    -888.200       0.029190
    -888.100       0.029292
    -888.000       0.029391
    -887.900       0.029487
    -887.800       0.029581
    -887.700       0.029672
    -887.600       0.029762
    -887.500       0.029850
    -887.400       0.029938
    -887.300       0.030024
    -887.200       0.030111
    -887.100       0.030199
    -887.000       0.030287
    -886.900       0.030377
    -886.800       0.030467
    -886.700       0.030559
    -886.600       0.030651
    -886.500       0.030744
    -886.400       0.030838
    -886.300       0.030931
    -886.200       0.031024
    -886.100       0.031117
    -886.000       0.031210
    -885.900       0.031301
    -885.800       0.031392
    -885.700       0.031483
    -885.600       0.031572
    -885.500       0.031659
    -885.400       0.031746
    -885.300       0.031832
    -885.200       0.031916
    -885.100       0.031998
    -885.000       0.032079
    -884.900       0.032158
    -884.800       0.032236
    -884.700       0.032312
    -884.600       0.032388
    -884.500       0.032463
    -884.400       0.032538
    -884.300       0.032613
    -884.200       0.032689
    -884.100       0.032765
    -884.000       0.032841
    -883.900       0.032919
    -883.800       0.032998
    -883.700       0.033078
    -883.600       0.033159
    -883.500       0.033239
    -883.400       0.033321
    -883.300       0.033402
    -883.200       0.033483
    -883.100       0.033563
    -883.000       0.033643
    -882.900       0.033723
    -882.800       0.033801
    -882.700       0.033878
    -882.600       0.033955
    -882.500       0.034029
    -882.400       0.034103
    -882.300       0.034174
    -882.200       0.034244
    -882.100       0.034312
    -882.000       0.034378
    -881.900       0.034442
    -881.800       0.034503
    -881.700       0.034564
    -881.600       0.034623
    -881.500       0.034682
    -881.400       0.034740
    -881.300       0.034799
    -881.200       0.034858
    -881.100       0.034919
    -881.000       0.034980
    -880.900       0.035044
    -880.800       0.035109
    -880.700       0.035175
    -880.600       0.035242
    -880.500       0.035309
    -880.400       0.035377
    -880.300       0.035444
    -880.200       0.035510
    -880.100       0.035575
    -880.000       0.035639
    -879.900       0.035701
    -879.800       0.035762
    -879.700       0.035820
    -879.600       0.035878
    -879.500       0.035934
    -879.400       0.035989
    -879.300       0.036043
    -879.200       0.036097
    -879.100       0.036149
    -879.000       0.036201
    -878.900       0.036252
    -878.800       0.036303
    -878.700       0.036353
    -878.600       0.036403
    -878.500       0.036453
    -878.400       0.036502
    -878.300       0.036551
    -878.200       0.036599
    -878.100       0.036647
    -878.000       0.036695
    -877.900       0.036743
    -877.800       0.036790
    -877.700       0.036837
    -877.600       0.036884
    -877.500       0.036930
    -877.400       0.036976
    -877.300       0.037021
    -877.200       0.037066
    -877.100       0.037110
    -877.000       0.037154
    -876.900       0.037197
    -876.800       0.037240
    -876.700       0.037282
    -876.600       0.037324
    -876.500       0.037365
    -876.400       0.037406
    -876.300       0.037447
    -876.200       0.037488
    -876.100       0.037528
    -876.000       0.037569
    -875.900       0.037609
    -875.800       0.037650
    -875.700       0.037690
    -875.600       0.037729
    -875.500       0.037768
    -875.400       0.037806
    -875.300       0.037844
    -875.200       0.037880
    -875.100       0.037916
    -875.000       0.037950
    -874.900       0.037982
    -874.800       0.038014
    -874.700       0.038044
    -874.600       0.038074
    -874.500       0.038102
    -874.400       0.038130
    -874.300       0.038158
    -874.200       0.038186
    -874.100       0.038213
    -874.000       0.038241
    -873.900       0.038269
    -873.800       0.038297
    -873.700       0.038325
    -873.600       0.038354
    -873.500       0.038382
    -873.400       0.038411
    -873.300       0.038439
    -873.200       0.038467
    -873.100       0.038495
    -873.000       0.038523
    -872.900       0.038550
    -872.800       0.038577
    -872.700       0.038604
    -872.600       0.038630
    -872.500       0.038655
    -872.400       0.038680
    -872.300       0.038704
    -872.200       0.038727
    -872.100       0.038750
    -872.000       0.038772
    -871.900       0.038793
    -871.800       0.038813
    -871.700       0.038832
    -871.600       0.038851
    -871.500       0.038868
    -871.400       0.038884
    -871.300       0.038899
    -871.200       0.038914
    -871.100       0.038927
    -871.000       0.038939
    -870.900       0.038950
    -870.800       0.038960
    -870.700       0.038969
    -870.600       0.038978
    -870.500       0.038988
    -870.400       0.038997
    -870.300       0.039008
    -870.200       0.039019
    -870.100       0.039032
    -870.000       0.039046
    -869.900       0.039061
    -869.800       0.039078
    -869.700       0.039096
    -869.600       0.039114
    -869.500       0.039132
    -869.400       0.039149
    -869.300       0.039164
    -869.200       0.039178
    -869.100       0.039189
    -869.000       0.039197
    -868.900       0.039201
    -868.800       0.039203
    -868.700       0.039202
    -868.600       0.039200
    -868.500       0.039195
    -868.400       0.039190
    -868.300       0.039185
    -868.200       0.039180
    -868.100       0.039176
    -868.000       0.039173
    -867.900       0.039172
    -867.800       0.039173
    -867.700       0.039174
    -867.600       0.039177
    -867.500       0.039180
    -867.400       0.039183
    -867.300       0.039186
    -867.200       0.039189
    -867.100       0.039190
    -867.000       0.039191
    -866.900       0.039190
    -866.800       0.039187
    -866.700       0.039184
    -866.600       0.039179
    -866.500       0.039174
    -866.400       0.039167
    -866.300       0.039160
    -866.200       0.039152
    -866.100       0.039145
    -866.000       0.039136
    -865.900       0.039128
    -865.800       0.039120
    -865.700       0.039111
    -865.600       0.039103
    -865.500       0.039093
    -865.400       0.039084
    -865.300       0.039074
    -865.200       0.039063
    -865.100       0.039052
    -865.000       0.039040
    -864.900       0.039028
    -864.800       0.039014
    -864.700       0.039000
    -864.600       0.038985
    -864.500       0.038970
    -864.400       0.038953
    -864.300       0.038936
    -864.200       0.038918
    -864.100       0.038899
    -864.000       0.038879
    -863.900       0.038859
    -863.800       0.038838
    -863.700       0.038817
    -863.600       0.038795
    -863.500       0.038773
    -863.400       0.038751
    -863.300       0.038729
    -863.200       0.038708
    -863.100       0.038687
    -863.000       0.038667
    -862.900       0.038648
    -862.800       0.038629
    -862.700       0.038611
    -862.600       0.038593
    -862.500       0.038574
    -862.400       0.038555
    -862.300       0.038535
    -862.200       0.038513
    -862.100       0.038491
    -862.000       0.038466
    -861.900       0.038440
    -861.800       0.038411
    -861.700       0.038381
    -861.600       0.038350
    -861.500       0.038318
    -861.400       0.038284
    -861.300       0.038250
    -861.200       0.038215
    -861.100       0.038180
    -861.000       0.038145
    -860.900       0.038110
    -860.800       0.038075
    -860.700       0.038040
    -860.600       0.038006
    -860.500       0.037971
    -860.400       0.037937
    -860.300       0.037903
    -860.200       0.037870
    -860.100       0.037836
    -860.000       0.037803
    -859.900       0.037770
    -859.800       0.037738
    -859.700       0.037705
    -859.600       0.037672
    -859.500       0.037639
    -859.400       0.037605
    -859.300       0.037571
    -859.200       0.037536
    -859.100       0.037500
    -859.000       0.037463
    -858.900       0.037425
    -858.800       0.037386
    -858.700       0.037345
    -858.600       0.037304
    -858.500       0.037262
    -858.400       0.037219
    -858.300       0.037175
    -858.200       0.037131
    -858.100       0.037086
    -858.000       0.037041
    -857.900       0.036995
    -857.800       0.036949
    -857.700       0.036902
    -857.600       0.036856
    -857.500       0.036809
    -857.400       0.036762
    -857.300       0.036716
    -857.200       0.036670
    -857.100       0.036624
    -857.000       0.036579
    -856.900       0.036534
    -856.800       0.036490
    -856.700       0.036446
    -856.600       0.036402
    -856.500       0.036358
    -856.400       0.036314
    -856.300       0.036269
    -856.200       0.036224
    -856.100       0.036178
    -856.000       0.036131
    -855.900       0.036082
    -855.800       0.036033
    -855.700       0.035983
    -855.600       0.035933
    -855.500       0.035882
    -855.400       0.035830
    -855.300       0.035778
    -855.200       0.035726
    -855.100       0.035674
    -855.000       0.035623
    -854.900       0.035571
    -854.800       0.035520
    -854.700       0.035469
    -854.600       0.035418
    -854.500       0.035367
    -854.400       0.035315
    -854.300       0.035263
    -854.200       0.035211
    -854.100       0.035158
    -854.000       0.035104
    -853.900       0.035050
    -853.800       0.034994
    -853.700       0.034938
    -853.600       0.034882
    -853.500       0.034825
    -853.400       0.034767
    -853.300       0.034709
    -853.200       0.034651
    -853.100       0.034593
    -853.000       0.034534
    -852.900       0.034476
    -852.800       0.034417
    -852.700       0.034359
    -852.600       0.034301
    -852.500       0.034244
    -852.400       0.034187
    -852.300       0.034131
    -852.200       0.034076
    -852.100       0.034022
    -852.000       0.033969
    -851.900       0.033917
    -851.800       0.033866
    -851.700       0.033815
    -851.600       0.033763
    -851.500       0.033711
    -851.400       0.033658
    -851.300       0.033603
    -851.200       0.033546
    -851.100       0.033486
    -851.000       0.033422
    -850.900       0.033355
    -850.800       0.033285
    -850.700       0.033213
    -850.600       0.033140
    -850.500       0.033065
    -850.400       0.032991
    -850.300       0.032918
    -850.200       0.032846
    -850.100       0.032777
    -850.000       0.032711
    -849.900       0.032649
    -849.800       0.032590
    -849.700       0.032534
    -849.600       0.032479
    -849.500       0.032426
    -849.400       0.032374
    -849.300       0.032321
    -849.200       0.032267
    -849.100       0.032212
    -849.000       0.032155
    -848.900       0.032095
    -848.800       0.032032
    -848.700       0.031967
    -848.600       0.031900
    -848.500       0.031831
    -848.400       0.031761
    -848.300       0.031689
    -848.200       0.031617
    -848.100       0.031544
    -848.000       0.031471
    -847.900       0.031398
    -847.800       0.031325
    -847.700       0.031252
    -847.600       0.031180
    -847.500       0.031108
    -847.400       0.031036
    -847.300       0.030966
    -847.200       0.030896
    -847.100       0.030827
    -847.000       0.030760
    -846.900       0.030693
    -846.800       0.030627
    -846.700       0.030562
    -846.600       0.030497
    -846.500       0.030433
    -846.400       0.030368
    -846.300       0.030303
    -846.200       0.030237
    -846.100       0.030170
    -846.000       0.030102
    -845.900       0.030033
    -845.800       0.029962
    -845.700       0.029891
    -845.600       0.029818
    -845.500       0.029745
    -845.400       0.029670
    -845.300       0.029596
    -845.200       0.029521
    -845.100       0.029446
    -845.000       0.029371
    -844.900       0.029297
    -844.800       0.029222
    -844.700       0.029148
    -844.600       0.029074
    -844.500       0.029000
    -844.400       0.028927
    -844.300       0.028853
    -844.200       0.028780
    -844.100       0.028707
    -844.000       0.028634
    -843.900       0.028562
    -843.800       0.028489
    -843.700       0.028417
    -843.600       0.028344
    -843.500       0.028271
    -843.400       0.028197
    -843.300       0.028123
    -843.200       0.028049
    -843.100       0.027973
    -843.000       0.027896
    -842.900       0.027818
    -842.800       0.027740
    -842.700       0.027660
    -842.600       0.027581
    -842.500       0.027501
    -842.400       0.027422
    -842.300       0.027343
    -842.200       0.027265
    -842.100       0.027189
    -842.000       0.027113
    -841.900       0.027040
    -841.800       0.026967
    -841.700       0.026896
    -841.600       0.026825
    -841.500       0.026754
    -841.400       0.026682
    -841.300       0.026610
    -841.200       0.026537
    -841.100       0.026463
    -841.000       0.026386
    -840.900       0.026307
    -840.800       0.026226
    -840.700       0.026144
    -840.600       0.026060
    -840.500       0.025976
    -840.400       0.025890
    -840.300       0.025805
    -840.200       0.025720
    -840.100       0.025635
    -840.000       0.025552
    -839.900       0.025469
    -839.800       0.025388
    -839.700       0.025308
    -839.600       0.025229
    -839.500       0.025151
    -839.400       0.025074
    -839.300       0.024998
    -839.200       0.024923
    -839.100       0.024848
    -839.000       0.024774
    -838.900       0.024701
    -838.800       0.024628
    -838.700       0.024555
    -838.600       0.024482
    -838.500       0.024408
    -838.400       0.024334
    -838.300       0.024259
    -838.200       0.024182
    -838.100       0.024103
    -838.000       0.024023
    -837.900       0.023940
    -837.800       0.023856
    -837.700       0.023771
    -837.600       0.023685
    -837.500       0.023598
    -837.400       0.023512
    -837.300       0.023426
    -837.200       0.023341
    -837.100       0.023259
    -837.000       0.023178
    -836.900       0.023100
    -836.800       0.023023
    -836.700       0.022949
    -836.600       0.022876
    -836.500       0.022804
    -836.400       0.022732
    -836.300       0.022660
    -836.200       0.022588
    -836.100       0.022515
    -836.000       0.022441
    -835.900       0.022365
    -835.800       0.022287
    -835.700       0.022209
    -835.600       0.022129
    -835.500       0.022050
    -835.400       0.021970
    -835.300       0.021891
    -835.200       0.021812
    -835.100       0.021734
    -835.000       0.021657
    -834.900       0.021582
    -834.800       0.021508
    -834.700       0.021435
    -834.600       0.021363
    -834.500       0.021291
    -834.400       0.021220
    -834.300       0.021148
    -834.200       0.021076
    -834.100       0.021004
    -834.000       0.020931
    -833.900       0.020857
    -833.800       0.020781
    -833.700       0.020705
    -833.600       0.020629
    -833.500       0.020552
    -833.400       0.020475
    -833.300       0.020398
    -833.200       0.020321
    -833.100       0.020245
    -833.000       0.020169
    -832.900       0.020094
    -832.800       0.020019
    -832.700       0.019946
    -832.600       0.019873
    -832.500       0.019801
    -832.400       0.019729
    -832.300       0.019659
    -832.200       0.019589
    -832.100       0.019519
    -832.000       0.019451
    -831.900       0.019383
    -831.800       0.019316
    -831.700       0.019249
    -831.600       0.019182
    -831.500       0.019116
    -831.400       0.019049
    -831.300       0.018983
    -831.200       0.018915
    -831.100       0.018848
    -831.000       0.018780
    -830.900       0.018711
    -830.800       0.018641
    -830.700       0.018570
    -830.600       0.018499
    -830.500       0.018428
    -830.400       0.018356
    -830.300       0.018284
    -830.200       0.018212
    -830.100       0.018140
    -830.000       0.018067
    -829.900       0.017995
    -829.800       0.017923
    -829.700       0.017851
    -829.600       0.017781
    -829.500       0.017711
    -829.400       0.017642
    -829.300       0.017574
    -829.200       0.017509
    -829.100       0.017444
    -829.000       0.017382
    -828.900       0.017322
    -828.800       0.017264
    -828.700       0.017207
    -828.600       0.017150
    -828.500       0.017094
    -828.400       0.017038
    -828.300       0.016981
    -828.200       0.016922
    -828.100       0.016862
    -828.000       0.016799
    -827.900       0.016734
    -827.800       0.016667
    -827.700       0.016598
    -827.600       0.016528
    -827.500       0.016458
    -827.400       0.016387
    -827.300       0.016317
    -827.200       0.016248
    -827.100       0.016181
    -827.000       0.016116
    -826.900       0.016053
    -826.800       0.015993
    -826.700       0.015935
    -826.600       0.015878
    -826.500       0.015823
    -826.400       0.015768
    -826.300       0.015715
    -826.200       0.015661
    -826.100       0.015607
    -826.000       0.015552
    -825.900       0.015497
    -825.800       0.015441
    -825.700       0.015384
    -825.600       0.015326
    -825.500       0.015268
    -825.400       0.015210
    -825.300       0.015152
    -825.200       0.015094
    -825.100       0.015036
    -825.000       0.014979
    -824.900       0.014922
    -824.800       0.014865
    -824.700       0.014809
    -824.600       0.014754
    -824.500       0.014699
    -824.400       0.014646
    -824.300       0.014593
    -824.200       0.014541
    -824.100       0.014491
    -824.000       0.014441
    -823.900       0.014393
    -823.800       0.014346
    -823.700       0.014300
    -823.600       0.014254
    -823.500       0.014208
    -823.400       0.014161
    -823.300       0.014114
    -823.200       0.014066
    -823.100       0.014017
    -823.000       0.013967
    -822.900       0.013914
    -822.800       0.013861
    -822.700       0.013806
    -822.600       0.013752
    -822.500       0.013698
    -822.400       0.013644
    -822.300       0.013592
    -822.200       0.013542
    -822.100       0.013495
    -822.000       0.013450
    -821.900       0.013409
    -821.800       0.013371
    -821.700       0.013336
    -821.600       0.013302
    -821.500       0.013270
    -821.400       0.013239
    -821.300       0.013208
    -821.200       0.013176
    -821.100       0.013144
    -821.000       0.013110
    -820.900       0.013075
    -820.800       0.013038
    -820.700       0.012999
    -820.600       0.012959
    -820.500       0.012919
    -820.400       0.012878
    -820.300       0.012837
    -820.200       0.012795
    -820.100       0.012755
    -820.000       0.012714
    -819.900       0.012675
    -819.800       0.012637
    -819.700       0.012600
    -819.600       0.012564
    -819.500       0.012529
    -819.400       0.012496
    -819.300       0.012465
    -819.200       0.012435
    -819.100       0.012408
    -819.000       0.012382
    -818.900       0.012358
    -818.800       0.012336
    -818.700       0.012316
    -818.600       0.012297
    -818.500       0.012279
    -818.400       0.012261
    -818.300       0.012244
    -818.200       0.012226
    -818.100       0.012208
    -818.000       0.012190
    -817.900       0.012171
    -817.800       0.012151
    -817.700       0.012130
    -817.600       0.012109
    -817.500       0.012089
    -817.400       0.012068
    -817.300       0.012048
    -817.200       0.012029
    -817.100       0.012010
    -817.000       0.011993
    -816.900       0.011977
    -816.800       0.011963
    -816.700       0.011949
    -816.600       0.011937
    -816.500       0.011926
    -816.400       0.011915
    -816.300       0.011906
    -816.200       0.011897
    -816.100       0.011888
    -816.000       0.011880
    -815.900       0.011872
    -815.800       0.011865
    -815.700       0.011858
    -815.600       0.011852
    -815.500       0.011846
    -815.400       0.011841
    -815.300       0.011837
    -815.200       0.011834
    -815.100       0.011832
    -815.000       0.011832
    -814.900       0.011832
    -814.800       0.011834
    -814.700       0.011836
    -814.600       0.011840
    -814.500       0.011844
    -814.400       0.011850
    -814.300       0.011855
    -814.200       0.011861
    -814.100       0.011868
    -814.000       0.011874
    -813.900       0.011881
    -813.800       0.011887
    -813.700       0.011894
    -813.600       0.011901
    -813.500       0.011908
    -813.400       0.011916
    -813.300       0.011923
    -813.200       0.011931
    -813.100       0.011939
    -813.000       0.011948
    -812.900       0.011957
    -812.800       0.011966
    -812.700       0.011976
    -812.600       0.011986
    -812.500       0.011997
    -812.400       0.012009
    -812.300       0.012021
    -812.200       0.012034
    -812.100       0.012048
    -812.000       0.012063
    -811.900       0.012079
    -811.800       0.012096
    -811.700       0.012114
    -811.600       0.012133
    -811.500       0.012152
    -811.400       0.012172
    -811.300       0.012193
    -811.200       0.012215
    -811.100       0.012238
    -811.000       0.012261
    -810.900       0.012285
    -810.800       0.012309
    -810.700       0.012333
    -810.600       0.012358
    -810.500       0.012383
    -810.400       0.012407
    -810.300       0.012432
    -810.200       0.012456
    -810.100       0.012479
    -810.000       0.012502
    -809.900       0.012524
    -809.800       0.012545
    -809.700       0.012566
    -809.600       0.012587
    -809.500       0.012608
    -809.400       0.012629
    -809.300       0.012650
    -809.200       0.012673
    -809.100       0.012697
    -809.000       0.012721
    -808.900       0.012748
    -808.800       0.012775
    -808.700       0.012804
    -808.600       0.012834
    -808.500       0.012864
    -808.400       0.012895
    -808.300       0.012927
    -808.200       0.012959
    -808.100       0.012992
    -808.000       0.013024
    -807.900       0.013057
    -807.800       0.013089
    -807.700       0.013121
    -807.600       0.013153
    -807.500       0.013185
    -807.400       0.013216
    -807.300       0.013248
    -807.200       0.013279
    -807.100       0.013310
    -807.000       0.013340
    -806.900       0.013371
    -806.800       0.013401
    -806.700       0.013431
    -806.600       0.013461
    -806.500       0.013492
    -806.400       0.013523
    -806.300       0.013554
    -806.200       0.013586
    -806.100       0.013619
    -806.000       0.013653
    -805.900       0.013687
    -805.800       0.013723
    -805.700       0.013759
    -805.600       0.013795
    -805.500       0.013831
    -805.400       0.013867
    -805.300       0.013902
    -805.200       0.013937
    -805.100       0.013971
    -805.000       0.014003
    -804.900       0.014034
    -804.800       0.014064
    -804.700       0.014093
    -804.600       0.014122
    -804.500       0.014152
    -804.400       0.014183
    -804.300       0.014214
    -804.200       0.014248
    -804.100       0.014284
    -804.000       0.014323
    -803.900       0.014365
    -803.800       0.014410
    -803.700       0.014456
    -803.600       0.014504
    -803.500       0.014552
    -803.400       0.014600
    -803.300       0.014647
    -803.200       0.014693
    -803.100       0.014736
    -803.000       0.014776
    -802.900       0.014813
    -802.800       0.014847
    -802.700       0.014878
    -802.600       0.014907
    -802.500       0.014935
    -802.400       0.014963
    -802.300       0.014990
    -802.200       0.015018
    -802.100       0.015047
    -802.000       0.015078
    -801.900       0.015112
    -801.800       0.015147
    -801.700       0.015185
    -801.600       0.015224
    -801.500       0.015265
    -801.400       0.015308
    -801.300       0.015351
    -801.200       0.015396
    -801.100       0.015441
    -801.000       0.015486
    -800.900       0.015532
    -800.800       0.015578
    -800.700       0.015624
    -800.600       0.015669
    -800.500       0.015714
    -800.400       0.015759
    -800.300       0.015802
    -800.200       0.015845
    -800.100       0.015887
    -800.000       0.015927
    -799.900       0.015965
    -799.800       0.016003
    -799.700       0.016039
    -799.600       0.016075
    -799.500       0.016110
    -799.400       0.016145
    -799.300       0.016181
    -799.200       0.016216
    -799.100       0.016252
    -799.000       0.016289
    -798.900       0.016327
    -798.800       0.016366
    -798.700       0.016405
    -798.600       0.016446
    -798.500       0.016487
    -798.400       0.016528
    -798.300       0.016571
    -798.200       0.016613
    -798.100       0.016656
    -798.000       0.016699
    -797.900       0.016742
    -797.800       0.016785
    -797.700       0.016827
    -797.600       0.016870
    -797.500       0.016912
    -797.400       0.016954
    -797.300       0.016995
    -797.200       0.017036
    -797.100       0.017077
    -797.000       0.017116
    -796.900       0.017155
    -796.800       0.017193
    -796.700       0.017231
    -796.600       0.017268
    -796.500       0.017305
    -796.400       0.017342
    -796.300       0.017379
    -796.200       0.017416
    -796.100       0.017453
    -796.000       0.017491
    -795.900       0.017530
    -795.800       0.017569
    -795.700       0.017608
    -795.600       0.017647
    -795.500       0.017686
    -795.400       0.017725
    -795.300       0.017763
    -795.200       0.017801
    -795.100       0.017838
    -795.000       0.017874
    -794.900       0.017909
    -794.800       0.017943
    -794.700       0.017976
    -794.600       0.018009
    -794.500       0.018042
    -794.400       0.018074
    -794.300       0.018107
    -794.200       0.018140
    -794.100       0.018173
    -794.000       0.018208
    -793.900       0.018243
    -793.800       0.018279
    -793.700       0.018316
    -793.600       0.018354
    -793.500       0.018391
    -793.400       0.018429
    -793.300       0.018466
    -793.200       0.018503
    -793.100       0.018540
    -793.000       0.018575
    -792.900       0.018610
    -792.800       0.018643
    -792.700       0.018676
    -792.600       0.018707
    -792.500       0.018738
    -792.400       0.018768
    -792.300       0.018797
    -792.200       0.018825
    -792.100       0.018852
    -792.000       0.018878
    -791.900       0.018903
    -791.800       0.018928
    -791.700       0.018953
    -791.600       0.018977
    -791.500       0.019002
    -791.400       0.019027
    -791.300       0.019052
    -791.200       0.019078
    -791.100       0.019106
    -791.000       0.019134
    -790.900       0.019164
    -790.800       0.019195
    -790.700       0.019227
    -790.600       0.019259
    -790.500       0.019292
    -790.400       0.019324
    -790.300       0.019355
    -790.200       0.019386
    -790.100       0.019415
    -790.000       0.019442
    -789.900       0.019468
    -789.800       0.019492
    -789.700       0.019514
    -789.600       0.019534
    -789.500       0.019554
    -789.400       0.019573
    -789.300       0.019592
    -789.200       0.019610
    -789.100       0.019629
    -789.000       0.019648
    -788.900       0.019667
    -788.800       0.019687
    -788.700       0.019707
    -788.600       0.019727
    -788.500       0.019748
    -788.400       0.019768
    -788.300       0.019788
    -788.200       0.019808
    -788.100       0.019827
    -788.000       0.019846
    -787.900       0.019864
    -787.800       0.019882
    -787.700       0.019899
    -787.600       0.019916
    -787.500       0.019932
    -787.400       0.019949
    -787.300       0.019966
    -787.200       0.019983
    -787.100       0.020000
    -787.000       0.020018
    -786.900       0.020036
    -786.800       0.020055
    -786.700       0.020074
    -786.600       0.020092
    -786.500       0.020111
    -786.400       0.020129
    -786.300       0.020145
    -786.200       0.020161
    -786.100       0.020175
    -786.000       0.020188
    -785.900       0.020198
    -785.800       0.020208
    -785.700       0.020215
    -785.600       0.020222
    -785.500       0.020229
    -785.400       0.020234
    -785.300       0.020240
    -785.200       0.020247
    -785.100       0.020254
    -785.000       0.020261
    -784.900       0.020270
    -784.800       0.020281
    -784.700       0.020291
    -784.600       0.020303
    -784.500       0.020314
    -784.400       0.020326
    -784.300       0.020337
    -784.200       0.020348
    -784.100       0.020358
    -784.000       0.020366
    -783.900       0.020374
    -783.800       0.020380
    -783.700       0.020386
    -783.600       0.020390
    -783.500       0.020395
    -783.400       0.020399
    -783.300       0.020403
    -783.200       0.020408
    -783.100       0.020413
    -783.000       0.020419
    -782.900       0.020426
    -782.800       0.020433
    -782.700       0.020441
    -782.600       0.020449
    -782.500       0.020457
    -782.400       0.020464
    -782.300       0.020471
    -782.200       0.020476
    -782.100       0.020480
    -782.000       0.020483
    -781.900       0.020484
    -781.800       0.020483
    -781.700       0.020480
    -781.600       0.020477
    -781.500       0.020473
    -781.400       0.020468
    -781.300       0.020463
    -781.200       0.020457
    -781.100       0.020453
    -781.000       0.020448
    -780.900       0.020445
    -780.800       0.020442
    -780.700       0.020440
    -780.600       0.020439
    -780.500       0.020438
    -780.400       0.020438
    -780.300       0.020439
    -780.200       0.020440
    -780.100       0.020442
    -780.000       0.020444
    -779.900       0.020446
    -779.800       0.020449
    -779.700       0.020451
    -779.600       0.020453
    -779.500       0.020454
    -779.400       0.020454
    -779.300       0.020452
    -779.200       0.020449
    -779.100       0.020444
    -779.000       0.020436
    -778.900       0.020425
    -778.800       0.020412
    -778.700       0.020398
    -778.600       0.020382
    -778.500       0.020365
    -778.400       0.020348
    -778.300       0.020332
    -778.200       0.020316
    -778.100       0.020301
    -778.000       0.020288
    -777.900       0.020277
    -777.800       0.020268
    -777.700       0.020261
    -777.600       0.020254
    -777.500       0.020248
    -777.400       0.020241
    -777.300       0.020235
    -777.200       0.020228
    -777.100       0.020220
    -777.000       0.020210
    -776.900       0.020198
    -776.800       0.020185
    -776.700       0.020170
    -776.600       0.020154
    -776.500       0.020136
    -776.400       0.020118
    -776.300       0.020100
    -776.200       0.020080
    -776.100       0.020061
    -776.000       0.020041
    -775.900       0.020022
    -775.800       0.020003
    -775.700       0.019984
    -775.600       0.019965
    -775.500       0.019946
    -775.400       0.019927
    -775.300       0.019907
    -775.200       0.019888
    -775.100       0.019868
    -775.000       0.019848
    -774.900       0.019827
    -774.800       0.019806
    -774.700       0.019784
    -774.600       0.019762
    -774.500       0.019738
    -774.400       0.019714
    -774.300       0.019689
    -774.200       0.019664
    -774.100       0.019637
    -774.000       0.019608
    -773.900       0.019579
    -773.800       0.019549
    -773.700       0.019518
    -773.600       0.019487
    -773.500       0.019456
    -773.400       0.019425
    -773.300       0.019394
    -773.200       0.019364
    -773.100       0.019336
    -773.000       0.019309
    -772.900       0.019283
    -772.800       0.019258
    -772.700       0.019235
    -772.600       0.019211
    -772.500       0.019187
    -772.400       0.019163
    -772.300       0.019137
    -772.200       0.019110
    -772.100       0.019081
    -772.000       0.019049
    -771.900       0.019014
    -771.800       0.018977
    -771.700       0.018937
    -771.600       0.018896
    -771.500       0.018853
    -771.400       0.018809
    -771.300       0.018765
    -771.200       0.018720
    -771.100       0.018676
    -771.000       0.018632
    -770.900       0.018590
    -770.800       0.018548
    -770.700       0.018507
    -770.600       0.018468
    -770.500       0.018429
    -770.400       0.018390
    -770.300       0.018353
    -770.200       0.018316
    -770.100       0.018279
    -770.000       0.018243
    -769.900       0.018207
    -769.800       0.018172
    -769.700       0.018136
    -769.600       0.018100
    -769.500       0.018063
    -769.400       0.018025
    -769.300       0.017985
    -769.200       0.017944
    -769.100       0.017902
    -769.000       0.017857
    -768.900       0.017810
    -768.800       0.017761
    -768.700       0.017710
    -768.600       0.017658
    -768.500       0.017604
    -768.400       0.017550
    -768.300       0.017495
    -768.200       0.017440
    -768.100       0.017386
    -768.000       0.017332
    -767.900       0.017278
    -767.800       0.017226
    -767.700       0.017174
    -767.600       0.017123
    -767.500       0.017072
    -767.400       0.017023
    -767.300       0.016974
    -767.200       0.016926
    -767.100       0.016878
    -767.000       0.016832
    -766.900       0.016785
    -766.800       0.016739
    -766.700       0.016693
    -766.600       0.016647
    -766.500       0.016600
    -766.400       0.016552
    -766.300       0.016502
    -766.200       0.016451
    -766.100       0.016398
    -766.000       0.016342
    -765.900       0.016283
    -765.800       0.016223
    -765.700       0.016161
    -765.600       0.016097
    -765.500       0.016033
    -765.400       0.015969
    -765.300       0.015906
    -765.200       0.015843
    -765.100       0.015782
    -765.000       0.015723
    -764.900       0.015666
    -764.800       0.015612
    -764.700       0.015559
    -764.600       0.015507
    -764.500       0.015455
    -764.400       0.015403
    -764.300       0.015351
    -764.200       0.015297
    -764.100       0.015241
    -764.000       0.015183
    -763.900       0.015122
    -763.800       0.015058
    -763.700       0.014993
    -763.600       0.014926
    -763.500       0.014859
    -763.400       0.014791
    -763.300       0.014723
    -763.200       0.014656
    -763.100       0.014590
    -763.000       0.014525
    -762.900       0.014463
    -762.800       0.014403
    -762.700       0.014344
    -762.600       0.014287
    -762.500       0.014230
    -762.400       0.014174
    -762.300       0.014118
    -762.200       0.014061
    -762.100       0.014005
    -762.000       0.013947
    -761.900       0.013888
    -761.800       0.013827
    -761.700       0.013766
    -761.600       0.013703
    -761.500       0.013639
    -761.400       0.013573
    -761.300       0.013506
    -761.200       0.013438
    -761.100       0.013369
    -761.000       0.013299
    -760.900       0.013227
    -760.800       0.013155
    -760.700       0.013082
    -760.600       0.013009
    -760.500       0.012937
    -760.400       0.012865
    -760.300       0.012795
    -760.200       0.012727
    -760.100       0.012660
    -760.000       0.012596
    -759.900       0.012535
    -759.800       0.012476
    -759.700       0.012419
    -759.600       0.012363
    -759.500       0.012307
    -759.400       0.012252
    -759.300       0.012196
    -759.200       0.012138
    -759.100       0.012078
    -759.000       0.012016
    -758.900       0.011951
    -758.800       0.011883
    -758.700       0.011814
    -758.600       0.011742
    -758.500       0.011669
    -758.400       0.011595
    -758.300       0.011521
    -758.200       0.011448
    -758.100       0.011375
    -758.000       0.011303
    -757.900       0.011232
    -757.800       0.011163
    -757.700       0.011095
    -757.600       0.011029
    -757.500       0.010963
    -757.400       0.010898
    -757.300       0.010833
    -757.200       0.010769
    -757.100       0.010705
    -757.000       0.010641
    -756.900       0.010577
    -756.800       0.010513
    -756.700       0.010448
    -756.600       0.010384
    -756.500       0.010319
    -756.400       0.010254
    -756.300       0.010189
    -756.200       0.010124
    -756.100       0.010058
    -756.000       0.009993
    -755.900       0.009928
    -755.800       0.009862
    -755.700       0.009797
    -755.600       0.009732
    -755.500       0.009667
    -755.400       0.009602
    -755.300       0.009538
    -755.200       0.009474
    -755.100       0.009411
    -755.000       0.009348
    -754.900       0.009286
    -754.800       0.009224
    -754.700       0.009163
    -754.600       0.009103
    -754.500       0.009042
    -754.400       0.008981
    -754.300       0.008921
    -754.200       0.008860
    -754.100       0.008799
    -754.000       0.008737
    -753.900       0.008675
    -753.800       0.008613
    -753.700       0.008550
    -753.600       0.008488
    -753.500       0.008425
    -753.400       0.008364
    -753.300       0.008302
    -753.200       0.008242
    -753.100       0.008183
    -753.000       0.008125
    -752.900       0.008068
    -752.800       0.008013
    -752.700       0.007960
    -752.600       0.007907
    -752.500       0.007857
    -752.400       0.007808
    -752.300       0.007761
    -752.200       0.007715
    -752.100       0.007670
    -752.000       0.007628
    -751.900       0.007587
    -751.800       0.007547
    -751.700       0.007508
    -751.600       0.007470
    -751.500       0.007432
    -751.400       0.007394
    -751.300       0.007356
    -751.200       0.007316
    -751.100       0.007276
    -751.000       0.007234
    -750.900       0.007191
    -750.800       0.007146
    -750.700       0.007101
    -750.600       0.007056
    -750.500       0.007012
    -750.400       0.006970
    -750.300       0.006930
    -750.200       0.006894
    -750.100       0.006861
    -750.000       0.006833
    -749.900       0.006809
    -749.800       0.006791
    -749.700       0.006776
    -749.600       0.006765
    -749.500       0.006756
    -749.400       0.006750
    -749.300       0.006744
    -749.200       0.006740
    -749.100       0.006736
    -749.000       0.006731
    -748.900       0.006726
    -748.800       0.006719
    -748.700       0.006713
    -748.600       0.006706
    -748.500       0.006701
    -748.400       0.006696
    -748.300       0.006693
    -748.200       0.006691
    -748.100       0.006692
    -748.000       0.006696
    -747.900       0.006702
    -747.800       0.006712
    -747.700       0.006724
    -747.600       0.006739
    -747.500       0.006757
    -747.400       0.006777
    -747.300       0.006799
    -747.200       0.006824
    -747.100       0.006850
    -747.000       0.006878
    -746.900       0.006908
    -746.800       0.006939
    -746.700       0.006972
    -746.600       0.007005
    -746.500       0.007040
    -746.400       0.007075
    -746.300       0.007111
    -746.200       0.007147
    -746.100       0.007184
    -746.000       0.007220
    -745.900       0.007257
    -745.800       0.007293
    -745.700       0.007331
    -745.600       0.007370
    -745.500       0.007411
    -745.400       0.007454
    -745.300       0.007499
    -745.200       0.007548
    -745.100       0.007601
    -745.000       0.007657
    -744.900       0.007718
    -744.800       0.007783
    -744.700       0.007851
    -744.600       0.007922
    -744.500       0.007993
    -744.400       0.008066
    -744.300       0.008138
    -744.200       0.008209
    -744.100       0.008278
    -744.000       0.008345
    -743.900       0.008409
    -743.800       0.008470
    -743.700       0.008529
    -743.600       0.008587
    -743.500       0.008644
    -743.400       0.008701
    -743.300       0.008760
    -743.200       0.008819
    -743.100       0.008881
    -743.000       0.008946
    -742.900       0.009015
    -742.800       0.009087
    -742.700       0.009161
    -742.600       0.009238
    -742.500       0.009317
    -742.400       0.009398
    -742.300       0.009480
    -742.200       0.009563
    -742.100       0.009646
    -742.000       0.009730
    -741.900       0.009813
    -741.800       0.009895
    -741.700       0.009977
    -741.600       0.010059
    -741.500       0.010141
    -741.400       0.010223
    -741.300       0.010304
    -741.200       0.010385
    -741.100       0.010466
    -741.000       0.010547
    -740.900       0.010627
    -740.800       0.010708
    -740.700       0.010789
    -740.600       0.010870
    -740.500       0.010952
    -740.400       0.011034
    -740.300       0.011117
    -740.200       0.011200
    -740.100       0.011285
    -740.000       0.011370
    -739.900       0.011457
    -739.800       0.011545
    -739.700       0.011633
    -739.600       0.011722
    -739.500       0.011812
    -739.400       0.011901
    -739.300       0.011991
    -739.200       0.012080
    -739.100       0.012168
    -739.000       0.012256
    -738.900       0.012343
    -738.800       0.012429
    -738.700       0.012515
    -738.600       0.012601
    -738.500       0.012686
    -738.400       0.012773
    -738.300       0.012859
    -738.200       0.012947
    -738.100       0.013036
    -738.000       0.013127
    -737.900       0.013219
    -737.800       0.013313
    -737.700       0.013408
    -737.600       0.013504
    -737.500       0.013600
    -737.400       0.013697
    -737.300       0.013793
    -737.200       0.013890
    -737.100       0.013985
    -737.000       0.014079
    -736.900       0.014172
    -736.800       0.014264
    -736.700       0.014355
    -736.600       0.014445
    -736.500       0.014534
    -736.400       0.014623
    -736.300       0.014712
    -736.200       0.014800
    -736.100       0.014888
    -736.000       0.014977
    -735.900       0.015066
    -735.800       0.015155
    -735.700       0.015245
    -735.600       0.015335
    -735.500       0.015426
    -735.400       0.015518
    -735.300       0.015611
    -735.200       0.015704
    -735.100       0.015798
    -735.000       0.015893
    -734.900       0.015989
    -734.800       0.016086
    -734.700       0.016183
    -734.600       0.016281
    -734.500       0.016378
    -734.400       0.016476
    -734.300       0.016573
    -734.200       0.016670
    -734.100       0.016767
    -734.000       0.016862
    -733.900       0.016956
    -733.800       0.017050
    -733.700       0.017142
    -733.600       0.017234
    -733.500       0.017325
    -733.400       0.017416
    -733.300       0.017507
    -733.200       0.017597
    -733.100       0.017688
    -733.000       0.017779
    -732.900       0.017870
    -732.800       0.017961
    -732.700       0.018052
    -732.600       0.018144
    -732.500       0.018236
    -732.400       0.018329
    -732.300       0.018422
    -732.200       0.018515
    -732.100       0.018609
    -732.000       0.018703
    -731.900       0.018797
    -731.800       0.018892
    -731.700       0.018986
    -731.600       0.019081
    -731.500       0.019176
    -731.400       0.019271
    -731.300       0.019366
    -731.200       0.019460
    -731.100       0.019554
    -731.000       0.019648
    -730.900       0.019741
    -730.800       0.019834
    -730.700       0.019926
    -730.600       0.020018
    -730.500       0.020110
    -730.400       0.020202
    -730.300       0.020294
    -730.200       0.020386
    -730.100       0.020478
    -730.000       0.020570
    -729.900       0.020663
    -729.800       0.020756
    -729.700       0.020849
    -729.600       0.020942
    -729.500       0.021035
    -729.400       0.021128
    -729.300       0.021221
    -729.200       0.021313
    -729.100       0.021406
    -729.000       0.021498
    -728.900       0.021589
    -728.800       0.021680
    -728.700       0.021771
    -728.600       0.021862
    -728.500       0.021952
    -728.400       0.022041
    -728.300       0.022130
    -728.200       0.022219
    -728.100       0.022308
    -728.000       0.022396
    -727.900       0.022484
    -727.800       0.022572
    -727.700       0.022659
    -727.600       0.022747
    -727.500       0.022836
    -727.400       0.022925
    -727.300       0.023015
    -727.200       0.023105
    -727.100       0.023197
    -727.000       0.023291
    -726.900       0.023386
    -726.800       0.023482
    -726.700       0.023578
    -726.600       0.023674
    -726.500       0.023770
    -726.400       0.023864
    -726.300       0.023957
    -726.200       0.024048
    -726.100       0.024136
    -726.000       0.024221
    -725.900       0.024302
    -725.800       0.024380
    -725.700       0.024456
    -725.600       0.024530
    -725.500       0.024603
    -725.400       0.024677
    -725.300       0.024751
    -725.200       0.024826
    -725.100       0.024904
    -725.000       0.024985
    -724.900       0.025069
    -724.800       0.025157
    -724.700       0.025246
    -724.600       0.025338
    -724.500       0.025431
    -724.400       0.025525
    -724.300       0.025618
    -724.200       0.025711
    -724.100       0.025802
    -724.000       0.025892
    -723.900       0.025979
    -723.800       0.026063
    -723.700       0.026146
    -723.600       0.026227
    -723.500       0.026305
    -723.400       0.026383
    -723.300       0.026458
    -723.200       0.026533
    -723.100       0.026607
    -723.000       0.026679
    -722.900       0.026752
    -722.800       0.026823
    -722.700       0.026895
    -722.600       0.026967
    -722.500       0.027039
    -722.400       0.027111
    -722.300       0.027184
    -722.200       0.027258
    -722.100       0.027333
    -722.000       0.027409
    -721.900       0.027486
    -721.800       0.027565
    -721.700       0.027644
    -721.600       0.027724
    -721.500       0.027804
    -721.400       0.027884
    -721.300       0.027963
    -721.200       0.028042
    -721.100       0.028119
    -721.000       0.028195
    -720.900       0.028269
    -720.800       0.028342
    -720.700       0.028413
    -720.600       0.028483
    -720.500       0.028552
    -720.400       0.028620
    -720.300       0.028687
    -720.200       0.028755
    -720.100       0.028822
    -720.000       0.028890
    -719.900       0.028958
    -719.800       0.029026
    -719.700       0.029094
    -719.600       0.029163
    -719.500       0.029232
    -719.400       0.029300
    -719.300       0.029369
    -719.200       0.029438
    -719.100       0.029506
    -719.000       0.029574
    -718.900       0.029642
    -718.800       0.029710
    -718.700       0.029777
    -718.600       0.029844
    -718.500       0.029910
    -718.400       0.029975
    -718.300       0.030040
    -718.200       0.030105
    -718.100       0.030168
    -718.000       0.030231
    -717.900       0.030293
    -717.800       0.030354
    -717.700       0.030415
    -717.600       0.030476
    -717.500       0.030537
    -717.400       0.030598
    -717.300       0.030659
    -717.200       0.030721
    -717.100       0.030784
    -717.000       0.030848
    -716.900       0.030913
    -716.800       0.030979
    -716.700       0.031045
    -716.600       0.031112
    -716.500       0.031179
    -716.400       0.031245
    -716.300       0.031310
    -716.200       0.031375
    -716.100       0.031437
    -716.000       0.031499
    -715.900       0.031558
    -715.800       0.031615
    -715.700       0.031670
    -715.600       0.031725
    -715.500       0.031778
    -715.400       0.031830
    -715.300       0.031882
    -715.200       0.031934
    -715.100       0.031986
    -715.000       0.032039
    -714.900       0.032092
    -714.800       0.032145
    -714.700       0.032200
    -714.600       0.032255
    -714.500       0.032311
    -714.400       0.032368
    -714.300       0.032426
    -714.200       0.032485
    -714.100       0.032545
    -714.000       0.032606
    -713.900       0.032667
    -713.800       0.032730
    -713.700       0.032793
    -713.600       0.032855
    -713.500       0.032917
    -713.400       0.032978
    -713.300       0.033038
    -713.200       0.033096
    -713.100       0.033151
    -713.000       0.033204
    -712.900       0.033254
    -712.800       0.033302
    -712.700       0.033347
    -712.600       0.033392
    -712.500       0.033435
    -712.400       0.033478
    -712.300       0.033522
    -712.200       0.033567
    -712.100       0.033613
    -712.000       0.033662
    -711.900       0.033713
    -711.800       0.033766
    -711.700       0.033821
    -711.600       0.033877
    -711.500       0.033934
    -711.400       0.033991
    -711.300       0.034049
    -711.200       0.034105
    -711.100       0.034161
    -711.000       0.034215
    -710.900       0.034266
    -710.800       0.034317
    -710.700       0.034365
    -710.600       0.034413
    -710.500       0.034459
    -710.400       0.034505
    -710.300       0.034550
    -710.200       0.034596
    -710.100       0.034641
    -710.000       0.034687
    -709.900       0.034734
    -709.800       0.034782
    -709.700       0.034830
    -709.600       0.034878
    -709.500       0.034926
    -709.400       0.034975
    -709.300       0.035023
    -709.200       0.035070
    -709.100       0.035117
    -709.000       0.035163
    -708.900       0.035208
    -708.800       0.035252
    -708.700       0.035295
    -708.600       0.035338
    -708.500       0.035380
    -708.400       0.035421
    -708.300       0.035463
    -708.200       0.035504
    -708.100       0.035546
    -708.000       0.035587
    -707.900       0.035629
    -707.800       0.035672
    -707.700       0.035714
    -707.600       0.035756
    -707.500       0.035799
    -707.400       0.035841
    -707.300       0.035884
    -707.200       0.035926
    -707.100       0.035968
    -707.000       0.036010
    -706.900       0.036052
    -706.800       0.036093
    -706.700       0.036134
    -706.600       0.036174
    -706.500       0.036214
    -706.400       0.036254
    -706.300       0.036294
    -706.200       0.036333
    -706.100       0.036371
    -706.000       0.036409
    -705.900       0.036447
    -705.800       0.036484
    -705.700       0.036521
    -705.600       0.036557
    -705.500       0.036592
    -705.400       0.036627
    -705.300       0.036661
    -705.200       0.036694
    -705.100       0.036726
    -705.000       0.036758
    -704.900       0.036788
    -704.800       0.036818
    -704.700       0.036848
    -704.600       0.036877
    -704.500       0.036907
    -704.400       0.036937
    -704.300       0.036968
    -704.200       0.037000
    -704.100       0.037033
    -704.000       0.037067
    -703.900       0.037103
    -703.800       0.037141
    -703.700       0.037179
    -703.600       0.037218
    -703.500       0.037256
    -703.400       0.037294
    -703.300       0.037331
    -703.200       0.037366
    -703.100       0.037400
    -703.000       0.037431
    -702.900       0.037459
    -702.800       0.037484
    -702.700       0.037508
    -702.600       0.037529
    -702.500       0.037550
    -702.400       0.037570
    -702.300       0.037590
    -702.200       0.037609
    -702.100       0.037630
    -702.000       0.037651
    -701.900       0.037674
    -701.800       0.037698
    -701.700       0.037723
    -701.600       0.037750
    -701.500       0.037776
    -701.400       0.037804
    -701.300       0.037831
    -701.200       0.037859
    -701.100       0.037887
    -701.000       0.037914
    -700.900       0.037941
    -700.800       0.037967
    -700.700       0.037992
    -700.600       0.038017
    -700.500       0.038041
    -700.400       0.038065
    -700.300       0.038087
    -700.200       0.038109
    -700.100       0.038130
    -700.000       0.038151
    -699.900       0.038170
    -699.800       0.038188
    -699.700       0.038206
    -699.600       0.038224
    -699.500       0.038241
    -699.400       0.038258
    -699.300       0.038275
    -699.200       0.038292
    -699.100       0.038309
    -699.000       0.038327
    -698.900       0.038345
    -698.800       0.038363
    -698.700       0.038382
    -698.600       0.038401
    -698.500       0.038419
    -698.400       0.038437
    -698.300       0.038454
    -698.200       0.038471
    -698.100       0.038486
    -698.000       0.038501
    -697.900       0.038514
    -697.800       0.038525
    -697.700       0.038536
    -697.600       0.038547
    -697.500       0.038557
    -697.400       0.038568
    -697.300       0.038578
    -697.200       0.038590
    -697.100       0.038602
    -697.000       0.038615
    -696.900       0.038630
    -696.800       0.038646
    -696.700       0.038663
    -696.600       0.038681
    -696.500       0.038698
    -696.400       0.038716
    -696.300       0.038732
    -696.200       0.038748
    -696.100       0.038762
    -696.000       0.038775
    -695.900       0.038786
    -695.800       0.038795
    -695.700       0.038803
    -695.600       0.038809
    -695.500       0.038814
    -695.400       0.038818
    -695.300       0.038822
    -695.200       0.038825
    -695.100       0.038828
    -695.000       0.038831
    -694.900       0.038834
    -694.800       0.038838
    -694.700       0.038842
    -694.600       0.038847
    -694.500       0.038852
    -694.400       0.038857
    -694.300       0.038863
    -694.200       0.038869
    -694.100       0.038876
    -694.000       0.038883
    -693.900       0.038891
    -693.800       0.038900
    -693.700       0.038908
    -693.600       0.038917
    -693.500       0.038926
    -693.400       0.038934
    -693.300       0.038942
    -693.200       0.038950
    -693.100       0.038957
    -693.000       0.038963
    -692.900       0.038968
    -692.800       0.038972
    -692.700       0.038975
    -692.600       0.038978
    -692.500       0.038979
    -692.400       0.038980
    -692.300       0.038979
    -692.200       0.038978
    -692.100       0.038977
    -692.000       0.038974
    -691.900       0.038971
    -691.800       0.038967
    -691.700       0.038964
    -691.600       0.038960
    -691.500       0.038956
    -691.400       0.038952
    -691.300       0.038948
    -691.200       0.038946
    -691.100       0.038944
    -691.000       0.038942
    -690.900       0.038942
    -690.800       0.038943
    -690.700       0.038945
    -690.600       0.038947
    -690.500       0.038949
    -690.400       0.038952
    -690.300       0.038955
    -690.200       0.038957
    -690.100       0.038959
    -690.000       0.038960
    -689.900       0.038960
    -689.800       0.038959
    -689.700       0.038958
    -689.600       0.038955
    -689.500       0.038951
    -689.400       0.038946
    -689.300       0.038940
    -689.200       0.038933
    -689.100       0.038924
    -689.000       0.038914
    -688.900       0.038903
    -688.800       0.038891
    -688.700       0.038878
    -688.600       0.038865
    -688.500       0.038851
    -688.400       0.038839
    -688.300       0.038826
    -688.200       0.038816
    -688.100       0.038806
    -688.000       0.038799
    -687.900       0.038794
    -687.800       0.038790
    -687.700       0.038788
    -687.600       0.038786
    -687.500       0.038784
    -687.400       0.038782
    -687.300       0.038779
    -687.200       0.038775
    -687.100       0.038768
    -687.000       0.038759
    -686.900       0.038747
    -686.800       0.038732
    -686.700       0.038716
    -686.600       0.038697
    -686.500       0.038678
    -686.400       0.038658
    -686.300       0.038638
    -686.200       0.038619
    -686.100       0.038600
    -686.000       0.038583
    -685.900       0.038568
    -685.800       0.038554
    -685.700       0.038542
    -685.600       0.038530
    -685.500       0.038519
    -685.400       0.038508
    -685.300       0.038497
    -685.200       0.038485
    -685.100       0.038471
    -685.000       0.038456
    -684.900       0.038440
    -684.800       0.038422
    -684.700       0.038402
    -684.600       0.038381
    -684.500       0.038359
    -684.400       0.038336
    -684.300       0.038312
    -684.200       0.038289
    -684.100       0.038265
    -684.000       0.038241
    -683.900       0.038217
    -683.800       0.038194
    -683.700       0.038171
    -683.600       0.038148
    -683.500       0.038126
    -683.400       0.038104
    -683.300       0.038083
    -683.200       0.038062
    -683.100       0.038041
    -683.000       0.038021
    -682.900       0.038002
    -682.800       0.037983
    -682.700       0.037964
    -682.600       0.037944
    -682.500       0.037924
    -682.400       0.037903
    -682.300       0.037881
    -682.200       0.037857
    -682.100       0.037832
    -682.000       0.037805
    -681.900       0.037776
    -681.800       0.037744
    -681.700       0.037711
    -681.600       0.037677
    -681.500       0.037642
    -681.400       0.037607
    -681.300       0.037571
    -681.200       0.037536
    -681.100       0.037500
    -681.000       0.037466
    -680.900       0.037433
    -680.800       0.037401
    -680.700       0.037369
    -680.600       0.037339
    -680.500       0.037309
    -680.400       0.037280
    -680.300       0.037252
    -680.200       0.037224
    -680.100       0.037197
    -680.000       0.037170
    -679.900       0.037143
    -679.800       0.037117
    -679.700       0.037090
    -679.600       0.037062
    -679.500       0.037033
    -679.400       0.037003
    -679.300       0.036972
    -679.200       0.036939
    -679.100       0.036904
    -679.000       0.036866
    -678.900       0.036826
    -678.800       0.036783
    -678.700       0.036739
    -678.600       0.036694
    -678.500       0.036648
    -678.400       0.036601
    -678.300       0.036554
    -678.200       0.036509
    -678.100       0.036464
    -678.000       0.036420
    -677.900       0.036379
    -677.800       0.036339
    -677.700       0.036301
    -677.600       0.036264
    -677.500       0.036227
    -677.400       0.036191
    -677.300       0.036155
    -677.200       0.036119
    -677.100       0.036083
    -677.000       0.036045
    -676.900       0.036007
    -676.800       0.035968
    -676.700       0.035927
    -676.600       0.035886
    -676.500       0.035843
    -676.400       0.035799
    -676.300       0.035755
    -676.200       0.035709
    -676.100       0.035662
    -676.000       0.035614
    -675.900       0.035565
    -675.800       0.035515
    -675.700       0.035464
    -675.600       0.035413
    -675.500       0.035362
    -675.400       0.035311
    -675.300       0.035260
    -675.200       0.035210
    -675.100       0.035160
    -675.000       0.035111
    -674.900       0.035064
    -674.800       0.035017
    -674.700       0.034970
    -674.600       0.034924
    -674.500       0.034878
    -674.400       0.034831
    -674.300       0.034783
    -674.200       0.034734
    -674.100       0.034684
    -674.000       0.034632
    -673.900       0.034578
    -673.800       0.034523
    -673.700       0.034466
    -673.600       0.034408
    -673.500       0.034350
    -673.400       0.034292
    -673.300       0.034235
    -673.200       0.034178
    -673.100       0.034123
    -673.000       0.034069
    -672.900       0.034018
    -672.800       0.033967
    -672.700       0.033919
    -672.600       0.033870
    -672.500       0.033822
    -672.400       0.033773
    -672.300       0.033724
    -672.200       0.033673
    -672.100       0.033620
    -672.000       0.033565
    -671.900       0.033507
    -671.800       0.033447
    -671.700       0.033384
    -671.600       0.033320
    -671.500       0.033255
    -671.400       0.033189
    -671.300       0.033122
    -671.200       0.033056
    -671.100       0.032990
    -671.000       0.032925
    -670.900       0.032862
    -670.800       0.032799
    -670.700       0.032738
    -670.600       0.032678
    -670.500       0.032618
    -670.400       0.032559
    -670.300       0.032501
    -670.200       0.032443
    -670.100       0.032385
    -670.000       0.032327
    -669.900       0.032270
    -669.800       0.032212
    -669.700       0.032153
    -669.600       0.032095
    -669.500       0.032035
    -669.400       0.031975
    -669.300       0.031914
    -669.200       0.031851
    -669.100       0.031788
    -669.000       0.031723
    -668.900       0.031656
    -668.800       0.031588
    -668.700       0.031519
    -668.600       0.031448
    -668.500       0.031377
    -668.400       0.031305
    -668.300       0.031233
    -668.200       0.031160
    -668.100       0.031087
    -668.000       0.031014
    -667.900       0.030942
    -667.800       0.030869
    -667.700       0.030797
    -667.600       0.030726
    -667.500       0.030655
    -667.400       0.030584
    -667.300       0.030514
    -667.200       0.030445
    -667.100       0.030376
    -667.000       0.030309
    -666.900       0.030242
    -666.800       0.030175
    -666.700       0.030109
    -666.600       0.030043
    -666.500       0.029976
    -666.400       0.029908
    -666.300       0.029840
    -666.200       0.029769
    -666.100       0.029697
    -666.000       0.029623
    -665.900       0.029546
    -665.800       0.029467
    -665.700       0.029387
    -665.600       0.029305
    -665.500       0.029223
    -665.400       0.029140
    -665.300       0.029058
    -665.200       0.028975
    -665.100       0.028894
    -665.000       0.028815
    -664.900       0.028736
    -664.800       0.028660
    -664.700       0.028584
    -664.600       0.028509
    -664.500       0.028434
    -664.400       0.028360
    -664.300       0.028284
    -664.200       0.028208
    -664.100       0.028130
    -664.000       0.028051
    -663.900       0.027969
    -663.800       0.027886
    -663.700       0.027802
    -663.600       0.027716
    -663.500       0.027630
    -663.400       0.027544
    -663.300       0.027458
    -663.200       0.027372
    -663.100       0.027288
    -663.000       0.027204
    -662.900       0.027122
    -662.800       0.027042
    -662.700       0.026962
    -662.600       0.026883
    -662.500       0.026804
    -662.400       0.026724
    -662.300       0.026645
    -662.200       0.026564
    -662.100       0.026482
    -662.000       0.026398
    -661.900       0.026312
    -661.800       0.026225
    -661.700       0.026135
    -661.600       0.026045
    -661.500       0.025953
    -661.400       0.025861
    -661.300       0.025768
    -661.200       0.025675
    -661.100       0.025582
    -661.000       0.025489
    -660.900       0.025397
    -660.800       0.025305
    -660.700       0.025214
    -660.600       0.025123
    -660.500       0.025033
    -660.400       0.024944
    -660.300       0.024855
    -660.200       0.024766
    -660.100       0.024679
    -660.000       0.024592
    -659.900       0.024505
    -659.800       0.024419
    -659.700       0.024334
    -659.600       0.024248
    -659.500       0.024162
    -659.400       0.024075
    -659.300       0.023988
    -659.200       0.023900
    -659.100       0.023811
    -659.000       0.023720
    -658.900       0.023627
    -658.800       0.023534
    -658.700       0.023438
    -658.600       0.023342
    -658.500       0.023246
    -658.400       0.023148
    -658.300       0.023051
    -658.200       0.022953
    -658.100       0.022856
    -658.000       0.022759
    -657.900       0.022663
    -657.800       0.022568
    -657.700       0.022473
    -657.600       0.022379
    -657.500       0.022286
    -657.400       0.022193
    -657.300       0.022100
    -657.200       0.022008
    -657.100       0.021916
    -657.000       0.021825
    -656.900       0.021733
    -656.800       0.021643
    -656.700       0.021552
    -656.600       0.021461
    -656.500       0.021371
    -656.400       0.021280
    -656.300       0.021190
    -656.200       0.021099
    -656.100       0.021008
    -656.000       0.020917
    -655.900       0.020825
    -655.800       0.020734
    -655.700       0.020641
    -655.600       0.020549
    -655.500       0.020456
    -655.400       0.020363
    -655.300       0.020269
    -655.200       0.020174
    -655.100       0.020080
    -655.000       0.019985
    -654.900       0.019889
    -654.800       0.019793
    -654.700       0.019697
    -654.600       0.019602
    -654.500       0.019506
    -654.400       0.019412
    -654.300       0.019318
    -654.200       0.019226
    -654.100       0.019135
    -654.000       0.019046
    -653.900       0.018959
    -653.800       0.018873
    -653.700       0.018789
    -653.600       0.018706
    -653.500       0.018623
    -653.400       0.018540
    -653.300       0.018457
    -653.200       0.018374
    -653.100       0.018291
    -653.000       0.018206
    -652.900       0.018119
    -652.800       0.018032
    -652.700       0.017944
    -652.600       0.017855
    -652.500       0.017767
    -652.400       0.017678
    -652.300       0.017590
    -652.200       0.017502
    -652.100       0.017416
    -652.000       0.017331
    -651.900       0.017248
    -651.800       0.017166
    -651.700       0.017086
    -651.600       0.017006
    -651.500       0.016928
    -651.400       0.016851
    -651.300       0.016774
    -651.200       0.016698
    -651.100       0.016621
    -651.000       0.016545
    -650.900       0.016469
    -650.800       0.016393
    -650.700       0.016317
    -650.600       0.016241
    -650.500       0.016165
    -650.400       0.016090
    -650.300       0.016016
    -650.200       0.015942
    -650.100       0.015869
    -650.000       0.015796
    -649.900       0.015725
    -649.800       0.015655
    -649.700       0.015586
    -649.600       0.015518
    -649.500       0.015451
    -649.400       0.015386
    -649.300       0.015322
    -649.200       0.015259
    -649.100       0.015198
    -649.000       0.015138
    -648.900       0.015080
    -648.800       0.015024
    -648.700       0.014968
    -648.600       0.014913
    -648.500       0.014859
    -648.400       0.014806
    -648.300       0.014752
    -648.200       0.014698
    -648.100       0.014644
    -648.000       0.014590
    -647.900       0.014535
    -647.800       0.014479
    -647.700       0.014423
    -647.600       0.014368
    -647.500       0.014314
    -647.400       0.014261
    -647.300       0.014210
    -647.200       0.014162
    -647.100       0.014116
    -647.000       0.014073
    -646.900       0.014034
    -646.800       0.013998
    -646.700       0.013966
    -646.600       0.013935
    -646.500       0.013907
    -646.400       0.013881
    -646.300       0.013856
    -646.200       0.013833
    -646.100       0.013810
    -646.000       0.013787
    -645.900       0.013764
    -645.800       0.013741
    -645.700       0.013719
    -645.600       0.013697
    -645.500       0.013675
    -645.400       0.013654
    -645.300       0.013633
    -645.200       0.013614
    -645.100       0.013595
    -645.000       0.013577
    -644.900       0.013560
    -644.800       0.013544
    -644.700       0.013530
    -644.600       0.013518
    -644.500       0.013507
    -644.400       0.013499
    -644.300       0.013493
    -644.200       0.013489
    -644.100       0.013488
    -644.000       0.013490
    -643.900       0.013495
    -643.800       0.013503
    -643.700       0.013513
    -643.600       0.013526
    -643.500       0.013541
    -643.400       0.013557
    -643.300       0.013576
    -643.200       0.013596
    -643.100       0.013617
    -643.000       0.013640
    -642.900       0.013664
    -642.800       0.013688
    -642.700       0.013713
    -642.600       0.013738
    -642.500       0.013764
    -642.400       0.013791
    -642.300       0.013818
    -642.200       0.013845
    -642.100       0.013873
    -642.000       0.013900
    -641.900       0.013928
    -641.800       0.013956
    -641.700       0.013985
    -641.600       0.014015
    -641.500       0.014047
    -641.400       0.014081
    -641.300       0.014119
    -641.200       0.014159
    -641.100       0.014203
    -641.000       0.014251
    -640.900       0.014303
    -640.800       0.014360
    -640.700       0.014419
    -640.600       0.014481
    -640.500       0.014545
    -640.400       0.014611
    -640.300       0.014676
    -640.200       0.014742
    -640.100       0.014807
    -640.000       0.014870
    -639.900       0.014932
    -639.800       0.014992
    -639.700       0.015050
    -639.600       0.015109
    -639.500       0.015167
    -639.400       0.015226
    -639.300       0.015286
    -639.200       0.015348
    -639.100       0.015411
    -639.000       0.015478
    -638.900       0.015548
    -638.800       0.015621
    -638.700       0.015696
    -638.600       0.015773
    -638.500       0.015853
    -638.400       0.015933
    -638.300       0.016015
    -638.200       0.016098
    -638.100       0.016181
    -638.000       0.016264
    -637.900       0.016347
    -637.800       0.016430
    -637.700       0.016513
    -637.600       0.016597
    -637.500       0.016680
    -637.400       0.016765
    -637.300       0.016850
    -637.200       0.016936
    -637.100       0.017023
    -637.000       0.017112
    -636.900       0.017202
    -636.800       0.017293
    -636.700       0.017386
    -636.600       0.017479
    -636.500       0.017573
    -636.400       0.017668
    -636.300       0.017764
    -636.200       0.017859
    -636.100       0.017955
    -636.000       0.018051
    -635.900       0.018146
    -635.800       0.018241
    -635.700       0.018336
    -635.600       0.018432
    -635.500       0.018527
    -635.400       0.018623
    -635.300       0.018720
    -635.200       0.018817
    -635.100       0.018915
    -635.000       0.019014
    -634.900       0.019114
    -634.800       0.019214
    -634.700       0.019316
    -634.600       0.019419
    -634.500       0.019522
    -634.400       0.019626
    -634.300       0.019730
    -634.200       0.019834
    -634.100       0.019939
    -634.000       0.020044
    -633.900       0.020148
    -633.800       0.020253
    -633.700       0.020358
    -633.600       0.020463
    -633.500       0.020569
    -633.400       0.020675
    -633.300       0.020781
    -633.200       0.020889
    -633.100       0.020997
    -633.000       0.021105
    -632.900       0.021215
    -632.800       0.021326
    -632.700       0.021437
    -632.600       0.021548
    -632.500       0.021659
    -632.400       0.021770
    -632.300       0.021881
    -632.200       0.021992
    -632.100       0.022101
    -632.000       0.022210
    -631.900       0.022318
    -631.800       0.022424
    -631.700       0.022530
    -631.600       0.022636
    -631.500       0.022742
    -631.400       0.022848
    -631.300       0.022954
    -631.200       0.023061
    -631.100       0.023169
    -631.000       0.023278
    -630.900       0.023389
    -630.800       0.023501
    -630.700       0.023614
    -630.600       0.023728
    -630.500       0.023843
    -630.400       0.023959
    -630.300       0.024076
    -630.200       0.024192
    -630.100       0.024309
    -630.000       0.024426
    -629.900       0.024543
    -629.800       0.024660
    -629.700       0.024777
    -629.600       0.024893
    -629.500       0.025009
    -629.400       0.025124
    -629.300       0.025238
    -629.200       0.025352
    -629.100       0.025464
    -629.000       0.025576
    -628.900       0.025687
    -628.800       0.025797
    -628.700       0.025906
    -628.600       0.026015
    -628.500       0.026124
    -628.400       0.026232
    -628.300       0.026341
    -628.200       0.026450
    -628.100       0.026560
    -628.000       0.026671
    -627.900       0.026782
    -627.800       0.026895
    -627.700       0.027008
    -627.600       0.027123
    -627.500       0.027238
    -627.400       0.027354
    -627.300       0.027471
    -627.200       0.027588
    -627.100       0.027705
    -627.000       0.027824
    -626.900       0.027942
    -626.800       0.028061
    -626.700       0.028180
    -626.600       0.028298
    -626.500       0.028416
    -626.400       0.028533
    -626.300       0.028649
    -626.200       0.028763
    -626.100       0.028876
    -626.000       0.028987
    -625.900       0.029095
    -625.800       0.029202
    -625.700       0.029308
    -625.600       0.029413
    -625.500       0.029517
    -625.400       0.029622
    -625.300       0.029726
    -625.200       0.029832
    -625.100       0.029939
    -625.000       0.030048
    -624.900       0.030158
    -624.800       0.030271
    -624.700       0.030384
    -624.600       0.030499
    -624.500       0.030615
    -624.400       0.030731
    -624.300       0.030847
    -624.200       0.030962
    -624.100       0.031077
    -624.000       0.031190
    -623.900       0.031302
    -623.800       0.031413
    -623.700       0.031523
    -623.600       0.031631
    -623.500       0.031738
    -623.400       0.031845
    -623.300       0.031951
    -623.200       0.032057
    -623.100       0.032162
    -623.000       0.032267
    -622.900       0.032372
    -622.800       0.032477
    -622.700       0.032582
    -622.600       0.032687
    -622.500       0.032792
    -622.400       0.032898
    -622.300       0.033004
    -622.200       0.033110
    -622.100       0.033216
    -622.000       0.033324
    -621.900       0.033431
    -621.800       0.033539
    -621.700       0.033647
    -621.600       0.033755
    -621.500       0.033862
    -621.400       0.033968
    -621.300       0.034073
    -621.200       0.034177
    -621.100       0.034278
    -621.000       0.034378
    -620.900       0.034475
    -620.800       0.034570
    -620.700       0.034664
    -620.600       0.034757
    -620.500       0.034850
    -620.400       0.034944
    -620.300       0.035039
    -620.200       0.035135
    -620.100       0.035234
    -620.000       0.035336
    -619.900       0.035441
    -619.800       0.035549
    -619.700       0.035658
    -619.600       0.035769
    -619.500       0.035879
    -619.400       0.035989
    -619.300       0.036098
    -619.200       0.036205
    -619.100       0.036308
    -619.000       0.036408
    -618.900       0.036503
    -618.800       0.036594
    -618.700       0.036682
    -618.600       0.036767
    -618.500       0.036851
    -618.400       0.036933
    -618.300       0.037014
    -618.200       0.037096
    -618.100       0.037179
    -618.000       0.037263
    -617.900       0.037349
    -617.800       0.037437
    -617.700       0.037527
    -617.600       0.037618
    -617.500       0.037711
    -617.400       0.037804
    -617.300       0.037899
    -617.200       0.037994
    -617.100       0.038090
    -617.000       0.038186
    -616.900       0.038283
    -616.800       0.038378
    -616.700       0.038474
    -616.600       0.038568
    -616.500       0.038661
    -616.400       0.038753
    -616.300       0.038843
    -616.200       0.038931
    -616.100       0.039017
    -616.000       0.039100
    -615.900       0.039180
    -615.800       0.039258
    -615.700       0.039334
    -615.600       0.039408
    -615.500       0.039481
    -615.400       0.039554
    -615.300       0.039626
    -615.200       0.039699
    -615.100       0.039773
    -615.000       0.039848
    -614.900       0.039925
    -614.800       0.040004
    -614.700       0.040083
    -614.600       0.040164
    -614.500       0.040245
    -614.400       0.040327
    -614.300       0.040409
    -614.200       0.040491
    -614.100       0.040572
    -614.000       0.040652
    -613.900       0.040732
    -613.800       0.040810
    -613.700       0.040888
    -613.600       0.040964
    -613.500       0.041039
    -613.400       0.041113
    -613.300       0.041186
    -613.200       0.041257
    -613.100       0.041327
    -613.000       0.041396
    -612.900       0.041463
    -612.800       0.041530
    -612.700       0.041595
    -612.600       0.041660
    -612.500       0.041724
    -612.400       0.041788
    -612.300       0.041853
    -612.200       0.041917
    -612.100       0.041982
    -612.000       0.042048
    -611.900       0.042115
    -611.800       0.042182
    -611.700       0.042250
    -611.600       0.042318
    -611.500       0.042386
    -611.400       0.042454
    -611.300       0.042520
    -611.200       0.042586
    -611.100       0.042650
    -611.000       0.042713
    -610.900       0.042774
    -610.800       0.042833
    -610.700       0.042891
    -610.600       0.042948
    -610.500       0.043004
    -610.400       0.043059
    -610.300       0.043115
    -610.200       0.043170
    -610.100       0.043226
    -610.000       0.043282
    -609.900       0.043340
    -609.800       0.043398
    -609.700       0.043457
    -609.600       0.043516
    -609.500       0.043575
    -609.400       0.043634
    -609.300       0.043694
    -609.200       0.043752
    -609.100       0.043810
    -609.000       0.043867
    -608.900       0.043924
    -608.800       0.043979
    -608.700       0.044033
    -608.600       0.044086
    -608.500       0.044137
    -608.400       0.044187
    -608.300       0.044236
    -608.200       0.044284
    -608.100       0.044330
    -608.000       0.044374
    -607.900       0.044417
    -607.800       0.044459
    -607.700       0.044500
    -607.600       0.044541
    -607.500       0.044582
    -607.400       0.044623
    -607.300       0.044665
    -607.200       0.044708
    -607.100       0.044753
    -607.000       0.044800
    -606.900       0.044849
    -606.800       0.044900
    -606.700       0.044953
    -606.600       0.045006
    -606.500       0.045059
    -606.400       0.045112
    -606.300       0.045163
    -606.200       0.045213
    -606.100       0.045261
    -606.000       0.045305
    -605.900       0.045347
    -605.800       0.045385
    -605.700       0.045421
    -605.600       0.045455
    -605.500       0.045487
    -605.400       0.045518
    -605.300       0.045548
    -605.200       0.045578
    -605.100       0.045608
    -605.000       0.045640
    -604.900       0.045672
    -604.800       0.045705
    -604.700       0.045739
    -604.600       0.045774
    -604.500       0.045810
    -604.400       0.045846
    -604.300       0.045882
    -604.200       0.045918
    -604.100       0.045955
    -604.000       0.045991
    -603.900       0.046027
    -603.800       0.046062
    -603.700       0.046097
    -603.600       0.046132
    -603.500       0.046165
    -603.400       0.046198
    -603.300       0.046230
    -603.200       0.046261
    -603.100       0.046291
    -603.000       0.046320
    -602.900       0.046347
    -602.800       0.046374
    -602.700       0.046400
    -602.600       0.046425
    -602.500       0.046449
    -602.400       0.046474
    -602.300       0.046498
    -602.200       0.046522
    -602.100       0.046546
    -602.000       0.046570
    -601.900       0.046596
    -601.800       0.046621
    -601.700       0.046647
    -601.600       0.046672
    -601.500       0.046697
    -601.400       0.046722
    -601.300       0.046745
    -601.200       0.046768
    -601.100       0.046789
    -601.000       0.046809
    -600.900       0.046827
    -600.800       0.046844
    -600.700       0.046860
    -600.600       0.046875
    -600.500       0.046890
    -600.400       0.046905
    -600.300       0.046920
    -600.200       0.046935
    -600.100       0.046952
    -600.000       0.046970
    -599.900       0.046989
    -599.800       0.047010
    -599.700       0.047031
    -599.600       0.047053
    -599.500       0.047074
    -599.400       0.047095
    -599.300       0.047115
    -599.200       0.047134
    -599.100       0.047151
    -599.000       0.047166
    -598.900       0.047178
    -598.800       0.047188
    -598.700       0.047196
    -598.600       0.047203
    -598.500       0.047208
    -598.400       0.047213
    -598.300       0.047217
    -598.200       0.047221
    -598.100       0.047225
    -598.000       0.047231
    -597.900       0.047237
    -597.800       0.047244
    -597.700       0.047252
    -597.600       0.047260
    -597.500       0.047268
    -597.400       0.047277
    -597.300       0.047285
    -597.200       0.047292
    -597.100       0.047299
    -597.000       0.047305
    -596.900       0.047310
    -596.800       0.047314
    -596.700       0.047317
    -596.600       0.047319
    -596.500       0.047321
    -596.400       0.047322
    -596.300       0.047323
    -596.200       0.047325
    -596.100       0.047326
    -596.000       0.047328
    -595.900       0.047330
    -595.800       0.047332
    -595.700       0.047334
    -595.600       0.047336
    -595.500       0.047337
    -595.400       0.047338
    -595.300       0.047338
    -595.200       0.047336
    -595.100       0.047333
    -595.000       0.047327
    -594.900       0.047320
    -594.800       0.047312
    -594.700       0.047301
    -594.600       0.047290
    -594.500       0.047279
    -594.400       0.047266
    -594.300       0.047254
    -594.200       0.047243
    -594.100       0.047232
    -594.000       0.047222
    -593.900       0.047214
    -593.800       0.047207
    -593.700       0.047201
    -593.600       0.047195
    -593.500       0.047190
    -593.400       0.047185
    -593.300       0.047180
    -593.200       0.047174
    -593.100       0.047168
    -593.000       0.047161
    -592.900       0.047153
    -592.800       0.047144
    -592.700       0.047133
    -592.600       0.047122
    -592.500       0.047109
    -592.400       0.047096
    -592.300       0.047081
    -592.200       0.047066
    -592.100       0.047049
    -592.000       0.047032
    -591.900       0.047013
    -591.800       0.046994
    -591.700       0.046975
    -591.600       0.046955
    -591.500       0.046934
    -591.400       0.046913
    -591.300       0.046893
    -591.200       0.046872
    -591.100       0.046851
    -591.000       0.046831
    -590.900       0.046812
    -590.800       0.046792
    -590.700       0.046773
    -590.600       0.046755
    -590.500       0.046736
    -590.400       0.046717
    -590.300       0.046699
    -590.200       0.046680
    -590.100       0.046662
    -590.000       0.046643
    -589.900       0.046624
    -589.800       0.046604
    -589.700       0.046584
    -589.600       0.046563
    -589.500       0.046542
    -589.400       0.046520
    -589.300       0.046497
    -589.200       0.046473
    -589.100       0.046448
    -589.000       0.046422
    -588.900       0.046395
    -588.800       0.046368
    -588.700       0.046339
    -588.600       0.046310
    -588.500       0.046280
    -588.400       0.046251
    -588.300       0.046221
    -588.200       0.046191
    -588.100       0.046162
    -588.000       0.046134
    -587.900       0.046106
    -587.800       0.046079
    -587.700       0.046052
    -587.600       0.046025
    -587.500       0.045998
    -587.400       0.045971
    -587.300       0.045943
    -587.200       0.045913
    -587.100       0.045883
    -587.000       0.045851
    -586.900       0.045818
    -586.800       0.045783
    -586.700       0.045748
    -586.600       0.045712
    -586.500       0.045675
    -586.400       0.045639
    -586.300       0.045603
    -586.200       0.045568
    -586.100       0.045534
    -586.000       0.045502
    -585.900       0.045472
    -585.800       0.045443
    -585.700       0.045415
    -585.600       0.045387
    -585.500       0.045360
    -585.400       0.045332
    -585.300       0.045304
    -585.200       0.045274
    -585.100       0.045242
    -585.000       0.045208
    -584.900       0.045171
    -584.800       0.045132
    -584.700       0.045090
    -584.600       0.045048
    -584.500       0.045004
    -584.400       0.044959
    -584.300       0.044913
    -584.200       0.044868
    -584.100       0.044823
    -584.000       0.044779
    -583.900       0.044736
    -583.800       0.044694
    -583.700       0.044654
    -583.600       0.044614
    -583.500       0.044575
    -583.400       0.044538
    -583.300       0.044501
    -583.200       0.044466
    -583.100       0.044431
    -583.000       0.044397
    -582.900       0.044365
    -582.800       0.044332
    -582.700       0.044300
    -582.600       0.044267
    -582.500       0.044233
    -582.400       0.044199
    -582.300       0.044162
    -582.200       0.044123
    -582.100       0.044081
    -582.000       0.044037
    -581.900       0.043989
    -581.800       0.043938
    -581.700       0.043885
    -581.600       0.043831
    -581.500       0.043775
    -581.400       0.043720
    -581.300       0.043666
    -581.200       0.043613
    -581.100       0.043561
    -581.000       0.043513
    -580.900       0.043468
    -580.800       0.043426
    -580.700       0.043386
    -580.600       0.043348
    -580.500       0.043310
    -580.400       0.043273
    -580.300       0.043236
    -580.200       0.043198
    -580.100       0.043159
    -580.000       0.043117
    -579.900       0.043073
    -579.800       0.043026
    -579.700       0.042977
    -579.600       0.042927
    -579.500       0.042875
    -579.400       0.042822
    -579.300       0.042769
    -579.200       0.042715
    -579.100       0.042661
    -579.000       0.042608
    -578.900       0.042555
    -578.800       0.042503
    -578.700       0.042452
    -578.600       0.042401
    -578.500       0.042350
    -578.400       0.042300
    -578.300       0.042250
    -578.200       0.042200
    -578.100       0.042151
    -578.000       0.042101
    -577.900       0.042052
    -577.800       0.042002
    -577.700       0.041952
    -577.600       0.041902
    -577.500       0.041851
    -577.400       0.041799
    -577.300       0.041747
    -577.200       0.041694
    -577.100       0.041640
    -577.000       0.041584
    -576.900       0.041528
    -576.800       0.041470
    -576.700       0.041412
    -576.600       0.041353
    -576.500       0.041294
    -576.400       0.041235
    -576.300       0.041176
    -576.200       0.041118
    -576.100       0.041060
    -576.000       0.041003
    -575.900       0.040947
    -575.800       0.040893
    -575.700       0.040839
    -575.600       0.040785
    -575.500       0.040732
    -575.400       0.040679
    -575.300       0.040626
    -575.200       0.040572
    -575.100       0.040518
    -575.000       0.040462
    -574.900       0.040406
    -574.800       0.040349
    -574.700       0.040290
    -574.600       0.040230
    -574.500       0.040170
    -574.400       0.040108
    -574.300       0.040045
    -574.200       0.039981
    -574.100       0.039916
    -574.000       0.039850
    -573.900       0.039783
    -573.800       0.039715
    -573.700       0.039647
    -573.600       0.039579
    -573.500       0.039512
    -573.400       0.039445
    -573.300       0.039380
    -573.200       0.039316
    -573.100       0.039255
    -573.000       0.039195
    -572.900       0.039139
    -572.800       0.039084
    -572.700       0.039031
    -572.600       0.038979
    -572.500       0.038927
    -572.400       0.038875
    -572.300       0.038822
    -572.200       0.038766
    -572.100       0.038709
    -572.000       0.038648
    -571.900       0.038584
    -571.800       0.038517
    -571.700       0.038447
    -571.600       0.038375
    -571.500       0.038301
    -571.400       0.038227
    -571.300       0.038152
    -571.200       0.038077
    -571.100       0.038002
    -571.000       0.037929
    -570.900       0.037857
    -570.800       0.037786
    -570.700       0.037717
    -570.600       0.037649
    -570.500       0.037583
    -570.400       0.037518
    -570.300       0.037454
    -570.200       0.037391
    -570.100       0.037329
    -570.000       0.037268
    -569.900       0.037208
    -569.800       0.037148
    -569.700       0.037088
    -569.600       0.037028
    -569.500       0.036968
    -569.400       0.036907
    -569.300       0.036844
    -569.200       0.036780
    -569.100       0.036714
    -569.000       0.036646
    -568.900       0.036575
    -568.800       0.036502
    -568.700       0.036427
    -568.600       0.036351
    -568.500       0.036274
    -568.400       0.036198
    -568.300       0.036121
    -568.200       0.036046
    -568.100       0.035971
    -568.000       0.035899
    -567.900       0.035828
    -567.800       0.035760
    -567.700       0.035693
    -567.600       0.035627
    -567.500       0.035562
    -567.400       0.035497
    -567.300       0.035431
    -567.200       0.035365
    -567.100       0.035298
    -567.000       0.035230
    -566.900       0.035159
    -566.800       0.035087
    -566.700       0.035014
    -566.600       0.034940
    -566.500       0.034865
    -566.400       0.034790
    -566.300       0.034715
    -566.200       0.034640
    -566.100       0.034566
    -566.000       0.034492
    -565.900       0.034420
    -565.800       0.034349
    -565.700       0.034278
    -565.600       0.034208
    -565.500       0.034138
    -565.400       0.034069
    -565.300       0.033999
    -565.200       0.033929
    -565.100       0.033858
    -565.000       0.033786
    -564.900       0.033714
    -564.800       0.033640
    -564.700       0.033565
    -564.600       0.033490
    -564.500       0.033414
    -564.400       0.033337
    -564.300       0.033260
    -564.200       0.033182
    -564.100       0.033104
    -564.000       0.033026
    -563.900       0.032948
    -563.800       0.032869
    -563.700       0.032791
    -563.600       0.032713
    -563.500       0.032636
    -563.400       0.032558
    -563.300       0.032482
    -563.200       0.032406
    -563.100       0.032330
    -563.000       0.032256
    -562.900       0.032182
    -562.800       0.032109
    -562.700       0.032037
    -562.600       0.031965
    -562.500       0.031893
    -562.400       0.031820
    -562.300       0.031747
    -562.200       0.031674
    -562.100       0.031599
    -562.000       0.031524
    -561.900       0.031446
    -561.800       0.031368
    -561.700       0.031289
    -561.600       0.031208
    -561.500       0.031127
    -561.400       0.031046
    -561.300       0.030964
    -561.200       0.030882
    -561.100       0.030800
    -561.000       0.030718
    -560.900       0.030636
    -560.800       0.030555
    -560.700       0.030475
    -560.600       0.030394
    -560.500       0.030314
    -560.400       0.030234
    -560.300       0.030154
    -560.200       0.030075
    -560.100       0.029996
    -560.000       0.029917
    -559.900       0.029838
    -559.800       0.029759
    -559.700       0.029680
    -559.600       0.029601
    -559.500       0.029522
    -559.400       0.029444
    -559.300       0.029365
    -559.200       0.029286
    -559.100       0.029208
    -559.000       0.029129
    -558.900       0.029050
    -558.800       0.028972
    -558.700       0.028892
    -558.600       0.028813
    -558.500       0.028733
    -558.400       0.028652
    -558.300       0.028570
    -558.200       0.028487
    -558.100       0.028403
    -558.000       0.028318
    -557.900       0.028232
    -557.800       0.028144
    -557.700       0.028056
    -557.600       0.027967
    -557.500       0.027879
    -557.400       0.027790
    -557.300       0.027702
    -557.200       0.027615
    -557.100       0.027530
    -557.000       0.027446
    -556.900       0.027364
    -556.800       0.027284
    -556.700       0.027204
    -556.600       0.027126
    -556.500       0.027048
    -556.400       0.026970
    -556.300       0.026891
    -556.200       0.026812
    -556.100       0.026731
    -556.000       0.026649
    -555.900       0.026565
    -555.800       0.026479
    -555.700       0.026392
    -555.600       0.026304
    -555.500       0.026215
    -555.400       0.026126
    -555.300       0.026037
    -555.200       0.025947
    -555.100       0.025859
    -555.000       0.025771
    -554.900       0.025684
    -554.800       0.025598
    -554.700       0.025513
    -554.600       0.025428
    -554.500       0.025344
    -554.400       0.025259
    -554.300       0.025175
    -554.200       0.025090
    -554.100       0.025004
    -554.000       0.024918
    -553.900       0.024831
    -553.800       0.024742
    -553.700       0.024654
    -553.600       0.024564
    -553.500       0.024475
    -553.400       0.024385
    -553.300       0.024296
    -553.200       0.024207
    -553.100       0.024118
    -553.000       0.024030
    -552.900       0.023944
    -552.800       0.023858
    -552.700       0.023772
    -552.600       0.023687
    -552.500       0.023603
    -552.400       0.023518
    -552.300       0.023434
    -552.200       0.023349
    -552.100       0.023264
    -552.000       0.023178
    -551.900       0.023091
    -551.800       0.023004
    -551.700       0.022916
    -551.600       0.022828
    -551.500       0.022739
    -551.400       0.022650
    -551.300       0.022560
    -551.200       0.022471
    -551.100       0.022381
    -551.000       0.022291
    -550.900       0.022201
    -550.800       0.022111
    -550.700       0.022021
    -550.600       0.021931
    -550.500       0.021841
    -550.400       0.021751
    -550.300       0.021661
    -550.200       0.021571
    -550.100       0.021482
    -550.000       0.021392
    -549.900       0.021303
    -549.800       0.021214
    -549.700       0.021125
    -549.600       0.021037
    -549.500       0.020949
    -549.400       0.020861
    -549.300       0.020775
    -549.200       0.020689
    -549.100       0.020603
    -549.000       0.020519
    -548.900       0.020436
    -548.800       0.020354
    -548.700       0.020271
    -548.600       0.020189
    -548.500       0.020107
    -548.400       0.020023
    -548.300       0.019939
    -548.200       0.019853
    -548.100       0.019766
    -548.000       0.019676
    -547.900       0.019584
    -547.800       0.019491
    -547.700       0.019396
    -547.600       0.019300
    -547.500       0.019204
    -547.400       0.019108
    -547.300       0.019013
    -547.200       0.018920
    -547.100       0.018829
    -547.000       0.018740
    -546.900       0.018654
    -546.800       0.018571
    -546.700       0.018490
    -546.600       0.018411
    -546.500       0.018333
    -546.400       0.018256
    -546.300       0.018180
    -546.200       0.018103
    -546.100       0.018025
    -546.000       0.017947
    -545.900       0.017867
    -545.800       0.017785
    -545.700       0.017703
    -545.600       0.017620
    -545.500       0.017536
    -545.400       0.017451
    -545.300       0.017366
    -545.200       0.017281
    -545.100       0.017195
    -545.000       0.017110
    -544.900       0.017026
    -544.800       0.016941
    -544.700       0.016858
    -544.600       0.016774
    -544.500       0.016692
    -544.400       0.016610
    -544.300       0.016529
    -544.200       0.016449
    -544.100       0.016370
    -544.000       0.016292
    -543.900       0.016215
    -543.800       0.016140
    -543.700       0.016065
    -543.600       0.015990
    -543.500       0.015917
    -543.400       0.015844
    -543.300       0.015771
    -543.200       0.015699
    -543.100       0.015627
    -543.000       0.015555
    -542.900       0.015483
    -542.800       0.015412
    -542.700       0.015340
    -542.600       0.015268
    -542.500       0.015197
    -542.400       0.015126
    -542.300       0.015056
    -542.200       0.014986
    -542.100       0.014916
    -542.000       0.014847
    -541.900       0.014779
    -541.800       0.014711
    -541.700       0.014645
    -541.600       0.014578
    -541.500       0.014512
    -541.400       0.014447
    -541.300       0.014383
    -541.200       0.014319
    -541.100       0.014256
    -541.000       0.014194
    -540.900       0.014132
    -540.800       0.014071
    -540.700       0.014011
    -540.600       0.013951
    -540.500       0.013892
    -540.400       0.013834
    -540.300       0.013776
    -540.200       0.013718
    -540.100       0.013662
    -540.000       0.013606
    -539.900       0.013550
    -539.800       0.013496
    -539.700       0.013442
    -539.600       0.013389
    -539.500       0.013337
    -539.400       0.013286
    -539.300       0.013237
    -539.200       0.013189
    -539.100       0.013143
    -539.000       0.013098
    -538.900       0.013056
    -538.800       0.013015
    -538.700       0.012975
    -538.600       0.012936
    -538.500       0.012898
    -538.400       0.012861
    -538.300       0.012825
    -538.200       0.012788
    -538.100       0.012752
    -538.000       0.012715
    -537.900       0.012678
    -537.800       0.012641
    -537.700       0.012603
    -537.600       0.012566
    -537.500       0.012530
    -537.400       0.012494
    -537.300       0.012460
    -537.200       0.012427
    -537.100       0.012395
    -537.000       0.012365
    -536.900       0.012338
    -536.800       0.012312
    -536.700       0.012288
    -536.600       0.012267
    -536.500       0.012248
    -536.400       0.012230
    -536.300       0.012215
    -536.200       0.012202
    -536.100       0.012190
    -536.000       0.012181
    -535.900       0.012173
    -535.800       0.012168
    -535.700       0.012163
    -535.600       0.012160
    -535.500       0.012157
    -535.400       0.012155
    -535.300       0.012153
    -535.200       0.012150
    -535.100       0.012148
    -535.000       0.012144
    -534.900       0.012139
    -534.800       0.012134
    -534.700       0.012128
    -534.600       0.012123
    -534.500       0.012119
    -534.400       0.012116
    -534.300       0.012114
    -534.200       0.012115
    -534.100       0.012119
    -534.000       0.012126
    -533.900       0.012136
    -533.800       0.012150
    -533.700       0.012167
    -533.600       0.012186
    -533.500       0.012208
    -533.400       0.012232
    -533.300       0.012257
    -533.200       0.012283
    -533.100       0.012310
    -533.000       0.012337
    -532.900       0.012365
    -532.800       0.012392
    -532.700       0.012420
    -532.600       0.012449
    -532.500       0.012477
    -532.400       0.012506
    -532.300       0.012536
    -532.200       0.012566
    -532.100       0.012597
    -532.000       0.012629
    -531.900       0.012662
    -531.800       0.012696
    -531.700       0.012730
    -531.600       0.012766
    -531.500       0.012802
    -531.400       0.012840
    -531.300       0.012879
    -531.200       0.012918
    -531.100       0.012959
    -531.000       0.013001
    -530.900       0.013044
    -530.800       0.013088
    -530.700       0.013133
    -530.600       0.013180
    -530.500       0.013228
    -530.400       0.013278
    -530.300       0.013329
    -530.200       0.013381
    -530.100       0.013435
    -530.000       0.013491
    -529.900       0.013549
    -529.800       0.013608
    -529.700       0.013668
    -529.600       0.013729
    -529.500       0.013791
    -529.400       0.013853
    -529.300       0.013916
    -529.200       0.013978
    -529.100       0.014039
    -529.000       0.014100
    -528.900       0.014160
    -528.800       0.014219
    -528.700       0.014277
    -528.600       0.014336
    -528.500       0.014394
    -528.400       0.014454
    -528.300       0.014514
    -528.200       0.014575
    -528.100       0.014638
    -528.000       0.014703
    -527.900       0.014770
    -527.800       0.014839
    -527.700       0.014909
    -527.600       0.014981
    -527.500       0.015054
    -527.400       0.015128
    -527.300       0.015202
    -527.200       0.015277
    -527.100       0.015352
    -527.000       0.015427
    -526.900       0.015502
    -526.800       0.015576
    -526.700       0.015650
    -526.600       0.015724
    -526.500       0.015798
    -526.400       0.015872
    -526.300       0.015946
    -526.200       0.016020
    -526.100       0.016095
    -526.000       0.016170
    -525.900       0.016245
    -525.800       0.016320
    -525.700       0.016397
    -525.600       0.016473
    -525.500       0.016551
    -525.400       0.016629
    -525.300       0.016707
    -525.200       0.016787
    -525.100       0.016867
    -525.000       0.016948
    -524.900       0.017031
    -524.800       0.017113
    -524.700       0.017197
    -524.600       0.017280
    -524.500       0.017364
    -524.400       0.017447
    -524.300       0.017530
    -524.200       0.017612
    -524.100       0.017693
    -524.000       0.017773
    -523.900       0.017852
    -523.800       0.017930
    -523.700       0.018007
    -523.600       0.018085
    -523.500       0.018162
    -523.400       0.018241
    -523.300       0.018320
    -523.200       0.018401
    -523.100       0.018484
    -523.000       0.018570
    -522.900       0.018658
    -522.800       0.018748
    -522.700       0.018840
    -522.600       0.018934
    -522.500       0.019028
    -522.400       0.019121
    -522.300       0.019215
    -522.200       0.019307
    -522.100       0.019397
    -522.000       0.019485
    -521.900       0.019570
    -521.800       0.019653
    -521.700       0.019734
    -521.600       0.019813
    -521.500       0.019891
    -521.400       0.019969
    -521.300       0.020046
    -521.200       0.020124
    -521.100       0.020202
    -521.000       0.020282
    -520.900       0.020363
    -520.800       0.020446
    -520.700       0.020530
    -520.600       0.020616
    -520.500       0.020702
    -520.400       0.020790
    -520.300       0.020880
    -520.200       0.020970
    -520.100       0.021061
    -520.000       0.021153
    -519.900       0.021245
    -519.800       0.021338
    -519.700       0.021431
    -519.600       0.021524
    -519.500       0.021617
    -519.400       0.021709
    -519.300       0.021801
    -519.200       0.021891
    -519.100       0.021980
    -519.000       0.022067
    -518.900       0.022152
    -518.800       0.022236
    -518.700       0.022318
    -518.600       0.022399
    -518.500       0.022479
    -518.400       0.022559
    -518.300       0.022638
    -518.200       0.022717
    -518.100       0.022796
    -518.000       0.022876
    -517.900       0.022956
    -517.800       0.023038
    -517.700       0.023119
    -517.600       0.023202
    -517.500       0.023286
    -517.400       0.023370
    -517.300       0.023456
    -517.200       0.023542
    -517.100       0.023630
    -517.000       0.023719
    -516.900       0.023809
    -516.800       0.023899
    -516.700       0.023990
    -516.600       0.024081
    -516.500       0.024172
    -516.400       0.024261
    -516.300       0.024350
    -516.200       0.024436
    -516.100       0.024521
    -516.000       0.024603
    -515.900       0.024682
    -515.800       0.024759
    -515.700       0.024835
    -515.600       0.024908
    -515.500       0.024982
    -515.400       0.025055
    -515.300       0.025128
    -515.200       0.025202
    -515.100       0.025278
    -515.000       0.025355
    -514.900       0.025435
    -514.800       0.025517
    -514.700       0.025601
    -514.600       0.025685
    -514.500       0.025771
    -514.400       0.025856
    -514.300       0.025941
    -514.200       0.026025
    -514.100       0.026107
    -514.000       0.026188
    -513.900       0.026266
    -513.800       0.026342
    -513.700       0.026417
    -513.600       0.026490
    -513.500       0.026562
    -513.400       0.026634
    -513.300       0.026705
    -513.200       0.026777
    -513.100       0.026849
    -513.000       0.026921
    -512.900       0.026995
    -512.800       0.027070
    -512.700       0.027145
    -512.600       0.027221
    -512.500       0.027298
    -512.400       0.027375
    -512.300       0.027452
    -512.200       0.027529
    -512.100       0.027605
    -512.000       0.027682
    -511.900       0.027758
    -511.800       0.027833
    -511.700       0.027907
    -511.600       0.027981
    -511.500       0.028053
    -511.400       0.028124
    -511.300       0.028194
    -511.200       0.028263
    -511.100       0.028330
    -511.000       0.028396
    -510.900       0.028460
    -510.800       0.028523
    -510.700       0.028585
    -510.600       0.028646
    -510.500       0.028708
    -510.400       0.028769
    -510.300       0.028832
    -510.200       0.028896
    -510.100       0.028961
    -510.000       0.029028
    -509.900       0.029098
    -509.800       0.029170
    -509.700       0.029243
    -509.600       0.029317
    -509.500       0.029391
    -509.400       0.029465
    -509.300       0.029538
    -509.200       0.029610
    -509.100       0.029679
    -509.000       0.029747
    -508.900       0.029811
    -508.800       0.029873
    -508.700       0.029933
    -508.600       0.029990
    -508.500       0.030046
    -508.400       0.030101
    -508.300       0.030155
    -508.200       0.030209
    -508.100       0.030262
    -508.000       0.030315
    -507.900       0.030369
    -507.800       0.030424
    -507.700       0.030479
    -507.600       0.030534
    -507.500       0.030590
    -507.400       0.030647
    -507.300       0.030704
    -507.200       0.030761
    -507.100       0.030819
    -507.000       0.030878
    -506.900       0.030937
    -506.800       0.030996
    -506.700       0.031055
    -506.600       0.031114
    -506.500       0.031173
    -506.400       0.031231
    -506.300       0.031288
    -506.200       0.031345
    -506.100       0.031400
    -506.000       0.031454
    -505.900       0.031506
    -505.800       0.031556
    -505.700       0.031606
    -505.600       0.031654
    -505.500       0.031701
    -505.400       0.031747
    -505.300       0.031793
    -505.200       0.031837
    -505.100       0.031882
    -505.000       0.031926
    -504.900       0.031969
    -504.800       0.032013
    -504.700       0.032057
    -504.600       0.032100
    -504.500       0.032144
    -504.400       0.032188
    -504.300       0.032232
    -504.200       0.032276
    -504.100       0.032321
    -504.000       0.032366
    -503.900       0.032412
    -503.800       0.032458
    -503.700       0.032504
    -503.600       0.032550
    -503.500       0.032596
    -503.400       0.032641
    -503.300       0.032686
    -503.200       0.032729
    -503.100       0.032771
    -503.000       0.032812
    -502.900       0.032851
    -502.800       0.032888
    -502.700       0.032925
    -502.600       0.032961
    -502.500       0.032995
    -502.400       0.033030
    -502.300       0.033064
    -502.200       0.033099
    -502.100       0.033134
    -502.000       0.033170
    -501.900       0.033206
    -501.800       0.033243
    -501.700       0.033280
    -501.600       0.033318
    -501.500       0.033355
    -501.400       0.033391
    -501.300       0.033427
    -501.200       0.033461
    -501.100       0.033494
    -501.000       0.033525
    -500.900       0.033555
    -500.800       0.033582
    -500.700       0.033608
    -500.600       0.033633
    -500.500       0.033658
    -500.400       0.033682
    -500.300       0.033706
    -500.200       0.033731
    -500.100       0.033756
    -500.000       0.033783
    -499.900       0.033811
    -499.800       0.033840
    -499.700       0.033870
    -499.600       0.033901
    -499.500       0.033932
    -499.400       0.033962
    -499.300       0.033992
    -499.200       0.034022
    -499.100       0.034050
    -499.000       0.034077
    -498.900       0.034102
    -498.800       0.034125
    -498.700       0.034147
    -498.600       0.034168
    -498.500       0.034188
    -498.400       0.034207
    -498.300       0.034225
    -498.200       0.034243
    -498.100       0.034260
    -498.000       0.034277
    -497.900       0.034294
    -497.800       0.034311
    -497.700       0.034328
    -497.600       0.034345
    -497.500       0.034361
    -497.400       0.034377
    -497.300       0.034392
    -497.200       0.034407
    -497.100       0.034421
    -497.000       0.034435
    -496.900       0.034447
    -496.800       0.034459
    -496.700       0.034471
    -496.600       0.034483
    -496.500       0.034494
    -496.400       0.034505
    -496.300       0.034517
    -496.200       0.034529
    -496.100       0.034542
    -496.000       0.034556
    -495.900       0.034571
    -495.800       0.034586
    -495.700       0.034602
    -495.600       0.034617
    -495.500       0.034632
    -495.400       0.034646
    -495.300       0.034658
    -495.200       0.034669
    -495.100       0.034678
    -495.000       0.034685
    -494.900       0.034689
    -494.800       0.034691
    -494.700       0.034690
    -494.600       0.034688
    -494.500       0.034685
    -494.400       0.034682
    -494.300       0.034678
    -494.200       0.034674
    -494.100       0.034671
    -494.000       0.034669
    -493.900       0.034668
    -493.800       0.034668
    -493.700       0.034670
    -493.600       0.034672
    -493.500       0.034675
    -493.400       0.034679
    -493.300       0.034682
    -493.200       0.034686
    -493.100       0.034690
    -493.000       0.034694
    -492.900       0.034697
    -492.800       0.034699
    -492.700       0.034701
    -492.600       0.034702
    -492.500       0.034701
    -492.400       0.034700
    -492.300       0.034697
    -492.200       0.034692
    -492.100       0.034687
    -492.000       0.034679
    -491.900       0.034669
    -491.800       0.034658
    -491.700       0.034646
    -491.600       0.034632
    -491.500       0.034619
    -491.400       0.034605
    -491.300       0.034591
    -491.200       0.034578
    -491.100       0.034565
    -491.000       0.034554
    -490.900       0.034544
    -490.800       0.034536
    -490.700       0.034528
    -490.600       0.034520
    -490.500       0.034513
    -490.400       0.034505
    -490.300       0.034497
    -490.200       0.034487
    -490.100       0.034476
    -490.000       0.034463
    -489.900       0.034448
    -489.800       0.034431
    -489.700       0.034413
    -489.600       0.034393
    -489.500       0.034373
    -489.400       0.034352
    -489.300       0.034331
    -489.200       0.034311
    -489.100       0.034291
    -489.000       0.034273
    -488.900       0.034255
    -488.800       0.034239
    -488.700       0.034224
    -488.600       0.034209
    -488.500       0.034195
    -488.400       0.034179
    -488.300       0.034163
    -488.200       0.034146
    -488.100       0.034128
    -488.000       0.034108
    -487.900       0.034085
    -487.800       0.034061
    -487.700       0.034035
    -487.600       0.034007
    -487.500       0.033979
    -487.400       0.033949
    -487.300       0.033919
    -487.200       0.033888
    -487.100       0.033858
    -487.000       0.033827
    -486.900       0.033796
    -486.800       0.033766
    -486.700       0.033737
    -486.600       0.033708
    -486.500       0.033679
    -486.400       0.033652
    -486.300       0.033625
    -486.200       0.033598
    -486.100       0.033573
    -486.000       0.033548
    -485.900       0.033525
    -485.800       0.033501
    -485.700       0.033478
    -485.600       0.033455
    -485.500       0.033431
    -485.400       0.033406
    -485.300       0.033379
    -485.200       0.033351
    -485.100       0.033320
    -485.000       0.033286
    -484.900       0.033249
    -484.800       0.033210
    -484.700       0.033169
    -484.600       0.033126
    -484.500       0.033082
    -484.400       0.033037
    -484.300       0.032993
    -484.200       0.032949
    -484.100       0.032906
    -484.000       0.032866
    -483.900       0.032827
    -483.800       0.032790
    -483.700       0.032754
    -483.600       0.032720
    -483.500       0.032687
    -483.400       0.032654
    -483.300       0.032622
    -483.200       0.032589
    -483.100       0.032556
    -483.000       0.032522
    -482.900       0.032486
    -482.800       0.032450
    -482.700       0.032413
    -482.600       0.032374
    -482.500       0.032335
    -482.400       0.032295
    -482.300       0.032254
    -482.200       0.032212
    -482.100       0.032169
    -482.000       0.032126
    -481.900       0.032082
    -481.800       0.032037
    -481.700       0.031992
    -481.600       0.031947
    -481.500       0.031901
    -481.400       0.031855
    -481.300       0.031809
    -481.200       0.031763
    -481.100       0.031718
    -481.000       0.031672
    -480.900       0.031626
    -480.800       0.031581
    -480.700       0.031536
    -480.600       0.031491
    -480.500       0.031446
    -480.400       0.031400
    -480.300       0.031355
    -480.200       0.031309
    -480.100       0.031262
    -480.000       0.031215
    -479.900       0.031167
    -479.800       0.031118
    -479.700       0.031069
    -479.600       0.031020
    -479.500       0.030970
    -479.400       0.030920
    -479.300       0.030870
    -479.200       0.030819
    -479.100       0.030769
    -479.000       0.030718
    -478.900       0.030668
    -478.800       0.030617
    -478.700       0.030567
    -478.600       0.030517
    -478.500       0.030467
    -478.400       0.030417
    -478.300       0.030366
    -478.200       0.030316
    -478.100       0.030266
    -478.000       0.030216
    -477.900       0.030166
    -477.800       0.030116
    -477.700       0.030065
    -477.600       0.030014
    -477.500       0.029962
    -477.400       0.029909
    -477.300       0.029854
    -477.200       0.029798
    -477.100       0.029740
    -477.000       0.029680
    -476.900       0.029619
    -476.800       0.029555
    -476.700       0.029491
    -476.600       0.029425
    -476.500       0.029360
    -476.400       0.029296
    -476.300       0.029232
    -476.200       0.029171
    -476.100       0.029111
    -476.000       0.029054
    -475.900       0.029001
    -475.800       0.028949
    -475.700       0.028900
    -475.600       0.028852
    -475.500       0.028805
    -475.400       0.028757
    -475.300       0.028708
    -475.200       0.028658
    -475.100       0.028605
    -475.000       0.028550
    -474.900       0.028491
    -474.800       0.028429
    -474.700       0.028364
    -474.600       0.028297
    -474.500       0.028228
    -474.400       0.028158
    -474.300       0.028087
    -474.200       0.028017
    -474.100       0.027946
    -474.000       0.027877
    -473.900       0.027808
    -473.800       0.027741
    -473.700       0.027675
    -473.600       0.027611
    -473.500       0.027547
    -473.400       0.027485
    -473.300       0.027423
    -473.200       0.027363
    -473.100       0.027304
    -473.000       0.027246
    -472.900       0.027188
    -472.800       0.027131
    -472.700       0.027074
    -472.600       0.027018
    -472.500       0.026960
    -472.400       0.026902
    -472.300       0.026843
    -472.200       0.026782
    -472.100       0.026720
    -472.000       0.026655
    -471.900       0.026588
    -471.800       0.026519
    -471.700       0.026449
    -471.600       0.026377
    -471.500       0.026304
    -471.400       0.026232
    -471.300       0.026160
    -471.200       0.026088
    -471.100       0.026018
    -471.000       0.025949
    -470.900       0.025883
    -470.800       0.025818
    -470.700       0.025754
    -470.600       0.025691
    -470.500       0.025629
    -470.400       0.025567
    -470.300       0.025505
    -470.200       0.025442
    -470.100       0.025378
    -470.000       0.025313
    -469.900       0.025245
    -469.800       0.025176
    -469.700       0.025106
    -469.600       0.025035
    -469.500       0.024963
    -469.400       0.024891
    -469.300       0.024819
    -469.200       0.024747
    -469.100       0.024676
    -469.000       0.024606
    -468.900       0.024536
    -468.800       0.024468
    -468.700       0.024401
    -468.600       0.024334
    -468.500       0.024268
    -468.400       0.024202
    -468.300       0.024136
    -468.200       0.024070
    -468.100       0.024004
    -468.000       0.023938
    -467.900       0.023871
    -467.800       0.023803
    -467.700       0.023735
    -467.600       0.023666
    -467.500       0.023597
    -467.400       0.023526
    -467.300       0.023455
    -467.200       0.023382
    -467.100       0.023309
    -467.000       0.023235
    -466.900       0.023160
    -466.800       0.023084
    -466.700       0.023007
    -466.600       0.022930
    -466.500       0.022854
    -466.400       0.022777
    -466.300       0.022701
    -466.200       0.022626
    -466.100       0.022551
    -466.000       0.022478
    -465.900       0.022406
    -465.800       0.022336
    -465.700       0.022267
    -465.600       0.022199
    -465.500       0.022131
    -465.400       0.022064
    -465.300       0.021997
    -465.200       0.021930
    -465.100       0.021863
    -465.000       0.021796
    -464.900       0.021729
    -464.800       0.021660
    -464.700       0.021591
    -464.600       0.021521
    -464.500       0.021450
    -464.400       0.021378
    -464.300       0.021304
    -464.200       0.021229
    -464.100       0.021153
    -464.000       0.021075
    -463.900       0.020995
    -463.800       0.020913
    -463.700       0.020831
    -463.600       0.020749
    -463.500       0.020666
    -463.400       0.020585
    -463.300       0.020504
    -463.200       0.020425
    -463.100       0.020349
    -463.000       0.020275
    -462.900       0.020204
    -462.800       0.020135
    -462.700       0.020069
    -462.600       0.020004
    -462.500       0.019940
    -462.400       0.019876
    -462.300       0.019811
    -462.200       0.019746
    -462.100       0.019679
    -462.000       0.019610
    -461.900       0.019539
    -461.800       0.019465
    -461.700       0.019389
    -461.600       0.019312
    -461.500       0.019234
    -461.400       0.019155
    -461.300       0.019076
    -461.200       0.018997
    -461.100       0.018919
    -461.000       0.018842
    -460.900       0.018766
    -460.800       0.018691
    -460.700       0.018617
    -460.600       0.018544
    -460.500       0.018471
    -460.400       0.018399
    -460.300       0.018327
    -460.200       0.018255
    -460.100       0.018183
    -460.000       0.018110
    -459.900       0.018037
    -459.800       0.017963
    -459.700       0.017889
    -459.600       0.017815
    -459.500       0.017741
    -459.400       0.017667
    -459.300       0.017593
    -459.200       0.017520
    -459.100       0.017447
    -459.000       0.017375
    -458.900       0.017303
    -458.800       0.017233
    -458.700       0.017163
    -458.600       0.017093
    -458.500       0.017023
    -458.400       0.016954
    -458.300       0.016884
    -458.200       0.016815
    -458.100       0.016745
    -458.000       0.016674
    -457.900       0.016603
    -457.800       0.016531
    -457.700       0.016459
    -457.600       0.016386
    -457.500       0.016313
    -457.400       0.016240
    -457.300       0.016166
    -457.200       0.016093
    -457.100       0.016020
    -457.000       0.015947
    -456.900       0.015874
    -456.800       0.015801
    -456.700       0.015729
    -456.600       0.015657
    -456.500       0.015585
    -456.400       0.015513
    -456.300       0.015442
    -456.200       0.015371
    -456.100       0.015300
    -456.000       0.015229
    -455.900       0.015158
    -455.800       0.015088
    -455.700       0.015018
    -455.600       0.014949
    -455.500       0.014879
    -455.400       0.014810
    -455.300       0.014742
    -455.200       0.014674
    -455.100       0.014606
    -455.000       0.014539
    -454.900       0.014473
    -454.800       0.014407
    -454.700       0.014341
    -454.600       0.014275
    -454.500       0.014209
    -454.400       0.014143
    -454.300       0.014076
    -454.200       0.014009
    -454.100       0.013941
    -454.000       0.013872
    -453.900       0.013803
    -453.800       0.013732
    -453.700       0.013661
    -453.600       0.013589
    -453.500       0.013517
    -453.400       0.013445
    -453.300       0.013374
    -453.200       0.013302
    -453.100       0.013231
    -453.000       0.013161
    -452.900       0.013092
    -452.800       0.013024
    -452.700       0.012956
    -452.600       0.012890
    -452.500       0.012824
    -452.400       0.012759
    -452.300       0.012695
    -452.200       0.012632
    -452.100       0.012569
    -452.000       0.012507
    -451.900       0.012446
    -451.800       0.012385
    -451.700       0.012325
    -451.600       0.012264
    -451.500       0.012203
    -451.400       0.012142
    -451.300       0.012081
    -451.200       0.012019
    -451.100       0.011955
    -451.000       0.011891
    -450.900       0.011825
    -450.800       0.011758
    -450.700       0.011690
    -450.600       0.011622
    -450.500       0.011554
    -450.400       0.011487
    -450.300       0.011420
    -450.200       0.011353
    -450.100       0.011288
    -450.000       0.011225
    -449.900       0.011164
    -449.800       0.011104
    -449.700       0.011045
    -449.600       0.010988
    -449.500       0.010931
    -449.400       0.010874
    -449.300       0.010818
    -449.200       0.010761
    -449.100       0.010704
    -449.000       0.010646
    -448.900       0.010586
    -448.800       0.010526
    -448.700       0.010465
    -448.600       0.010404
    -448.500       0.010343
    -448.400       0.010283
    -448.300       0.010222
    -448.200       0.010163
    -448.100       0.010105
    -448.000       0.010049
    -447.900       0.009994
    -447.800       0.009941
    -447.700       0.009890
    -447.600       0.009839
    -447.500       0.009789
    -447.400       0.009739
    -447.300       0.009690
    -447.200       0.009640
    -447.100       0.009590
    -447.000       0.009539
    -446.900       0.009488
    -446.800       0.009435
    -446.700       0.009382
    -446.600       0.009328
    -446.500       0.009274
    -446.400       0.009219
    -446.300       0.009165
    -446.200       0.009110
    -446.100       0.009055
    -446.000       0.009001
    -445.900       0.008946
    -445.800       0.008893
    -445.700       0.008840
    -445.600       0.008789
    -445.500       0.008738
    -445.400       0.008689
    -445.300       0.008642
    -445.200       0.008596
    -445.100       0.008553
    -445.000       0.008512
    -444.900       0.008473
    -444.800       0.008437
    -444.700       0.008402
    -444.600       0.008368
    -444.500       0.008334
    -444.400       0.008301
    -444.300       0.008266
    -444.200       0.008231
    -444.100       0.008194
    -444.000       0.008155
    -443.900       0.008113
    -443.800       0.008070
    -443.700       0.008025
    -443.600       0.007979
    -443.500       0.007932
    -443.400       0.007885
    -443.300       0.007839
    -443.200       0.007795
    -443.100       0.007752
    -443.000       0.007711
    -442.900       0.007673
    -442.800       0.007638
    -442.700       0.007605
    -442.600       0.007574
    -442.500       0.007544
    -442.400       0.007516
    -442.300       0.007490
    -442.200       0.007464
    -442.100       0.007438
    -442.000       0.007413
    -441.900       0.007388
    -441.800       0.007364
    -441.700       0.007339
    -441.600       0.007314
    -441.500       0.007290
    -441.400       0.007265
    -441.300       0.007241
    -441.200       0.007217
    -441.100       0.007194
    -441.000       0.007170
    -440.900       0.007147
    -440.800       0.007125
    -440.700       0.007102
    -440.600       0.007081
    -440.500       0.007060
    -440.400       0.007040
    -440.300       0.007020
    -440.200       0.007002
    -440.100       0.006985
    -440.000       0.006968
    -439.900       0.006953
    -439.800       0.006939
    -439.700       0.006926
    -439.600       0.006914
    -439.500       0.006902
    -439.400       0.006891
    -439.300       0.006880
    -439.200       0.006870
    -439.100       0.006860
    -439.000       0.006849
    -438.900       0.006839
    -438.800       0.006829
    -438.700       0.006819
    -438.600       0.006809
    -438.500       0.006801
    -438.400       0.006794
    -438.300       0.006787
    -438.200       0.006783
    -438.100       0.006780
    -438.000       0.006780
    -437.900       0.006781
    -437.800       0.006785
    -437.700       0.006790
    -437.600       0.006797
    -437.500       0.006804
    -437.400       0.006812
    -437.300       0.006821
    -437.200       0.006830
    -437.100       0.006838
    -437.000       0.006846
    -436.900       0.006853
    -436.800       0.006859
    -436.700       0.006865
    -436.600       0.006871
    -436.500       0.006876
    -436.400       0.006882
    -436.300       0.006888
    -436.200       0.006895
    -436.100       0.006902
    -436.000       0.006910
    -435.900       0.006920
    -435.800       0.006930
    -435.700       0.006942
    -435.600       0.006955
    -435.500       0.006969
    -435.400       0.006984
    -435.300       0.006999
    -435.200       0.007016
    -435.100       0.007034
    -435.000       0.007052
    -434.900       0.007071
    -434.800       0.007091
    -434.700       0.007112
    -434.600       0.007134
    -434.500       0.007156
    -434.400       0.007179
    -434.300       0.007202
    -434.200       0.007227
    -434.100       0.007252
    -434.000       0.007277
    -433.900       0.007303
    -433.800       0.007330
    -433.700       0.007357
    -433.600       0.007384
    -433.500       0.007412
    -433.400       0.007439
    -433.300       0.007466
    -433.200       0.007493
    -433.100       0.007519
    -433.000       0.007545
    -432.900       0.007570
    -432.800       0.007595
    -432.700       0.007620
    -432.600       0.007644
    -432.500       0.007669
    -432.400       0.007695
    -432.300       0.007721
    -432.200       0.007747
    -432.100       0.007776
    -432.000       0.007805
    -431.900       0.007836
    -431.800       0.007869
    -431.700       0.007903
    -431.600       0.007937
    -431.500       0.007973
    -431.400       0.008009
    -431.300       0.008045
    -431.200       0.008082
    -431.100       0.008118
    -431.000       0.008154
    -430.900       0.008190
    -430.800       0.008225
    -430.700       0.008260
    -430.600       0.008294
    -430.500       0.008329
    -430.400       0.008364
    -430.300       0.008400
    -430.200       0.008436
    -430.100       0.008473
    -430.000       0.008511
    -429.900       0.008550
    -429.800       0.008590
    -429.700       0.008630
    -429.600       0.008671
    -429.500       0.008712
    -429.400       0.008753
    -429.300       0.008793
    -429.200       0.008833
    -429.100       0.008872
    -429.000       0.008910
    -428.900       0.008947
    -428.800       0.008983
    -428.700       0.009018
    -428.600       0.009052
    -428.500       0.009086
    -428.400       0.009121
    -428.300       0.009156
    -428.200       0.009192
    -428.100       0.009229
    -428.000       0.009267
    -427.900       0.009306
    -427.800       0.009348
    -427.700       0.009390
    -427.600       0.009434
    -427.500       0.009478
    -427.400       0.009523
    -427.300       0.009569
    -427.200       0.009615
    -427.100       0.009661
    -427.000       0.009707
    -426.900       0.009753
    -426.800       0.009799
    -426.700       0.009844
    -426.600       0.009888
    -426.500       0.009932
    -426.400       0.009975
    -426.300       0.010018
    -426.200       0.010059
    -426.100       0.010100
    -426.000       0.010139
    -425.900       0.010177
    -425.800       0.010214
    -425.700       0.010251
    -425.600       0.010287
    -425.500       0.010324
    -425.400       0.010360
    -425.300       0.010397
    -425.200       0.010435
    -425.100       0.010474
    -425.000       0.010514
    -424.900       0.010556
    -424.800       0.010599
    -424.700       0.010644
    -424.600       0.010689
    -424.500       0.010735
    -424.400       0.010781
    -424.300       0.010828
    -424.200       0.010874
    -424.100       0.010919
    -424.000       0.010964
    -423.900       0.011008
    -423.800       0.011051
    -423.700       0.011093
    -423.600       0.011134
    -423.500       0.011175
    -423.400       0.011215
    -423.300       0.011255
    -423.200       0.011295
    -423.100       0.011335
    -423.000       0.011374
    -422.900       0.011414
    -422.800       0.011454
    -422.700       0.011493
    -422.600       0.011533
    -422.500       0.011573
    -422.400       0.011613
    -422.300       0.011652
    -422.200       0.011692
    -422.100       0.011732
    -422.000       0.011771
    -421.900       0.011811
    -421.800       0.011850
    -421.700       0.011890
    -421.600       0.011929
    -421.500       0.011969
    -421.400       0.012008
    -421.300       0.012047
    -421.200       0.012087
    -421.100       0.012126
    -421.000       0.012165
    -420.900       0.012205
    -420.800       0.012244
    -420.700       0.012283
    -420.600       0.012323
    -420.500       0.012362
    -420.400       0.012401
    -420.300       0.012440
    -420.200       0.012479
    -420.100       0.012518
    -420.000       0.012557
    -419.900       0.012595
    -419.800       0.012633
    -419.700       0.012671
    -419.600       0.012709
    -419.500       0.012747
    -419.400       0.012785
    -419.300       0.012823
    -419.200       0.012861
    -419.100       0.012899
    -419.000       0.012937
    -418.900       0.012975
    -418.800       0.013013
    -418.700       0.013051
    -418.600       0.013089
    -418.500       0.013126
    -418.400       0.013162
    -418.300       0.013197
    -418.200       0.013231
    -418.100       0.013264
    -418.000       0.013295
    -417.900       0.013324
    -417.800       0.013352
    -417.700       0.013380
    -417.600       0.013407
    -417.500       0.013434
    -417.400       0.013462
    -417.300       0.013491
    -417.200       0.013522
    -417.100       0.013554
    -417.000       0.013590
    -416.900       0.013628
    -416.800       0.013669
    -416.700       0.013712
    -416.600       0.013755
    -416.500       0.013799
    -416.400       0.013843
    -416.300       0.013885
    -416.200       0.013926
    -416.100       0.013965
    -416.000       0.014000
    -415.900       0.014032
    -415.800       0.014061
    -415.700       0.014087
    -415.600       0.014112
    -415.500       0.014134
    -415.400       0.014156
    -415.300       0.014177
    -415.200       0.014198
    -415.100       0.014220
    -415.000       0.014242
    -414.900       0.014267
    -414.800       0.014293
    -414.700       0.014321
    -414.600       0.014349
    -414.500       0.014379
    -414.400       0.014410
    -414.300       0.014441
    -414.200       0.014472
    -414.100       0.014505
    -414.000       0.014537
    -413.900       0.014569
    -413.800       0.014601
    -413.700       0.014633
    -413.600       0.014664
    -413.500       0.014695
    -413.400       0.014725
    -413.300       0.014754
    -413.200       0.014783
    -413.100       0.014810
    -413.000       0.014836
    -412.900       0.014861
    -412.800       0.014885
    -412.700       0.014908
    -412.600       0.014930
    -412.500       0.014951
    -412.400       0.014972
    -412.300       0.014993
    -412.200       0.015014
    -412.100       0.015035
    -412.000       0.015056
    -411.900       0.015078
    -411.800       0.015100
    -411.700       0.015122
    -411.600       0.015145
    -411.500       0.015167
    -411.400       0.015190
    -411.300       0.015213
    -411.200       0.015235
    -411.100       0.015257
    -411.000       0.015279
    -410.900       0.015300
    -410.800       0.015321
    -410.700       0.015342
    -410.600       0.015362
    -410.500       0.015382
    -410.400       0.015402
    -410.300       0.015421
    -410.200       0.015441
    -410.100       0.015460
    -410.000       0.015480
    -409.900       0.015499
    -409.800       0.015519
    -409.700       0.015538
    -409.600       0.015557
    -409.500       0.015576
    -409.400       0.015595
    -409.300       0.015613
    -409.200       0.015631
    -409.100       0.015648
    -409.000       0.015664
    -408.900       0.015680
    -408.800       0.015695
    -408.700       0.015709
    -408.600       0.015723
    -408.500       0.015736
    -408.400       0.015748
    -408.300       0.015761
    -408.200       0.015772
    -408.100       0.015784
    -408.000       0.015795
    -407.900       0.015806
    -407.800       0.015816
    -407.700       0.015827
    -407.600       0.015837
    -407.500       0.015847
    -407.400       0.015858
    -407.300       0.015868
    -407.200       0.015878
    -407.100       0.015889
    -407.000       0.015899
    -406.900       0.015910
    -406.800       0.015922
    -406.700       0.015933
    -406.600       0.015944
    -406.500       0.015955
    -406.400       0.015966
    -406.300       0.015977
    -406.200       0.015987
    -406.100       0.015997
    -406.000       0.016007
    -405.900       0.016016
    -405.800       0.016024
    -405.700       0.016032
    -405.600       0.016039
    -405.500       0.016045
    -405.400       0.016050
    -405.300       0.016054
    -405.200       0.016057
    -405.100       0.016059
    -405.000       0.016059
    -404.900       0.016059
    -404.800       0.016057
    -404.700       0.016054
    -404.600       0.016052
    -404.500       0.016048
    -404.400       0.016045
    -404.300       0.016043
    -404.200       0.016041
    -404.100       0.016040
    -404.000       0.016040
    -403.900       0.016041
    -403.800       0.016044
    -403.700       0.016047
    -403.600       0.016051
    -403.500       0.016055
    -403.400       0.016059
    -403.300       0.016063
    -403.200       0.016065
    -403.100       0.016067
    -403.000       0.016067
    -402.900       0.016066
    -402.800       0.016063
    -402.700       0.016059
    -402.600       0.016053
    -402.500       0.016047
    -402.400       0.016039
    -402.300       0.016031
    -402.200       0.016022
    -402.100       0.016012
    -402.000       0.016003
    -401.900       0.015993
    -401.800       0.015982
    -401.700       0.015972
    -401.600       0.015962
    -401.500       0.015952
    -401.400       0.015942
    -401.300       0.015933
    -401.200       0.015923
    -401.100       0.015915
    -401.000       0.015906
    -400.900       0.015898
    -400.800       0.015890
    -400.700       0.015883
    -400.600       0.015875
    -400.500       0.015866
    -400.400       0.015857
    -400.300       0.015848
    -400.200       0.015837
    -400.100       0.015824
    -400.000       0.015810
    -399.900       0.015795
    -399.800       0.015777
    -399.700       0.015759
    -399.600       0.015740
    -399.500       0.015721
    -399.400       0.015702
    -399.300       0.015683
    -399.200       0.015665
    -399.100       0.015648
    -399.000       0.015633
    -398.900       0.015620
    -398.800       0.015608
    -398.700       0.015596
    -398.600       0.015586
    -398.500       0.015575
    -398.400       0.015563
    -398.300       0.015550
    -398.200       0.015535
    -398.100       0.015518
    -398.000       0.015498
    -397.900       0.015475
    -397.800       0.015449
    -397.700       0.015421
    -397.600       0.015391
    -397.500       0.015360
    -397.400       0.015329
    -397.300       0.015298
    -397.200       0.015267
    -397.100       0.015238
    -397.000       0.015211
    -396.900       0.015186
    -396.800       0.015163
    -396.700       0.015143
    -396.600       0.015123
    -396.500       0.015104
    -396.400       0.015086
    -396.300       0.015069
    -396.200       0.015051
    -396.100       0.015032
    -396.000       0.015013
    -395.900       0.014993
    -395.800       0.014971
    -395.700       0.014948
    -395.600       0.014923
    -395.500       0.014897
    -395.400       0.014870
    -395.300       0.014841
    -395.200       0.014811
    -395.100       0.014779
    -395.000       0.014746
    -394.900       0.014711
    -394.800       0.014675
    -394.700       0.014638
    -394.600       0.014601
    -394.500       0.014563
    -394.400       0.014526
    -394.300       0.014488
    -394.200       0.014452
    -394.100       0.014417
    -394.000       0.014383
    -393.900       0.014351
    -393.800       0.014321
    -393.700       0.014292
    -393.600       0.014263
    -393.500       0.014235
    -393.400       0.014207
    -393.300       0.014179
    -393.200       0.014150
    -393.100       0.014121
    -393.000       0.014090
    -392.900       0.014058
    -392.800       0.014025
    -392.700       0.013990
    -392.600       0.013953
    -392.500       0.013916
    -392.400       0.013878
    -392.300       0.013839
    -392.200       0.013799
    -392.100       0.013758
    -392.000       0.013717
    -391.900       0.013676
    -391.800       0.013634
    -391.700       0.013592
    -391.600       0.013549
    -391.500       0.013507
    -391.400       0.013465
    -391.300       0.013423
    -391.200       0.013381
    -391.100       0.013340
    -391.000       0.013299
    -390.900       0.013259
    -390.800       0.013220
    -390.700       0.013180
    -390.600       0.013141
    -390.500       0.013101
    -390.400       0.013061
    -390.300       0.013021
    -390.200       0.012979
    -390.100       0.012937
    -390.000       0.012893
    -389.900       0.012848
    -389.800       0.012802
    -389.700       0.012754
    -389.600       0.012706
    -389.500       0.012657
    -389.400       0.012609
    -389.300       0.012559
    -389.200       0.012511
    -389.100       0.012462
    -389.000       0.012414
    -388.900       0.012367
    -388.800       0.012321
    -388.700       0.012275
    -388.600       0.012229
    -388.500       0.012183
    -388.400       0.012137
    -388.300       0.012091
    -388.200       0.012044
    -388.100       0.011997
    -388.000       0.011948
    -387.900       0.011898
    -387.800       0.011847
    -387.700       0.011795
    -387.600       0.011742
    -387.500       0.011688
    -387.400       0.011633
    -387.300       0.011577
    -387.200       0.011520
    -387.100       0.011462
    -387.000       0.011403
    -386.900       0.011344
    -386.800       0.011284
    -386.700       0.011224
    -386.600       0.011164
    -386.500       0.011104
    -386.400       0.011046
    -386.300       0.010988
    -386.200       0.010932
    -386.100       0.010877
    -386.000       0.010825
    -385.900       0.010774
    -385.800       0.010725
    -385.700       0.010678
    -385.600       0.010630
    -385.500       0.010583
    -385.400       0.010535
    -385.300       0.010485
    -385.200       0.010433
    -385.100       0.010378
    -385.000       0.010319
    -384.900       0.010257
    -384.800       0.010192
    -384.700       0.010123
    -384.600       0.010053
    -384.500       0.009982
    -384.400       0.009910
    -384.300       0.009838
    -384.200       0.009767
    -384.100       0.009697
    -384.000       0.009630
    -383.900       0.009566
    -383.800       0.009504
    -383.700       0.009444
    -383.600       0.009386
    -383.500       0.009329
    -383.400       0.009273
    -383.300       0.009218
    -383.200       0.009162
    -383.100       0.009106
    -383.000       0.009049
    -382.900       0.008991
    -382.800       0.008931
    -382.700       0.008871
    -382.600       0.008809
    -382.500       0.008747
    -382.400       0.008684
    -382.300       0.008620
    -382.200       0.008555
    -382.100       0.008490
    -382.000       0.008425
    -381.900       0.008359
    -381.800       0.008293
    -381.700       0.008227
    -381.600       0.008161
    -381.500       0.008095
    -381.400       0.008029
    -381.300       0.007963
    -381.200       0.007897
    -381.100       0.007831
    -381.000       0.007766
    -380.900       0.007701
    -380.800       0.007636
    -380.700       0.007571
    -380.600       0.007507
    -380.500       0.007443
    -380.400       0.007379
    -380.300       0.007315
    -380.200       0.007251
    -380.100       0.007187
    -380.000       0.007124
    -379.900       0.007060
    -379.800       0.006996
    -379.700       0.006932
    -379.600       0.006869
    -379.500       0.006805
    -379.400       0.006742
    -379.300       0.006680
    -379.200       0.006617
    -379.100       0.006555
    -379.000       0.006494
    -378.900       0.006433
    -378.800       0.006373
    -378.700       0.006313
    -378.600       0.006253
    -378.500       0.006194
    -378.400       0.006136
    -378.300       0.006077
    -378.200       0.006019
    -378.100       0.005961
    -378.000       0.005904
    -377.900       0.005846
    -377.800       0.005789
    -377.700       0.005732
    -377.600       0.005675
    -377.500       0.005618
    -377.400       0.005561
    -377.300       0.005504
    -377.200       0.005447
    -377.100       0.005391
    -377.000       0.005334
    -376.900       0.005278
    -376.800       0.005222
    -376.700       0.005166
    -376.600       0.005111
    -376.500       0.005058
    -376.400       0.005005
    -376.300       0.004955
    -376.200       0.004906
    -376.100       0.004860
    -376.000       0.004816
    -375.900       0.004775
    -375.800       0.004736
    -375.700       0.004700
    -375.600       0.004665
    -375.500       0.004632
    -375.400       0.004600
    -375.300       0.004569
    -375.200       0.004539
    -375.100       0.004510
    -375.000       0.004480
    -374.900       0.004451
    -374.800       0.004421
    -374.700       0.004392
    -374.600       0.004363
    -374.500       0.004336
    -374.400       0.004309
    -374.300       0.004284
    -374.200       0.004261
    -374.100       0.004239
    -374.000       0.004219
    -373.900       0.004202
    -373.800       0.004188
    -373.700       0.004175
    -373.600       0.004165
    -373.500       0.004158
    -373.400       0.004153
    -373.300       0.004150
    -373.200       0.004149
    -373.100       0.004151
    -373.000       0.004155
    -372.900       0.004161
    -372.800       0.004170
    -372.700       0.004180
    -372.600       0.004193
    -372.500       0.004207
    -372.400       0.004222
    -372.300       0.004239
    -372.200       0.004258
    -372.100       0.004277
    -372.000       0.004298
    -371.900       0.004319
    -371.800       0.004341
    -371.700       0.004365
    -371.600       0.004391
    -371.500       0.004418
    -371.400       0.004447
    -371.300       0.004479
    -371.200       0.004514
    -371.100       0.004551
    -371.000       0.004592
    -370.900       0.004635
    -370.800       0.004682
    -370.700       0.004731
    -370.600       0.004782
    -370.500       0.004835
    -370.400       0.004888
    -370.300       0.004942
    -370.200       0.004995
    -370.100       0.005048
    -370.000       0.005100
    -369.900       0.005150
    -369.800       0.005199
    -369.700       0.005248
    -369.600       0.005296
    -369.500       0.005344
    -369.400       0.005393
    -369.300       0.005443
    -369.200       0.005494
    -369.100       0.005548
    -369.000       0.005604
    -368.900       0.005663
    -368.800       0.005725
    -368.700       0.005789
    -368.600       0.005855
    -368.500       0.005924
    -368.400       0.005994
    -368.300       0.006066
    -368.200       0.006140
    -368.100       0.006214
    -368.000       0.006290
    -367.900       0.006366
    -367.800       0.006442
    -367.700       0.006519
    -367.600       0.006596
    -367.500       0.006673
    -367.400       0.006749
    -367.300       0.006825
    -367.200       0.006900
    -367.100       0.006974
    -367.000       0.007047
    -366.900       0.007119
    -366.800       0.007189
    -366.700       0.007260
    -366.600       0.007329
    -366.500       0.007400
    -366.400       0.007470
    -366.300       0.007542
    -366.200       0.007615
    -366.100       0.007690
    -366.000       0.007766
    -365.900       0.007846
    -365.800       0.007927
    -365.700       0.008010
    -365.600       0.008095
    -365.500       0.008180
    -365.400       0.008266
    -365.300       0.008352
    -365.200       0.008438
    -365.100       0.008523
    -365.000       0.008607
    -364.900       0.008689
    -364.800       0.008771
    -364.700       0.008851
    -364.600       0.008932
    -364.500       0.009012
    -364.400       0.009092
    -364.300       0.009173
    -364.200       0.009254
    -364.100       0.009337
    -364.000       0.009421
    -363.900       0.009507
    -363.800       0.009595
    -363.700       0.009684
    -363.600       0.009774
    -363.500       0.009864
    -363.400       0.009955
    -363.300       0.010046
    -363.200       0.010136
    -363.100       0.010226
    -363.000       0.010315
    -362.900       0.010403
    -362.800       0.010490
    -362.700       0.010575
    -362.600       0.010660
    -362.500       0.010744
    -362.400       0.010828
    -362.300       0.010911
    -362.200       0.010994
    -362.100       0.011077
    -362.000       0.011160
    -361.900       0.011244
    -361.800       0.011327
    -361.700       0.011411
    -361.600       0.011496
    -361.500       0.011582
    -361.400       0.011669
    -361.300       0.011757
    -361.200       0.011847
    -361.100       0.011938
    -361.000       0.012031
    -360.900       0.012126
    -360.800       0.012223
    -360.700       0.012321
    -360.600       0.012419
    -360.500       0.012517
    -360.400       0.012615
    -360.300       0.012711
    -360.200       0.012805
    -360.100       0.012898
    -360.000       0.012987
    -359.900       0.013074
    -359.800       0.013157
    -359.700       0.013239
    -359.600       0.013319
    -359.500       0.013398
    -359.400       0.013477
    -359.300       0.013556
    -359.200       0.013636
    -359.100       0.013718
    -359.000       0.013802
    -358.900       0.013889
    -358.800       0.013978
    -358.700       0.014068
    -358.600       0.014161
    -358.500       0.014254
    -358.400       0.014348
    -358.300       0.014443
    -358.200       0.014537
    -358.100       0.014631
    -358.000       0.014723
    -357.900       0.014815
    -357.800       0.014905
    -357.700       0.014994
    -357.600       0.015082
    -357.500       0.015170
    -357.400       0.015257
    -357.300       0.015343
    -357.200       0.015429
    -357.100       0.015515
    -357.000       0.015601
    -356.900       0.015688
    -356.800       0.015774
    -356.700       0.015861
    -356.600       0.015948
    -356.500       0.016035
    -356.400       0.016122
    -356.300       0.016209
    -356.200       0.016296
    -356.100       0.016382
    -356.000       0.016469
    -355.900       0.016556
    -355.800       0.016643
    -355.700       0.016729
    -355.600       0.016816
    -355.500       0.016902
    -355.400       0.016988
    -355.300       0.017073
    -355.200       0.017158
    -355.100       0.017243
    -355.000       0.017327
    -354.900       0.017411
    -354.800       0.017494
    -354.700       0.017577
    -354.600       0.017660
    -354.500       0.017743
    -354.400       0.017826
    -354.300       0.017909
    -354.200       0.017993
    -354.100       0.018077
    -354.000       0.018161
    -353.900       0.018247
    -353.800       0.018333
    -353.700       0.018419
    -353.600       0.018505
    -353.500       0.018592
    -353.400       0.018679
    -353.300       0.018766
    -353.200       0.018852
    -353.100       0.018938
    -353.000       0.019023
    -352.900       0.019108
    -352.800       0.019192
    -352.700       0.019275
    -352.600       0.019358
    -352.500       0.019440
    -352.400       0.019520
    -352.300       0.019600
    -352.200       0.019679
    -352.100       0.019757
    -352.000       0.019834
    -351.900       0.019910
    -351.800       0.019985
    -351.700       0.020060
    -351.600       0.020135
    -351.500       0.020209
    -351.400       0.020285
    -351.300       0.020361
    -351.200       0.020438
    -351.100       0.020517
    -351.000       0.020598
    -350.900       0.020680
    -350.800       0.020764
    -350.700       0.020850
    -350.600       0.020936
    -350.500       0.021022
    -350.400       0.021109
    -350.300       0.021195
    -350.200       0.021280
    -350.100       0.021363
    -350.000       0.021445
    -349.900       0.021525
    -349.800       0.021603
    -349.700       0.021679
    -349.600       0.021754
    -349.500       0.021827
    -349.400       0.021900
    -349.300       0.021971
    -349.200       0.022042
    -349.100       0.022112
    -349.000       0.022182
    -348.900       0.022252
    -348.800       0.022322
    -348.700       0.022392
    -348.600       0.022462
    -348.500       0.022534
    -348.400       0.022606
    -348.300       0.022679
    -348.200       0.022753
    -348.100       0.022829
    -348.000       0.022906
    -347.900       0.022984
    -347.800       0.023064
    -347.700       0.023144
    -347.600       0.023225
    -347.500       0.023306
    -347.400       0.023386
    -347.300       0.023465
    -347.200       0.023543
    -347.100       0.023619
    -347.000       0.023692
    -346.900       0.023763
    -346.800       0.023832
    -346.700       0.023899
    -346.600       0.023965
    -346.500       0.024030
    -346.400       0.024094
    -346.300       0.024159
    -346.200       0.024224
    -346.100       0.024291
    -346.000       0.024359
    -345.900       0.024429
    -345.800       0.024501
    -345.700       0.024574
    -345.600       0.024648
    -345.500       0.024722
    -345.400       0.024797
    -345.300       0.024871
    -345.200       0.024944
    -345.100       0.025016
    -345.000       0.025086
    -344.900       0.025154
    -344.800       0.025221
    -344.700       0.025286
    -344.600       0.025350
    -344.500       0.025413
    -344.400       0.025476
    -344.300       0.025538
    -344.200       0.025601
    -344.100       0.025664
    -344.000       0.025727
    -343.900       0.025792
    -343.800       0.025857
    -343.700       0.025924
    -343.600       0.025991
    -343.500       0.026058
    -343.400       0.026126
    -343.300       0.026194
    -343.200       0.026262
    -343.100       0.026330
    -343.000       0.026397
    -342.900       0.026465
    -342.800       0.026531
    -342.700       0.026598
    -342.600       0.026663
    -342.500       0.026728
    -342.400       0.026792
    -342.300       0.026855
    -342.200       0.026918
    -342.100       0.026979
    -342.000       0.027039
    -341.900       0.027098
    -341.800       0.027155
    -341.700       0.027212
    -341.600       0.027269
    -341.500       0.027325
    -341.400       0.027381
    -341.300       0.027436
    -341.200       0.027492
    -341.100       0.027549
    -341.000       0.027606
    -340.900       0.027664
    -340.800       0.027722
    -340.700       0.027782
    -340.600       0.027842
    -340.500       0.027903
    -340.400       0.027964
    -340.300       0.028026
    -340.200       0.028088
    -340.100       0.028151
    -340.000       0.028215
    -339.900       0.028278
    -339.800       0.028342
    -339.700       0.028405
    -339.600       0.028468
    -339.500       0.028529
    -339.400       0.028590
    -339.300       0.028648
    -339.200       0.028705
    -339.100       0.028759
    -339.000       0.028811
    -338.900       0.028860
    -338.800       0.028906
    -338.700       0.028951
    -338.600       0.028995
    -338.500       0.029038
    -338.400       0.029082
    -338.300       0.029126
    -338.200       0.029171
    -338.100       0.029219
    -338.000       0.029270
    -337.900       0.029323
    -337.800       0.029380
    -337.700       0.029438
    -337.600       0.029498
    -337.500       0.029559
    -337.400       0.029621
    -337.300       0.029682
    -337.200       0.029742
    -337.100       0.029801
    -337.000       0.029858
    -336.900       0.029912
    -336.800       0.029964
    -336.700       0.030014
    -336.600       0.030062
    -336.500       0.030109
    -336.400       0.030155
    -336.300       0.030200
    -336.200       0.030244
    -336.100       0.030289
    -336.000       0.030333
    -335.900       0.030378
    -335.800       0.030424
    -335.700       0.030469
    -335.600       0.030515
    -335.500       0.030562
    -335.400       0.030608
    -335.300       0.030655
    -335.200       0.030702
    -335.100       0.030748
    -335.000       0.030795
    -334.900       0.030841
    -334.800       0.030887
    -334.700       0.030933
    -334.600       0.030979
    -334.500       0.031025
    -334.400       0.031071
    -334.300       0.031116
    -334.200       0.031161
    -334.100       0.031206
    -334.000       0.031251
    -333.900       0.031296
    -333.800       0.031340
    -333.700       0.031385
    -333.600       0.031429
    -333.500       0.031473
    -333.400       0.031517
    -333.300       0.031561
    -333.200       0.031604
    -333.100       0.031648
    -333.000       0.031691
    -332.900       0.031735
    -332.800       0.031778
    -332.700       0.031821
    -332.600       0.031864
    -332.500       0.031906
    -332.400       0.031948
    -332.300       0.031990
    -332.200       0.032030
    -332.100       0.032070
    -332.000       0.032109
    -331.900       0.032148
    -331.800       0.032185
    -331.700       0.032222
    -331.600       0.032259
    -331.500       0.032295
    -331.400       0.032331
    -331.300       0.032367
    -331.200       0.032404
    -331.100       0.032440
    -331.000       0.032477
    -330.900       0.032515
    -330.800       0.032553
    -330.700       0.032592
    -330.600       0.032631
    -330.500       0.032670
    -330.400       0.032710
    -330.300       0.032749
    -330.200       0.032789
    -330.100       0.032829
    -330.000       0.032868
    -329.900       0.032908
    -329.800       0.032947
    -329.700       0.032985
    -329.600       0.033024
    -329.500       0.033061
    -329.400       0.033099
    -329.300       0.033135
    -329.200       0.033172
    -329.100       0.033207
    -329.000       0.033241
    -328.900       0.033275
    -328.800       0.033308
    -328.700       0.033341
    -328.600       0.033372
    -328.500       0.033403
    -328.400       0.033434
    -328.300       0.033465
    -328.200       0.033495
    -328.100       0.033525
    -328.000       0.033554
    -327.900       0.033584
    -327.800       0.033614
    -327.700       0.033644
    -327.600       0.033674
    -327.500       0.033705
    -327.400       0.033736
    -327.300       0.033767
    -327.200       0.033800
    -327.100       0.033833
    -327.000       0.033867
    -326.900       0.033903
    -326.800       0.033939
    -326.700       0.033975
    -326.600       0.034011
    -326.500       0.034048
    -326.400       0.034083
    -326.300       0.034118
    -326.200       0.034151
    -326.100       0.034183
    -326.000       0.034212
    -325.900       0.034240
    -325.800       0.034265
    -325.700       0.034289
    -325.600       0.034312
    -325.500       0.034334
    -325.400       0.034356
    -325.300       0.034378
    -325.200       0.034400
    -325.100       0.034423
    -325.000       0.034447
    -324.900       0.034473
    -324.800       0.034500
    -324.700       0.034528
    -324.600       0.034557
    -324.500       0.034586
    -324.400       0.034616
    -324.300       0.034646
    -324.200       0.034675
    -324.100       0.034704
    -324.000       0.034733
    -323.900       0.034760
    -323.800       0.034787
    -323.700       0.034813
    -323.600       0.034838
    -323.500       0.034863
    -323.400       0.034887
    -323.300       0.034910
    -323.200       0.034934
    -323.100       0.034956
    -323.000       0.034979
    -322.900       0.035002
    -322.800       0.035024
    -322.700       0.035046
    -322.600       0.035068
    -322.500       0.035091
    -322.400       0.035113
    -322.300       0.035135
    -322.200       0.035157
    -322.100       0.035180
    -322.000       0.035202
    -321.900       0.035225
    -321.800       0.035248
    -321.700       0.035271
    -321.600       0.035293
    -321.500       0.035316
    -321.400       0.035337
    -321.300       0.035358
    -321.200       0.035378
    -321.100       0.035397
    -321.000       0.035415
    -320.900       0.035432
    -320.800       0.035448
    -320.700       0.035463
    -320.600       0.035478
    -320.500       0.035493
    -320.400       0.035508
    -320.300       0.035524
    -320.200       0.035541
    -320.100       0.035559
    -320.000       0.035579
    -319.900       0.035600
    -319.800       0.035623
    -319.700       0.035647
    -319.600       0.035672
    -319.500       0.035697
    -319.400       0.035721
    -319.300       0.035745
    -319.200       0.035767
    -319.100       0.035788
    -319.000       0.035806
    -318.900       0.035822
    -318.800       0.035835
    -318.700       0.035846
    -318.600       0.035856
    -318.500       0.035865
    -318.400       0.035873
    -318.300       0.035881
    -318.200       0.035888
    -318.100       0.035897
    -318.000       0.035905
    -317.900       0.035916
    -317.800       0.035927
    -317.700       0.035939
    -317.600       0.035952
    -317.500       0.035966
    -317.400       0.035980
    -317.300       0.035995
    -317.200       0.036011
    -317.100       0.036027
    -317.000       0.036043
    -316.900       0.036060
    -316.800       0.036076
    -316.700       0.036092
    -316.600       0.036108
    -316.500       0.036124
    -316.400       0.036139
    -316.300       0.036154
    -316.200       0.036167
    -316.100       0.036180
    -316.000       0.036191
    -315.900       0.036202
    -315.800       0.036211
    -315.700       0.036219
    -315.600       0.036226
    -315.500       0.036232
    -315.400       0.036238
    -315.300       0.036243
    -315.200       0.036248
    -315.100       0.036253
    -315.000       0.036257
    -314.900       0.036262
    -314.800       0.036266
    -314.700       0.036271
    -314.600       0.036276
    -314.500       0.036282
    -314.400       0.036288
    -314.300       0.036294
    -314.200       0.036301
    -314.100       0.036309
    -314.000       0.036318
    -313.900       0.036327
    -313.800       0.036337
    -313.700       0.036348
    -313.600       0.036359
    -313.500       0.036369
    -313.400       0.036379
    -313.300       0.036388
    -313.200       0.036397
    -313.100       0.036403
    -313.000       0.036409
    -312.900       0.036412
    -312.800       0.036414
    -312.700       0.036415
    -312.600       0.036415
    -312.500       0.036414
    -312.400       0.036413
    -312.300       0.036411
    -312.200       0.036410
    -312.100       0.036410
    -312.000       0.036410
    -311.900       0.036411
    -311.800       0.036413
    -311.700       0.036416
    -311.600       0.036420
    -311.500       0.036424
    -311.400       0.036427
    -311.300       0.036431
    -311.200       0.036434
    -311.100       0.036437
    -311.000       0.036439
    -310.900       0.036439
    -310.800       0.036439
    -310.700       0.036438
    -310.600       0.036436
    -310.500       0.036434
    -310.400       0.036431
    -310.300       0.036428
    -310.200       0.036425
    -310.100       0.036421
    -310.000       0.036418
    -309.900       0.036415
    -309.800       0.036412
    -309.700       0.036409
    -309.600       0.036407
    -309.500       0.036404
    -309.400       0.036403
    -309.300       0.036401
    -309.200       0.036400
    -309.100       0.036400
    -309.000       0.036400
    -308.900       0.036401
    -308.800       0.036402
    -308.700       0.036403
    -308.600       0.036403
    -308.500       0.036403
    -308.400       0.036401
    -308.300       0.036398
    -308.200       0.036394
    -308.100       0.036387
    -308.000       0.036378
    -307.900       0.036367
    -307.800       0.036353
    -307.700       0.036338
    -307.600       0.036322
    -307.500       0.036305
    -307.400       0.036289
    -307.300       0.036274
    -307.200       0.036261
    -307.100       0.036249
    -307.000       0.036241
    -306.900       0.036235
    -306.800       0.036232
    -306.700       0.036232
    -306.600       0.036233
    -306.500       0.036234
    -306.400       0.036236
    -306.300       0.036238
    -306.200       0.036238
    -306.100       0.036237
    -306.000       0.036233
    -305.900       0.036227
    -305.800       0.036218
    -305.700       0.036207
    -305.600       0.036194
    -305.500       0.036179
    -305.400       0.036162
    -305.300       0.036145
    -305.200       0.036127
    -305.100       0.036108
    -305.000       0.036089
    -304.900       0.036071
    -304.800       0.036053
    -304.700       0.036035
    -304.600       0.036018
    -304.500       0.036001
    -304.400       0.035985
    -304.300       0.035970
    -304.200       0.035956
    -304.100       0.035943
    -304.000       0.035931
    -303.900       0.035921
    -303.800       0.035911
    -303.700       0.035902
    -303.600       0.035893
    -303.500       0.035884
    -303.400       0.035875
    -303.300       0.035865
    -303.200       0.035854
    -303.100       0.035842
    -303.000       0.035828
    -302.900       0.035813
    -302.800       0.035796
    -302.700       0.035777
    -302.600       0.035757
    -302.500       0.035736
    -302.400       0.035714
    -302.300       0.035691
    -302.200       0.035668
    -302.100       0.035644
    -302.000       0.035620
    -301.900       0.035596
    -301.800       0.035572
    -301.700       0.035548
    -301.600       0.035525
    -301.500       0.035502
    -301.400       0.035479
    -301.300       0.035457
    -301.200       0.035436
    -301.100       0.035415
    -301.000       0.035395
    -300.900       0.035376
    -300.800       0.035358
    -300.700       0.035340
    -300.600       0.035321
    -300.500       0.035303
    -300.400       0.035284
    -300.300       0.035263
    -300.200       0.035242
    -300.100       0.035219
    -300.000       0.035193
    -299.900       0.035166
    -299.800       0.035137
    -299.700       0.035106
    -299.600       0.035075
    -299.500       0.035043
    -299.400       0.035011
    -299.300       0.034979
    -299.200       0.034949
    -299.100       0.034919
    -299.000       0.034891
    -298.900       0.034865
    -298.800       0.034841
    -298.700       0.034818
    -298.600       0.034796
    -298.500       0.034773
    -298.400       0.034750
    -298.300       0.034727
    -298.200       0.034701
    -298.100       0.034674
    -298.000       0.034645
    -297.900       0.034612
    -297.800       0.034577
    -297.700       0.034541
    -297.600       0.034502
    -297.500       0.034463
    -297.400       0.034423
    -297.300       0.034383
    -297.200       0.034344
    -297.100       0.034306
    -297.000       0.034269
    -296.900       0.034234
    -296.800       0.034201
    -296.700       0.034169
    -296.600       0.034138
    -296.500       0.034108
    -296.400       0.034078
    -296.300       0.034049
    -296.200       0.034019
    -296.100       0.033988
    -296.000       0.033957
    -295.900       0.033924
    -295.800       0.033890
    -295.700       0.033855
    -295.600       0.033819
    -295.500       0.033781
    -295.400       0.033743
    -295.300       0.033704
    -295.200       0.033664
    -295.100       0.033624
    -295.000       0.033583
    -294.900       0.033541
    -294.800       0.033498
    -294.700       0.033455
    -294.600       0.033412
    -294.500       0.033369
    -294.400       0.033325
    -294.300       0.033281
    -294.200       0.033237
    -294.100       0.033194
    -294.000       0.033150
    -293.900       0.033107
    -293.800       0.033064
    -293.700       0.033022
    -293.600       0.032979
    -293.500       0.032937
    -293.400       0.032896
    -293.300       0.032854
    -293.200       0.032813
    -293.100       0.032772
    -293.000       0.032731
    -292.900       0.032690
    -292.800       0.032649
    -292.700       0.032608
    -292.600       0.032567
    -292.500       0.032525
    -292.400       0.032482
    -292.300       0.032439
    -292.200       0.032394
    -292.100       0.032348
    -292.000       0.032300
    -291.900       0.032251
    -291.800       0.032200
    -291.700       0.032149
    -291.600       0.032096
    -291.500       0.032042
    -291.400       0.031989
    -291.300       0.031935
    -291.200       0.031881
    -291.100       0.031827
    -291.000       0.031775
    -290.900       0.031723
    -290.800       0.031672
    -290.700       0.031621
    -290.600       0.031572
    -290.500       0.031522
    -290.400       0.031473
    -290.300       0.031425
    -290.200       0.031377
    -290.100       0.031328
    -290.000       0.031280
    -289.900       0.031232
    -289.800       0.031183
    -289.700       0.031134
    -289.600       0.031085
    -289.500       0.031034
    -289.400       0.030984
    -289.300       0.030932
    -289.200       0.030879
    -289.100       0.030826
    -289.000       0.030771
    -288.900       0.030715
    -288.800       0.030658
    -288.700       0.030600
    -288.600       0.030541
    -288.500       0.030483
    -288.400       0.030424
    -288.300       0.030365
    -288.200       0.030306
    -288.100       0.030248
    -288.000       0.030191
    -287.900       0.030134
    -287.800       0.030079
    -287.700       0.030024
    -287.600       0.029969
    -287.500       0.029915
    -287.400       0.029860
    -287.300       0.029805
    -287.200       0.029750
    -287.100       0.029694
    -287.000       0.029637
    -286.900       0.029579
    -286.800       0.029520
    -286.700       0.029461
    -286.600       0.029400
    -286.500       0.029340
    -286.400       0.029280
    -286.300       0.029220
    -286.200       0.029160
    -286.100       0.029101
    -286.000       0.029043
    -285.900       0.028986
    -285.800       0.028929
    -285.700       0.028874
    -285.600       0.028818
    -285.500       0.028763
    -285.400       0.028707
    -285.300       0.028651
    -285.200       0.028594
    -285.100       0.028535
    -285.000       0.028476
    -284.900       0.028415
    -284.800       0.028352
    -284.700       0.028289
    -284.600       0.028224
    -284.500       0.028159
    -284.400       0.028094
    -284.300       0.028028
    -284.200       0.027963
    -284.100       0.027898
    -284.000       0.027834
    -283.900       0.027770
    -283.800       0.027707
    -283.700       0.027646
    -283.600       0.027585
    -283.500       0.027524
    -283.400       0.027465
    -283.300       0.027406
    -283.200       0.027348
    -283.100       0.027290
    -283.000       0.027233
    -282.900       0.027177
    -282.800       0.027121
    -282.700       0.027065
    -282.600       0.027009
    -282.500       0.026952
    -282.400       0.026895
    -282.300       0.026838
    -282.200       0.026779
    -282.100       0.026719
    -282.000       0.026658
    -281.900       0.026595
    -281.800       0.026531
    -281.700       0.026466
    -281.600       0.026400
    -281.500       0.026334
    -281.400       0.026267
    -281.300       0.026200
    -281.200       0.026134
    -281.100       0.026068
    -281.000       0.026003
    -280.900       0.025940
    -280.800       0.025877
    -280.700       0.025815
    -280.600       0.025755
    -280.500       0.025695
    -280.400       0.025636
    -280.300       0.025578
    -280.200       0.025520
    -280.100       0.025463
    -280.000       0.025407
    -279.900       0.025351
    -279.800       0.025296
    -279.700       0.025240
    -279.600       0.025185
    -279.500       0.025130
    -279.400       0.025074
    -279.300       0.025018
    -279.200       0.024961
    -279.100       0.024904
    -279.000       0.024845
    -278.900       0.024786
    -278.800       0.024726
    -278.700       0.024665
    -278.600       0.024604
    -278.500       0.024542
    -278.400       0.024480
    -278.300       0.024418
    -278.200       0.024357
    -278.100       0.024295
    -278.000       0.024234
    -277.900       0.024173
    -277.800       0.024114
    -277.700       0.024054
    -277.600       0.023996
    -277.500       0.023939
    -277.400       0.023882
    -277.300       0.023826
    -277.200       0.023772
    -277.100       0.023718
    -277.000       0.023666
    -276.900       0.023615
    -276.800       0.023565
    -276.700       0.023515
    -276.600       0.023466
    -276.500       0.023417
    -276.400       0.023368
    -276.300       0.023318
    -276.200       0.023268
    -276.100       0.023216
    -276.000       0.023163
    -275.900       0.023109
    -275.800       0.023053
    -275.700       0.022997
    -275.600       0.022940
    -275.500       0.022884
    -275.400       0.022828
    -275.300       0.022773
    -275.200       0.022719
    -275.100       0.022667
    -275.000       0.022617
    -274.900       0.022570
    -274.800       0.022525
    -274.700       0.022481
    -274.600       0.022439
    -274.500       0.022397
    -274.400       0.022356
    -274.300       0.022314
    -274.200       0.022272
    -274.100       0.022229
    -274.000       0.022184
    -273.900       0.022137
    -273.800       0.022089
    -273.700       0.022040
    -273.600       0.021990
    -273.500       0.021940
    -273.400       0.021891
    -273.300       0.021843
    -273.200       0.021797
    -273.100       0.021753
    -273.000       0.021712
    -272.900       0.021674
    -272.800       0.021638
    -272.700       0.021606
    -272.600       0.021574
    -272.500       0.021545
    -272.400       0.021516
    -272.300       0.021487
    -272.200       0.021458
    -272.100       0.021429
    -272.000       0.021398
    -271.900       0.021366
    -271.800       0.021332
    -271.700       0.021298
    -271.600       0.021262
    -271.500       0.021226
    -271.400       0.021190
    -271.300       0.021154
    -271.200       0.021119
    -271.100       0.021084
    -271.000       0.021050
    -270.900       0.021018
    -270.800       0.020986
    -270.700       0.020957
    -270.600       0.020929
    -270.500       0.020902
    -270.400       0.020877
    -270.300       0.020855
    -270.200       0.020834
    -270.100       0.020815
    -270.000       0.020798
    -269.900       0.020783
    -269.800       0.020769
    -269.700       0.020758
    -269.600       0.020747
    -269.500       0.020738
    -269.400       0.020728
    -269.300       0.020719
    -269.200       0.020710
    -269.100       0.020700
    -269.000       0.020689
    -268.900       0.020677
    -268.800       0.020664
    -268.700       0.020650
    -268.600       0.020636
    -268.500       0.020622
    -268.400       0.020608
    -268.300       0.020595
    -268.200       0.020583
    -268.100       0.020572
    -268.000       0.020562
    -267.900       0.020554
    -267.800       0.020548
    -267.700       0.020543
    -267.600       0.020541
    -267.500       0.020540
    -267.400       0.020541
    -267.300       0.020544
    -267.200       0.020548
    -267.100       0.020555
    -267.000       0.020563
    -266.900       0.020573
    -266.800       0.020585
    -266.700       0.020598
    -266.600       0.020612
    -266.500       0.020627
    -266.400       0.020642
    -266.300       0.020658
    -266.200       0.020673
    -266.100       0.020688
    -266.000       0.020703
    -265.900       0.020717
    -265.800       0.020730
    -265.700       0.020743
    -265.600       0.020756
    -265.500       0.020769
    -265.400       0.020783
    -265.300       0.020798
    -265.200       0.020814
    -265.100       0.020831
    -265.000       0.020851
    -264.900       0.020872
    -264.800       0.020895
    -264.700       0.020920
    -264.600       0.020946
    -264.500       0.020975
    -264.400       0.021004
    -264.300       0.021034
    -264.200       0.021066
    -264.100       0.021099
    -264.000       0.021132
    -263.900       0.021166
    -263.800       0.021200
    -263.700       0.021236
    -263.600       0.021272
    -263.500       0.021308
    -263.400       0.021345
    -263.300       0.021383
    -263.200       0.021422
    -263.100       0.021461
    -263.000       0.021501
    -262.900       0.021542
    -262.800       0.021584
    -262.700       0.021626
    -262.600       0.021669
    -262.500       0.021713
    -262.400       0.021758
    -262.300       0.021804
    -262.200       0.021850
    -262.100       0.021897
    -262.000       0.021946
    -261.900       0.021995
    -261.800       0.022045
    -261.700       0.022096
    -261.600       0.022147
    -261.500       0.022200
    -261.400       0.022252
    -261.300       0.022306
    -261.200       0.022359
    -261.100       0.022413
    -261.000       0.022467
    -260.900       0.022521
    -260.800       0.022576
    -260.700       0.022631
    -260.600       0.022687
    -260.500       0.022743
    -260.400       0.022801
    -260.300       0.022860
    -260.200       0.022920
    -260.100       0.022981
    -260.000       0.023044
    -259.900       0.023108
    -259.800       0.023175
    -259.700       0.023242
    -259.600       0.023311
    -259.500       0.023380
    -259.400       0.023450
    -259.300       0.023521
    -259.200       0.023592
    -259.100       0.023663
    -259.000       0.023734
    -258.900       0.023805
    -258.800       0.023875
    -258.700       0.023945
    -258.600       0.024015
    -258.500       0.024085
    -258.400       0.024155
    -258.300       0.024225
    -258.200       0.024296
    -258.100       0.024366
    -258.000       0.024437
    -257.900       0.024508
    -257.800       0.024580
    -257.700       0.024653
    -257.600       0.024726
    -257.500       0.024800
    -257.400       0.024875
    -257.300       0.024951
    -257.200       0.025028
    -257.100       0.025106
    -257.000       0.025186
    -256.900       0.025267
    -256.800       0.025350
    -256.700       0.025433
    -256.600       0.025518
    -256.500       0.025603
    -256.400       0.025690
    -256.300       0.025776
    -256.200       0.025863
    -256.100       0.025951
    -256.000       0.026038
    -255.900       0.026126
    -255.800       0.026213
    -255.700       0.026300
    -255.600       0.026387
    -255.500       0.026473
    -255.400       0.026559
    -255.300       0.026644
    -255.200       0.026728
    -255.100       0.026812
    -255.000       0.026895
    -254.900       0.026976
    -254.800       0.027058
    -254.700       0.027139
    -254.600       0.027220
    -254.500       0.027302
    -254.400       0.027385
    -254.300       0.027469
    -254.200       0.027555
    -254.100       0.027644
    -254.000       0.027735
    -253.900       0.027828
    -253.800       0.027925
    -253.700       0.028023
    -253.600       0.028122
    -253.500       0.028223
    -253.400       0.028323
    -253.300       0.028424
    -253.200       0.028523
    -253.100       0.028621
    -253.000       0.028717
    -252.900       0.028811
    -252.800       0.028902
    -252.700       0.028992
    -252.600       0.029080
    -252.500       0.029168
    -252.400       0.029255
    -252.300       0.029342
    -252.200       0.029429
    -252.100       0.029518
    -252.000       0.029607
    -251.900       0.029698
    -251.800       0.029791
    -251.700       0.029885
    -251.600       0.029980
    -251.500       0.030075
    -251.400       0.030172
    -251.300       0.030268
    -251.200       0.030365
    -251.100       0.030463
    -251.000       0.030559
    -250.900       0.030656
    -250.800       0.030752
    -250.700       0.030848
    -250.600       0.030944
    -250.500       0.031039
    -250.400       0.031135
    -250.300       0.031230
    -250.200       0.031325
    -250.100       0.031421
    -250.000       0.031516
    -249.900       0.031612
    -249.800       0.031708
    -249.700       0.031804
    -249.600       0.031900
    -249.500       0.031997
    -249.400       0.032092
    -249.300       0.032188
    -249.200       0.032284
    -249.100       0.032379
    -249.000       0.032474
    -248.900       0.032568
    -248.800       0.032662
    -248.700       0.032756
    -248.600       0.032849
    -248.500       0.032943
    -248.400       0.033036
    -248.300       0.033130
    -248.200       0.033223
    -248.100       0.033317
    -248.000       0.033412
    -247.900       0.033506
    -247.800       0.033601
    -247.700       0.033697
    -247.600       0.033792
    -247.500       0.033887
    -247.400       0.033982
    -247.300       0.034077
    -247.200       0.034171
    -247.100       0.034265
    -247.000       0.034358
    -246.900       0.034450
    -246.800       0.034541
    -246.700       0.034633
    -246.600       0.034724
    -246.500       0.034815
    -246.400       0.034906
    -246.300       0.034997
    -246.200       0.035089
    -246.100       0.035182
    -246.000       0.035277
    -245.900       0.035372
    -245.800       0.035468
    -245.700       0.035564
    -245.600       0.035661
    -245.500       0.035758
    -245.400       0.035854
    -245.300       0.035950
    -245.200       0.036045
    -245.100       0.036138
    -245.000       0.036230
    -244.900       0.036319
    -244.800       0.036407
    -244.700       0.036494
    -244.600       0.036580
    -244.500       0.036664
    -244.400       0.036748
    -244.300       0.036832
    -244.200       0.036916
    -244.100       0.037001
    -244.000       0.037085
    -243.900       0.037171
    -243.800       0.037258
    -243.700       0.037345
    -243.600       0.037434
    -243.500       0.037523
    -243.400       0.037613
    -243.300       0.037704
    -243.200       0.037796
    -243.100       0.037889
    -243.000       0.037982
    -242.900       0.038076
    -242.800       0.038171
    -242.700       0.038266
    -242.600       0.038360
    -242.500       0.038453
    -242.400       0.038546
    -242.300       0.038636
    -242.200       0.038725
    -242.100       0.038811
    -242.000       0.038894
    -241.900       0.038974
    -241.800       0.039051
    -241.700       0.039127
    -241.600       0.039201
    -241.500       0.039274
    -241.400       0.039348
    -241.300       0.039422
    -241.200       0.039497
    -241.100       0.039574
    -241.000       0.039654
    -240.900       0.039736
    -240.800       0.039821
    -240.700       0.039909
    -240.600       0.039998
    -240.500       0.040088
    -240.400       0.040178
    -240.300       0.040269
    -240.200       0.040358
    -240.100       0.040447
    -240.000       0.040534
    -239.900       0.040619
    -239.800       0.040702
    -239.700       0.040783
    -239.600       0.040862
    -239.500       0.040940
    -239.400       0.041016
    -239.300       0.041092
    -239.200       0.041166
    -239.100       0.041240
    -239.000       0.041314
    -238.900       0.041387
    -238.800       0.041459
    -238.700       0.041532
    -238.600       0.041605
    -238.500       0.041678
    -238.400       0.041751
    -238.300       0.041824
    -238.200       0.041898
    -238.100       0.041973
    -238.000       0.042049
    -237.900       0.042125
    -237.800       0.042202
    -237.700       0.042279
    -237.600       0.042357
    -237.500       0.042434
    -237.400       0.042511
    -237.300       0.042587
    -237.200       0.042662
    -237.100       0.042736
    -237.000       0.042808
    -236.900       0.042879
    -236.800       0.042948
    -236.700       0.043016
    -236.600       0.043083
    -236.500       0.043150
    -236.400       0.043216
    -236.300       0.043282
    -236.200       0.043349
    -236.100       0.043416
    -236.000       0.043484
    -235.900       0.043553
    -235.800       0.043623
    -235.700       0.043694
    -235.600       0.043765
    -235.500       0.043837
    -235.400       0.043908
    -235.300       0.043978
    -235.200       0.044048
    -235.100       0.044116
    -235.000       0.044183
    -234.900       0.044249
    -234.800       0.044313
    -234.700       0.044375
    -234.600       0.044437
    -234.500       0.044497
    -234.400       0.044556
    -234.300       0.044615
    -234.200       0.044674
    -234.100       0.044732
    -234.000       0.044790
    -233.900       0.044848
    -233.800       0.044906
    -233.700       0.044965
    -233.600       0.045024
    -233.500       0.045083
    -233.400       0.045142
    -233.300       0.045202
    -233.200       0.045262
    -233.100       0.045324
    -233.000       0.045385
    -232.900       0.045448
    -232.800       0.045510
    -232.700       0.045573
    -232.600       0.045636
    -232.500       0.045699
    -232.400       0.045760
    -232.300       0.045821
    -232.200       0.045881
    -232.100       0.045939
    -232.000       0.045996
    -231.900       0.046050
    -231.800       0.046103
    -231.700       0.046154
    -231.600       0.046203
    -231.500       0.046252
    -231.400       0.046299
    -231.300       0.046345
    -231.200       0.046391
    -231.100       0.046436
    -231.000       0.046481
    -230.900       0.046525
    -230.800       0.046570
    -230.700       0.046615
    -230.600       0.046661
    -230.500       0.046707
    -230.400       0.046754
    -230.300       0.046802
    -230.200       0.046851
    -230.100       0.046902
    -230.000       0.046954
    -229.900       0.047008
    -229.800       0.047063
    -229.700       0.047119
    -229.600       0.047175
    -229.500       0.047230
    -229.400       0.047284
    -229.300       0.047336
    -229.200       0.047386
    -229.100       0.047433
    -229.000       0.047476
    -228.900       0.047515
    -228.800       0.047550
    -228.700       0.047583
    -228.600       0.047613
    -228.500       0.047642
    -228.400       0.047671
    -228.300       0.047700
    -228.200       0.047730
    -228.100       0.047761
    -228.000       0.047795
    -227.900       0.047832
    -227.800       0.047872
    -227.700       0.047913
    -227.600       0.047956
    -227.500       0.048000
    -227.400       0.048044
    -227.300       0.048088
    -227.200       0.048131
    -227.100       0.048173
    -227.000       0.048213
    -226.900       0.048251
    -226.800       0.048286
    -226.700       0.048319
    -226.600       0.048351
    -226.500       0.048382
    -226.400       0.048411
    -226.300       0.048440
    -226.200       0.048468
    -226.100       0.048497
    -226.000       0.048525
    -225.900       0.048554
    -225.800       0.048584
    -225.700       0.048613
    -225.600       0.048643
    -225.500       0.048673
    -225.400       0.048703
    -225.300       0.048733
    -225.200       0.048762
    -225.100       0.048791
    -225.000       0.048819
    -224.900       0.048847
    -224.800       0.048874
    -224.700       0.048900
    -224.600       0.048926
    -224.500       0.048951
    -224.400       0.048975
    -224.300       0.048999
    -224.200       0.049023
    -224.100       0.049045
    -224.000       0.049067
    -223.900       0.049089
    -223.800       0.049110
    -223.700       0.049131
    -223.600       0.049151
    -223.500       0.049171
    -223.400       0.049192
    -223.300       0.049212
    -223.200       0.049233
    -223.100       0.049254
    -223.000       0.049275
    -222.900       0.049297
    -222.800       0.049319
    -222.700       0.049341
    -222.600       0.049364
    -222.500       0.049386
    -222.400       0.049408
    -222.300       0.049429
    -222.200       0.049450
    -222.100       0.049469
    -222.000       0.049488
    -221.900       0.049506
    -221.800       0.049522
    -221.700       0.049538
    -221.600       0.049552
    -221.500       0.049566
    -221.400       0.049578
    -221.300       0.049590
    -221.200       0.049601
    -221.100       0.049612
    -221.000       0.049622
    -220.900       0.049631
    -220.800       0.049640
    -220.700       0.049649
    -220.600       0.049657
    -220.500       0.049666
    -220.400       0.049676
    -220.300       0.049686
    -220.200       0.049696
    -220.100       0.049708
    -220.000       0.049721
    -219.900       0.049735
    -219.800       0.049750
    -219.700       0.049766
    -219.600       0.049782
    -219.500       0.049798
    -219.400       0.049814
    -219.300       0.049828
    -219.200       0.049842
    -219.100       0.049854
    -219.000       0.049864
    -218.900       0.049872
    -218.800       0.049878
    -218.700       0.049882
    -218.600       0.049885
    -218.500       0.049886
    -218.400       0.049887
    -218.300       0.049888
    -218.200       0.049888
    -218.100       0.049888
    -218.000       0.049889
    -217.900       0.049890
    -217.800       0.049891
    -217.700       0.049894
    -217.600       0.049896
    -217.500       0.049899
    -217.400       0.049903
    -217.300       0.049907
    -217.200       0.049911
    -217.100       0.049915
    -217.000       0.049920
    -216.900       0.049924
    -216.800       0.049929
    -216.700       0.049933
    -216.600       0.049937
    -216.500       0.049941
    -216.400       0.049945
    -216.300       0.049947
    -216.200       0.049950
    -216.100       0.049951
    -216.000       0.049952
    -215.900       0.049952
    -215.800       0.049951
    -215.700       0.049949
    -215.600       0.049947
    -215.500       0.049944
    -215.400       0.049941
    -215.300       0.049937
    -215.200       0.049934
    -215.100       0.049931
    -215.000       0.049927
    -214.900       0.049924
    -214.800       0.049921
    -214.700       0.049918
    -214.600       0.049915
    -214.500       0.049912
    -214.400       0.049908
    -214.300       0.049904
    -214.200       0.049899
    -214.100       0.049894
    -214.000       0.049888
    -213.900       0.049881
    -213.800       0.049873
    -213.700       0.049865
    -213.600       0.049856
    -213.500       0.049847
    -213.400       0.049838
    -213.300       0.049830
    -213.200       0.049822
    -213.100       0.049814
    -213.000       0.049808
    -212.900       0.049802
    -212.800       0.049797
    -212.700       0.049793
    -212.600       0.049789
    -212.500       0.049785
    -212.400       0.049780
    -212.300       0.049775
    -212.200       0.049769
    -212.100       0.049763
    -212.000       0.049754
    -211.900       0.049745
    -211.800       0.049733
    -211.700       0.049721
    -211.600       0.049708
    -211.500       0.049694
    -211.400       0.049679
    -211.300       0.049663
    -211.200       0.049648
    -211.100       0.049633
    -211.000       0.049617
    -210.900       0.049602
    -210.800       0.049588
    -210.700       0.049573
    -210.600       0.049559
    -210.500       0.049545
    -210.400       0.049531
    -210.300       0.049517
    -210.200       0.049503
    -210.100       0.049489
    -210.000       0.049475
    -209.900       0.049460
    -209.800       0.049446
    -209.700       0.049431
    -209.600       0.049417
    -209.500       0.049402
    -209.400       0.049388
    -209.300       0.049373
    -209.200       0.049360
    -209.100       0.049346
    -209.000       0.049333
    -208.900       0.049321
    -208.800       0.049308
    -208.700       0.049296
    -208.600       0.049283
    -208.500       0.049270
    -208.400       0.049255
    -208.300       0.049239
    -208.200       0.049222
    -208.100       0.049203
    -208.000       0.049181
    -207.900       0.049157
    -207.800       0.049131
    -207.700       0.049104
    -207.600       0.049076
    -207.500       0.049048
    -207.400       0.049020
    -207.300       0.048992
    -207.200       0.048966
    -207.100       0.048942
    -207.000       0.048920
    -206.900       0.048901
    -206.800       0.048884
    -206.700       0.048870
    -206.600       0.048856
    -206.500       0.048844
    -206.400       0.048832
    -206.300       0.048819
    -206.200       0.048806
    -206.100       0.048792
    -206.000       0.048776
    -205.900       0.048758
    -205.800       0.048737
    -205.700       0.048715
    -205.600       0.048692
    -205.500       0.048666
    -205.400       0.048640
    -205.300       0.048613
    -205.200       0.048585
    -205.100       0.048557
    -205.000       0.048528
    -204.900       0.048500
    -204.800       0.048471
    -204.700       0.048443
    -204.600       0.048415
    -204.500       0.048388
    -204.400       0.048361
    -204.300       0.048335
    -204.200       0.048310
    -204.100       0.048286
    -204.000       0.048262
    -203.900       0.048240
    -203.800       0.048218
    -203.700       0.048197
    -203.600       0.048177
    -203.500       0.048156
    -203.400       0.048135
    -203.300       0.048113
    -203.200       0.048091
    -203.100       0.048067
    -203.000       0.048042
    -202.900       0.048016
    -202.800       0.047988
    -202.700       0.047959
    -202.600       0.047929
    -202.500       0.047898
    -202.400       0.047868
    -202.300       0.047837
    -202.200       0.047808
    -202.100       0.047778
    -202.000       0.047750
    -201.900       0.047723
    -201.800       0.047697
    -201.700       0.047672
    -201.600       0.047647
    -201.500       0.047623
    -201.400       0.047598
    -201.300       0.047573
    -201.200       0.047548
    -201.100       0.047521
    -201.000       0.047493
    -200.900       0.047464
    -200.800       0.047434
    -200.700       0.047402
    -200.600       0.047370
    -200.500       0.047336
    -200.400       0.047303
    -200.300       0.047269
    -200.200       0.047236
    -200.100       0.047203
    -200.000       0.047170
    -199.900       0.047138
    -199.800       0.047106
    -199.700       0.047076
    -199.600       0.047046
    -199.500       0.047016
    -199.400       0.046987
    -199.300       0.046959
    -199.200       0.046931
    -199.100       0.046904
    -199.000       0.046877
    -198.900       0.046850
    -198.800       0.046824
    -198.700       0.046797
    -198.600       0.046770
    -198.500       0.046743
    -198.400       0.046715
    -198.300       0.046686
    -198.200       0.046656
    -198.100       0.046625
    -198.000       0.046592
    -197.900       0.046557
    -197.800       0.046521
    -197.700       0.046484
    -197.600       0.046446
    -197.500       0.046407
    -197.400       0.046368
    -197.300       0.046328
    -197.200       0.046289
    -197.100       0.046251
    -197.000       0.046214
    -196.900       0.046177
    -196.800       0.046142
    -196.700       0.046108
    -196.600       0.046075
    -196.500       0.046043
    -196.400       0.046011
    -196.300       0.045981
    -196.200       0.045951
    -196.100       0.045922
    -196.000       0.045893
    -195.900       0.045865
    -195.800       0.045837
    -195.700       0.045809
    -195.600       0.045780
    -195.500       0.045751
    -195.400       0.045721
    -195.300       0.045690
    -195.200       0.045657
    -195.100       0.045622
    -195.000       0.045586
    -194.900       0.045546
    -194.800       0.045505
    -194.700       0.045463
    -194.600       0.045419
    -194.500       0.045374
    -194.400       0.045330
    -194.300       0.045286
    -194.200       0.045242
    -194.100       0.045200
    -194.000       0.045159
    -193.900       0.045120
    -193.800       0.045084
    -193.700       0.045048
    -193.600       0.045014
    -193.500       0.044981
    -193.400       0.044949
    -193.300       0.044917
    -193.200       0.044885
    -193.100       0.044853
    -193.000       0.044820
    -192.900       0.044787
    -192.800       0.044753
    -192.700       0.044718
    -192.600       0.044682
    -192.500       0.044646
    -192.400       0.044608
    -192.300       0.044569
    -192.200       0.044529
    -192.100       0.044488
    -192.000       0.044446
    -191.900       0.044403
    -191.800       0.044358
    -191.700       0.044313
    -191.600       0.044268
    -191.500       0.044222
    -191.400       0.044177
    -191.300       0.044133
    -191.200       0.044090
    -191.100       0.044048
    -191.000       0.044007
    -190.900       0.043969
    -190.800       0.043932
    -190.700       0.043896
    -190.600       0.043861
    -190.500       0.043825
    -190.400       0.043789
    -190.300       0.043753
    -190.200       0.043715
    -190.100       0.043675
    -190.000       0.043632
    -189.900       0.043587
    -189.800       0.043540
    -189.700       0.043491
    -189.600       0.043441
    -189.500       0.043390
    -189.400       0.043340
    -189.300       0.043289
    -189.200       0.043240
    -189.100       0.043193
    -189.000       0.043148
    -188.900       0.043106
    -188.800       0.043066
    -188.700       0.043027
    -188.600       0.042990
    -188.500       0.042954
    -188.400       0.042917
    -188.300       0.042880
    -188.200       0.042841
    -188.100       0.042801
    -188.000       0.042759
    -187.900       0.042714
    -187.800       0.042666
    -187.700       0.042616
    -187.600       0.042565
    -187.500       0.042512
    -187.400       0.042459
    -187.300       0.042405
    -187.200       0.042351
    -187.100       0.042297
    -187.000       0.042244
    -186.900       0.042192
    -186.800       0.042141
    -186.700       0.042091
    -186.600       0.042042
    -186.500       0.041994
    -186.400       0.041947
    -186.300       0.041900
    -186.200       0.041855
    -186.100       0.041810
    -186.000       0.041765
    -185.900       0.041721
    -185.800       0.041677
    -185.700       0.041634
    -185.600       0.041590
    -185.500       0.041546
    -185.400       0.041502
    -185.300       0.041457
    -185.200       0.041411
    -185.100       0.041364
    -185.000       0.041316
    -184.900       0.041266
    -184.800       0.041216
    -184.700       0.041164
    -184.600       0.041111
    -184.500       0.041057
    -184.400       0.041002
    -184.300       0.040947
    -184.200       0.040891
    -184.100       0.040835
    -184.000       0.040779
    -183.900       0.040723
    -183.800       0.040666
    -183.700       0.040611
    -183.600       0.040555
    -183.500       0.040501
    -183.400       0.040447
    -183.300       0.040395
    -183.200       0.040344
    -183.100       0.040294
    -183.000       0.040246
    -182.900       0.040200
    -182.800       0.040156
    -182.700       0.040112
    -182.600       0.040069
    -182.500       0.040026
    -182.400       0.039983
    -182.300       0.039939
    -182.200       0.039893
    -182.100       0.039845
    -182.000       0.039795
    -181.900       0.039743
    -181.800       0.039687
    -181.700       0.039631
    -181.600       0.039572
    -181.500       0.039513
    -181.400       0.039453
    -181.300       0.039393
    -181.200       0.039333
    -181.100       0.039275
    -181.000       0.039217
    -180.900       0.039162
    -180.800       0.039108
    -180.700       0.039055
    -180.600       0.039003
    -180.500       0.038953
    -180.400       0.038902
    -180.300       0.038852
    -180.200       0.038803
    -180.100       0.038753
    -180.000       0.038702
    -179.900       0.038651
    -179.800       0.038600
    -179.700       0.038547
    -179.600       0.038495
    -179.500       0.038442
    -179.400       0.038389
    -179.300       0.038335
    -179.200       0.038282
    -179.100       0.038228
    -179.000       0.038174
    -178.900       0.038121
    -178.800       0.038067
    -178.700       0.038014
    -178.600       0.037960
    -178.500       0.037906
    -178.400       0.037853
    -178.300       0.037799
    -178.200       0.037744
    -178.100       0.037690
    -178.000       0.037635
    -177.900       0.037581
    -177.800       0.037525
    -177.700       0.037470
    -177.600       0.037414
    -177.500       0.037359
    -177.400       0.037303
    -177.300       0.037247
    -177.200       0.037191
    -177.100       0.037135
    -177.000       0.037079
    -176.900       0.037023
    -176.800       0.036967
    -176.700       0.036912
    -176.600       0.036856
    -176.500       0.036801
    -176.400       0.036746
    -176.300       0.036691
    -176.200       0.036636
    -176.100       0.036581
    -176.000       0.036526
    -175.900       0.036472
    -175.800       0.036418
    -175.700       0.036364
    -175.600       0.036310
    -175.500       0.036256
    -175.400       0.036202
    -175.300       0.036148
    -175.200       0.036094
    -175.100       0.036041
    -175.000       0.035987
    -174.900       0.035933
    -174.800       0.035879
    -174.700       0.035825
    -174.600       0.035770
    -174.500       0.035715
    -174.400       0.035660
    -174.300       0.035604
    -174.200       0.035548
    -174.100       0.035490
    -174.000       0.035432
    -173.900       0.035373
    -173.800       0.035313
    -173.700       0.035252
    -173.600       0.035192
    -173.500       0.035132
    -173.400       0.035072
    -173.300       0.035012
    -173.200       0.034954
    -173.100       0.034897
    -173.000       0.034841
    -172.900       0.034787
    -172.800       0.034734
    -172.700       0.034682
    -172.600       0.034631
    -172.500       0.034581
    -172.400       0.034531
    -172.300       0.034481
    -172.200       0.034431
    -172.100       0.034380
    -172.000       0.034329
    -171.900       0.034276
    -171.800       0.034222
    -171.700       0.034168
    -171.600       0.034112
    -171.500       0.034055
    -171.400       0.033998
    -171.300       0.033940
    -171.200       0.033881
    -171.100       0.033821
    -171.000       0.033761
    -170.900       0.033700
    -170.800       0.033639
    -170.700       0.033578
    -170.600       0.033517
    -170.500       0.033457
    -170.400       0.033397
    -170.300       0.033339
    -170.200       0.033282
    -170.100       0.033227
    -170.000       0.033174
    -169.900       0.033122
    -169.800       0.033073
    -169.700       0.033025
    -169.600       0.032978
    -169.500       0.032931
    -169.400       0.032884
    -169.300       0.032836
    -169.200       0.032787
    -169.100       0.032737
    -169.000       0.032685
    -168.900       0.032630
    -168.800       0.032574
    -168.700       0.032516
    -168.600       0.032457
    -168.500       0.032397
    -168.400       0.032337
    -168.300       0.032278
    -168.200       0.032219
    -168.100       0.032161
    -168.000       0.032105
    -167.900       0.032051
    -167.800       0.031998
    -167.700       0.031947
    -167.600       0.031898
    -167.500       0.031848
    -167.400       0.031800
    -167.300       0.031751
    -167.200       0.031702
    -167.100       0.031653
    -167.000       0.031603
    -166.900       0.031551
    -166.800       0.031499
    -166.700       0.031446
    -166.600       0.031392
    -166.500       0.031339
    -166.400       0.031285
    -166.300       0.031232
    -166.200       0.031179
    -166.100       0.031127
    -166.000       0.031076
    -165.900       0.031026
    -165.800       0.030977
    -165.700       0.030929
    -165.600       0.030882
    -165.500       0.030836
    -165.400       0.030790
    -165.300       0.030744
    -165.200       0.030699
    -165.100       0.030653
    -165.000       0.030607
    -164.900       0.030561
    -164.800       0.030515
    -164.700       0.030468
    -164.600       0.030421
    -164.500       0.030374
    -164.400       0.030327
    -164.300       0.030279
    -164.200       0.030232
    -164.100       0.030184
    -164.000       0.030136
    -163.900       0.030088
    -163.800       0.030041
    -163.700       0.029993
    -163.600       0.029946
    -163.500       0.029900
    -163.400       0.029854
    -163.300       0.029808
    -163.200       0.029764
    -163.100       0.029720
    -163.000       0.029677
    -162.900       0.029636
    -162.800       0.029595
    -162.700       0.029556
    -162.600       0.029517
    -162.500       0.029479
    -162.400       0.029441
    -162.300       0.029404
    -162.200       0.029368
    -162.100       0.029332
    -162.000       0.029296
    -161.900       0.029260
    -161.800       0.029225
    -161.700       0.029189
    -161.600       0.029153
    -161.500       0.029118
    -161.400       0.029082
    -161.300       0.029045
    -161.200       0.029009
    -161.100       0.028972
    -161.000       0.028934
    -160.900       0.028896
    -160.800       0.028858
    -160.700       0.028819
    -160.600       0.028781
    -160.500       0.028743
    -160.400       0.028706
    -160.300       0.028670
    -160.200       0.028635
    -160.100       0.028602
    -160.000       0.028570
    -159.900       0.028540
    -159.800       0.028511
    -159.700       0.028484
    -159.600       0.028459
    -159.500       0.028435
    -159.400       0.028412
    -159.300       0.028389
    -159.200       0.028368
    -159.100       0.028346
    -159.000       0.028326
    -158.900       0.028305
    -158.800       0.028284
    -158.700       0.028263
    -158.600       0.028243
    -158.500       0.028221
    -158.400       0.028200
    -158.300       0.028178
    -158.200       0.028156
    -158.100       0.028133
    -158.000       0.028109
    -157.900       0.028084
    -157.800       0.028060
    -157.700       0.028035
    -157.600       0.028010
    -157.500       0.027986
    -157.400       0.027963
    -157.300       0.027941
    -157.200       0.027922
    -157.100       0.027904
    -157.000       0.027889
    -156.900       0.027877
    -156.800       0.027868
    -156.700       0.027860
    -156.600       0.027854
    -156.500       0.027850
    -156.400       0.027846
    -156.300       0.027842
    -156.200       0.027839
    -156.100       0.027835
    -156.000       0.027830
    -155.900       0.027824
    -155.800       0.027817
    -155.700       0.027810
    -155.600       0.027802
    -155.500       0.027794
    -155.400       0.027785
    -155.300       0.027778
    -155.200       0.027771
    -155.100       0.027765
    -155.000       0.027761
    -154.900       0.027758
    -154.800       0.027757
    -154.700       0.027757
    -154.600       0.027758
    -154.500       0.027760
    -154.400       0.027763
    -154.300       0.027766
    -154.200       0.027770
    -154.100       0.027774
    -154.000       0.027779
    -153.900       0.027783
    -153.800       0.027788
    -153.700       0.027793
    -153.600       0.027798
    -153.500       0.027804
    -153.400       0.027811
    -153.300       0.027818
    -153.200       0.027827
    -153.100       0.027836
    -153.000       0.027847
    -152.900       0.027858
    -152.800       0.027872
    -152.700       0.027886
    -152.600       0.027901
    -152.500       0.027917
    -152.400       0.027933
    -152.300       0.027951
    -152.200       0.027968
    -152.100       0.027986
    -152.000       0.028004
    -151.900       0.028022
    -151.800       0.028041
    -151.700       0.028059
    -151.600       0.028078
    -151.500       0.028096
    -151.400       0.028116
    -151.300       0.028135
    -151.200       0.028155
    -151.100       0.028175
    -151.000       0.028196
    -150.900       0.028218
    -150.800       0.028240
    -150.700       0.028262
    -150.600       0.028286
    -150.500       0.028310
    -150.400       0.028334
    -150.300       0.028359
    -150.200       0.028385
    -150.100       0.028412
    -150.000       0.028439
    -149.900       0.028467
    -149.800       0.028496
    -149.700       0.028526
    -149.600       0.028556
    -149.500       0.028588
    -149.400       0.028620
    -149.300       0.028653
    -149.200       0.028687
    -149.100       0.028722
    -149.000       0.028757
    -148.900       0.028794
    -148.800       0.028832
    -148.700       0.028870
    -148.600       0.028909
    -148.500       0.028948
    -148.400       0.028988
    -148.300       0.029027
    -148.200       0.029066
    -148.100       0.029105
    -148.000       0.029143
    -147.900       0.029181
    -147.800       0.029218
    -147.700       0.029255
    -147.600       0.029291
    -147.500       0.029328
    -147.400       0.029365
    -147.300       0.029402
    -147.200       0.029439
    -147.100       0.029477
    -147.000       0.029516
    -146.900       0.029556
    -146.800       0.029597
    -146.700       0.029640
    -146.600       0.029683
    -146.500       0.029728
    -146.400       0.029774
    -146.300       0.029822
    -146.200       0.029871
    -146.100       0.029922
    -146.000       0.029974
    -145.900       0.030029
    -145.800       0.030084
    -145.700       0.030141
    -145.600       0.030198
    -145.500       0.030255
    -145.400       0.030312
    -145.300       0.030367
    -145.200       0.030422
    -145.100       0.030474
    -145.000       0.030524
    -144.900       0.030572
    -144.800       0.030617
    -144.700       0.030661
    -144.600       0.030704
    -144.500       0.030747
    -144.400       0.030789
    -144.300       0.030833
    -144.200       0.030878
    -144.100       0.030926
    -144.000       0.030976
    -143.900       0.031029
    -143.800       0.031085
    -143.700       0.031144
    -143.600       0.031204
    -143.500       0.031266
    -143.400       0.031329
    -143.300       0.031393
    -143.200       0.031456
    -143.100       0.031519
    -143.000       0.031582
    -142.900       0.031643
    -142.800       0.031703
    -142.700       0.031763
    -142.600       0.031821
    -142.500       0.031878
    -142.400       0.031935
    -142.300       0.031992
    -142.200       0.032048
    -142.100       0.032103
    -142.000       0.032159
    -141.900       0.032215
    -141.800       0.032271
    -141.700       0.032327
    -141.600       0.032383
    -141.500       0.032440
    -141.400       0.032498
    -141.300       0.032556
    -141.200       0.032615
    -141.100       0.032675
    -141.000       0.032735
    -140.900       0.032797
    -140.800       0.032860
    -140.700       0.032924
    -140.600       0.032987
    -140.500       0.033052
    -140.400       0.033116
    -140.300       0.033180
    -140.200       0.033244
    -140.100       0.033307
    -140.000       0.033369
    -139.900       0.033431
    -139.800       0.033491
    -139.700       0.033551
    -139.600       0.033611
    -139.500       0.033670
    -139.400       0.033730
    -139.300       0.033789
    -139.200       0.033849
    -139.100       0.033910
    -139.000       0.033971
    -138.900       0.034033
    -138.800       0.034096
    -138.700       0.034160
    -138.600       0.034224
    -138.500       0.034289
    -138.400       0.034354
    -138.300       0.034420
    -138.200       0.034485
    -138.100       0.034551
    -138.000       0.034618
    -137.900       0.034684
    -137.800       0.034749
    -137.700       0.034815
    -137.600       0.034879
    -137.500       0.034944
    -137.400       0.035007
    -137.300       0.035069
    -137.200       0.035130
    -137.100       0.035189
    -137.000       0.035247
    -136.900       0.035304
    -136.800       0.035359
    -136.700       0.035414
    -136.600       0.035468
    -136.500       0.035523
    -136.400       0.035579
    -136.300       0.035637
    -136.200       0.035697
    -136.100       0.035760
    -136.000       0.035826
    -135.900       0.035896
    -135.800       0.035969
    -135.700       0.036044
    -135.600       0.036120
    -135.500       0.036197
    -135.400       0.036274
    -135.300       0.036349
    -135.200       0.036421
    -135.100       0.036491
    -135.000       0.036557
    -134.900       0.036618
    -134.800       0.036676
    -134.700       0.036730
    -134.600       0.036781
    -134.500       0.036831
    -134.400       0.036880
    -134.300       0.036929
    -134.200       0.036978
    -134.100       0.037029
    -134.000       0.037082
    -133.900       0.037138
    -133.800       0.037196
    -133.700       0.037257
    -133.600       0.037319
    -133.500       0.037383
    -133.400       0.037449
    -133.300       0.037515
    -133.200       0.037582
    -133.100       0.037650
    -133.000       0.037717
    -132.900       0.037784
    -132.800       0.037850
    -132.700       0.037916
    -132.600       0.037981
    -132.500       0.038045
    -132.400       0.038108
    -132.300       0.038170
    -132.200       0.038231
    -132.100       0.038290
    -132.000       0.038348
    -131.900       0.038405
    -131.800       0.038460
    -131.700       0.038514
    -131.600       0.038567
    -131.500       0.038620
    -131.400       0.038672
    -131.300       0.038724
    -131.200       0.038777
    -131.100       0.038829
    -131.000       0.038882
    -130.900       0.038936
    -130.800       0.038991
    -130.700       0.039047
    -130.600       0.039103
    -130.500       0.039159
    -130.400       0.039216
    -130.300       0.039273
    -130.200       0.039331
    -130.100       0.039388
    -130.000       0.039446
    -129.900       0.039503
    -129.800       0.039560
    -129.700       0.039617
    -129.600       0.039674
    -129.500       0.039730
    -129.400       0.039786
    -129.300       0.039840
    -129.200       0.039894
    -129.100       0.039947
    -129.000       0.039999
    -128.900       0.040050
    -128.800       0.040100
    -128.700       0.040150
    -128.600       0.040198
    -128.500       0.040247
    -128.400       0.040295
    -128.300       0.040343
    -128.200       0.040391
    -128.100       0.040440
    -128.000       0.040489
    -127.900       0.040539
    -127.800       0.040590
    -127.700       0.040641
    -127.600       0.040692
    -127.500       0.040742
    -127.400       0.040793
    -127.300       0.040843
    -127.200       0.040891
    -127.100       0.040939
    -127.000       0.040986
    -126.900       0.041031
    -126.800       0.041075
    -126.700       0.041117
    -126.600       0.041159
    -126.500       0.041201
    -126.400       0.041242
    -126.300       0.041283
    -126.200       0.041325
    -126.100       0.041367
    -126.000       0.041410
    -125.900       0.041454
    -125.800       0.041498
    -125.700       0.041544
    -125.600       0.041590
    -125.500       0.041636
    -125.400       0.041682
    -125.300       0.041728
    -125.200       0.041773
    -125.100       0.041818
    -125.000       0.041862
    -124.900       0.041906
    -124.800       0.041948
    -124.700       0.041989
    -124.600       0.042029
    -124.500       0.042068
    -124.400       0.042105
    -124.300       0.042142
    -124.200       0.042177
    -124.100       0.042210
    -124.000       0.042243
    -123.900       0.042274
    -123.800       0.042304
    -123.700       0.042333
    -123.600       0.042362
    -123.500       0.042390
    -123.400       0.042420
    -123.300       0.042449
    -123.200       0.042480
    -123.100       0.042513
    -123.000       0.042547
    -122.900       0.042582
    -122.800       0.042620
    -122.700       0.042659
    -122.600       0.042698
    -122.500       0.042737
    -122.400       0.042776
    -122.300       0.042814
    -122.200       0.042851
    -122.100       0.042886
    -122.000       0.042919
    -121.900       0.042949
    -121.800       0.042976
    -121.700       0.043002
    -121.600       0.043025
    -121.500       0.043048
    -121.400       0.043069
    -121.300       0.043089
    -121.200       0.043109
    -121.100       0.043129
    -121.000       0.043149
    -120.900       0.043170
    -120.800       0.043191
    -120.700       0.043213
    -120.600       0.043235
    -120.500       0.043257
    -120.400       0.043280
    -120.300       0.043303
    -120.200       0.043326
    -120.100       0.043348
    -120.000       0.043371
    -119.900       0.043394
    -119.800       0.043416
    -119.700       0.043438
    -119.600       0.043460
    -119.500       0.043481
    -119.400       0.043502
    -119.300       0.043522
    -119.200       0.043541
    -119.100       0.043560
    -119.000       0.043578
    -118.900       0.043596
    -118.800       0.043613
    -118.700       0.043628
    -118.600       0.043644
    -118.500       0.043658
    -118.400       0.043672
    -118.300       0.043685
    -118.200       0.043698
    -118.100       0.043710
    -118.000       0.043722
    -117.900       0.043733
    -117.800       0.043743
    -117.700       0.043754
    -117.600       0.043763
    -117.500       0.043772
    -117.400       0.043781
    -117.300       0.043790
    -117.200       0.043798
    -117.100       0.043806
    -117.000       0.043813
    -116.900       0.043820
    -116.800       0.043827
    -116.700       0.043834
    -116.600       0.043840
    -116.500       0.043846
    -116.400       0.043852
    -116.300       0.043859
    -116.200       0.043865
    -116.100       0.043871
    -116.000       0.043877
    -115.900       0.043883
    -115.800       0.043890
    -115.700       0.043896
    -115.600       0.043902
    -115.500       0.043907
    -115.400       0.043912
    -115.300       0.043915
    -115.200       0.043918
    -115.100       0.043920
    -115.000       0.043921
    -114.900       0.043920
    -114.800       0.043918
    -114.700       0.043915
    -114.600       0.043912
    -114.500       0.043907
    -114.400       0.043903
    -114.300       0.043898
    -114.200       0.043893
    -114.100       0.043889
    -114.000       0.043884
    -113.900       0.043881
    -113.800       0.043877
    -113.700       0.043874
    -113.600       0.043871
    -113.500       0.043867
    -113.400       0.043864
    -113.300       0.043859
    -113.200       0.043854
    -113.100       0.043847
    -113.000       0.043839
    -112.900       0.043830
    -112.800       0.043819
    -112.700       0.043808
    -112.600       0.043796
    -112.500       0.043784
    -112.400       0.043771
    -112.300       0.043759
    -112.200       0.043748
    -112.100       0.043738
    -112.000       0.043729
    -111.900       0.043721
    -111.800       0.043715
    -111.700       0.043709
    -111.600       0.043704
    -111.500       0.043698
    -111.400       0.043691
    -111.300       0.043683
    -111.200       0.043673
    -111.100       0.043662
    -111.000       0.043647
    -110.900       0.043630
    -110.800       0.043609
    -110.700       0.043587
    -110.600       0.043563
    -110.500       0.043539
    -110.400       0.043513
    -110.300       0.043488
    -110.200       0.043463
    -110.100       0.043438
    -110.000       0.043416
    -109.900       0.043395
    -109.800       0.043376
    -109.700       0.043358
    -109.600       0.043342
    -109.500       0.043326
    -109.400       0.043311
    -109.300       0.043296
    -109.200       0.043281
    -109.100       0.043265
    -109.000       0.043249
    -108.900       0.043233
    -108.800       0.043215
    -108.700       0.043196
    -108.600       0.043176
    -108.500       0.043155
    -108.400       0.043133
    -108.300       0.043109
    -108.200       0.043084
    -108.100       0.043058
    -108.000       0.043031
    -107.900       0.043002
    -107.800       0.042972
    -107.700       0.042941
    -107.600       0.042910
    -107.500       0.042878
    -107.400       0.042846
    -107.300       0.042814
    -107.200       0.042783
    -107.100       0.042752
    -107.000       0.042723
    -106.900       0.042694
    -106.800       0.042666
    -106.700       0.042640
    -106.600       0.042613
    -106.500       0.042587
    -106.400       0.042561
    -106.300       0.042535
    -106.200       0.042508
    -106.100       0.042480
    -106.000       0.042452
    -105.900       0.042422
    -105.800       0.042392
    -105.700       0.042360
    -105.600       0.042328
    -105.500       0.042295
    -105.400       0.042261
    -105.300       0.042227
    -105.200       0.042192
    -105.100       0.042157
    -105.000       0.042123
    -104.900       0.042088
    -104.800       0.042053
    -104.700       0.042018
    -104.600       0.041984
    -104.500       0.041948
    -104.400       0.041913
    -104.300       0.041878
    -104.200       0.041842
    -104.100       0.041805
    -104.000       0.041769
    -103.900       0.041732
    -103.800       0.041694
    -103.700       0.041656
    -103.600       0.041618
    -103.500       0.041579
    -103.400       0.041539
    -103.300       0.041499
    -103.200       0.041459
    -103.100       0.041419
    -103.000       0.041378
    -102.900       0.041336
    -102.800       0.041295
    -102.700       0.041253
    -102.600       0.041211
    -102.500       0.041169
    -102.400       0.041128
    -102.300       0.041086
    -102.200       0.041045
    -102.100       0.041005
    -102.000       0.040965
    -101.900       0.040926
    -101.800       0.040887
    -101.700       0.040848
    -101.600       0.040810
    -101.500       0.040771
    -101.400       0.040731
    -101.300       0.040691
    -101.200       0.040650
    -101.100       0.040607
    -101.000       0.040563
    -100.900       0.040517
    -100.800       0.040469
    -100.700       0.040420
    -100.600       0.040370
    -100.500       0.040319
    -100.400       0.040268
    -100.300       0.040216
    -100.200       0.040164
    -100.100       0.040112
    -100.000       0.040060
     -99.900       0.040009
     -99.800       0.039958
     -99.700       0.039909
     -99.600       0.039860
     -99.500       0.039811
     -99.400       0.039764
     -99.300       0.039718
     -99.200       0.039672
     -99.100       0.039628
     -99.000       0.039585
     -98.900       0.039543
     -98.800       0.039501
     -98.700       0.039460
     -98.600       0.039419
     -98.500       0.039377
     -98.400       0.039334
     -98.300       0.039289
     -98.200       0.039243
     -98.100       0.039194
     -98.000       0.039143
     -97.900       0.039088
     -97.800       0.039030
     -97.700       0.038971
     -97.600       0.038910
     -97.500       0.038848
     -97.400       0.038787
     -97.300       0.038726
     -97.200       0.038666
     -97.100       0.038608
     -97.000       0.038553
     -96.900       0.038501
     -96.800       0.038451
     -96.700       0.038404
     -96.600       0.038358
     -96.500       0.038314
     -96.400       0.038270
     -96.300       0.038225
     -96.200       0.038181
     -96.100       0.038135
     -96.000       0.038087
     -95.900       0.038038
     -95.800       0.037986
     -95.700       0.037933
     -95.600       0.037878
     -95.500       0.037823
     -95.400       0.037766
     -95.300       0.037710
     -95.200       0.037653
     -95.100       0.037596
     -95.000       0.037539
     -94.900       0.037484
     -94.800       0.037428
     -94.700       0.037374
     -94.600       0.037319
     -94.500       0.037265
     -94.400       0.037212
     -94.300       0.037158
     -94.200       0.037105
     -94.100       0.037051
     -94.000       0.036998
     -93.900       0.036944
     -93.800       0.036890
     -93.700       0.036835
     -93.600       0.036781
     -93.500       0.036726
     -93.400       0.036671
     -93.300       0.036616
     -93.200       0.036560
     -93.100       0.036504
     -93.000       0.036448
     -92.900       0.036391
     -92.800       0.036334
     -92.700       0.036277
     -92.600       0.036219
     -92.500       0.036162
     -92.400       0.036104
     -92.300       0.036047
     -92.200       0.035990
     -92.100       0.035932
     -92.000       0.035875
     -91.900       0.035819
     -91.800       0.035763
     -91.700       0.035707
     -91.600       0.035651
     -91.500       0.035595
     -91.400       0.035540
     -91.300       0.035485
     -91.200       0.035430
     -91.100       0.035375
     -91.000       0.035320
     -90.900       0.035265
     -90.800       0.035210
     -90.700       0.035154
     -90.600       0.035099
     -90.500       0.035042
     -90.400       0.034985
     -90.300       0.034926
     -90.200       0.034867
     -90.100       0.034806
     -90.000       0.034743
     -89.900       0.034679
     -89.800       0.034614
     -89.700       0.034548
     -89.600       0.034482
     -89.500       0.034416
     -89.400       0.034350
     -89.300       0.034286
     -89.200       0.034224
     -89.100       0.034164
     -89.000       0.034106
     -88.900       0.034052
     -88.800       0.034000
     -88.700       0.033950
     -88.600       0.033902
     -88.500       0.033854
     -88.400       0.033805
     -88.300       0.033756
     -88.200       0.033706
     -88.100       0.033653
     -88.000       0.033598
     -87.900       0.033539
     -87.800       0.033477
     -87.700       0.033413
     -87.600       0.033346
     -87.500       0.033279
     -87.400       0.033210
     -87.300       0.033141
     -87.200       0.033073
     -87.100       0.033005
     -87.000       0.032938
     -86.900       0.032873
     -86.800       0.032809
     -86.700       0.032747
     -86.600       0.032686
     -86.500       0.032627
     -86.400       0.032569
     -86.300       0.032512
     -86.200       0.032456
     -86.100       0.032401
     -86.000       0.032347
     -85.900       0.032293
     -85.800       0.032240
     -85.700       0.032187
     -85.600       0.032135
     -85.500       0.032081
     -85.400       0.032027
     -85.300       0.031973
     -85.200       0.031917
     -85.100       0.031859
     -85.000       0.031800
     -84.900       0.031739
     -84.800       0.031676
     -84.700       0.031612
     -84.600       0.031547
     -84.500       0.031481
     -84.400       0.031416
     -84.300       0.031350
     -84.200       0.031285
     -84.100       0.031221
     -84.000       0.031158
     -83.900       0.031097
     -83.800       0.031037
     -83.700       0.030979
     -83.600       0.030921
     -83.500       0.030864
     -83.400       0.030808
     -83.300       0.030751
     -83.200       0.030695
     -83.100       0.030638
     -83.000       0.030581
     -82.900       0.030523
     -82.800       0.030464
     -82.700       0.030405
     -82.600       0.030346
     -82.500       0.030286
     -82.400       0.030226
     -82.300       0.030166
     -82.200       0.030106
     -82.100       0.030046
     -82.000       0.029987
     -81.900       0.029928
     -81.800       0.029869
     -81.700       0.029811
     -81.600       0.029753
     -81.500       0.029695
     -81.400       0.029637
     -81.300       0.029579
     -81.200       0.029521
     -81.100       0.029463
     -81.000       0.029404
     -80.900       0.029345
     -80.800       0.029286
     -80.700       0.029226
     -80.600       0.029167
     -80.500       0.029106
     -80.400       0.029046
     -80.300       0.028986
     -80.200       0.028926
     -80.100       0.028865
     -80.000       0.028805
     -79.900       0.028744
     -79.800       0.028684
     -79.700       0.028624
     -79.600       0.028564
     -79.500       0.028504
     -79.400       0.028444
     -79.300       0.028385
     -79.200       0.028326
     -79.100       0.028268
     -79.000       0.028209
     -78.900       0.028152
     -78.800       0.028094
     -78.700       0.028037
     -78.600       0.027981
     -78.500       0.027924
     -78.400       0.027868
     -78.300       0.027813
     -78.200       0.027757
     -78.100       0.027701
     -78.000       0.027646
     -77.900       0.027591
     -77.800       0.027535
     -77.700       0.027480
     -77.600       0.027424
     -77.500       0.027368
     -77.400       0.027312
     -77.300       0.027255
     -77.200       0.027197
     -77.100       0.027138
     -77.000       0.027078
     -76.900       0.027018
     -76.800       0.026956
     -76.700       0.026894
     -76.600       0.026832
     -76.500       0.026770
     -76.400       0.026708
     -76.300       0.026647
     -76.200       0.026587
     -76.100       0.026528
     -76.000       0.026470
     -75.900       0.026414
     -75.800       0.026359
     -75.700       0.026306
     -75.600       0.026254
     -75.500       0.026203
     -75.400       0.026152
     -75.300       0.026102
     -75.200       0.026052
     -75.100       0.026002
     -75.000       0.025952
     -74.900       0.025901
     -74.800       0.025850
     -74.700       0.025798
     -74.600       0.025745
     -74.500       0.025692
     -74.400       0.025638
     -74.300       0.025582
     -74.200       0.025525
     -74.100       0.025467
     -74.000       0.025408
     -73.900       0.025347
     -73.800       0.025285
     -73.700       0.025223
     -73.600       0.025160
     -73.500       0.025098
     -73.400       0.025037
     -73.300       0.024977
     -73.200       0.024918
     -73.100       0.024862
     -73.000       0.024808
     -72.900       0.024757
     -72.800       0.024709
     -72.700       0.024662
     -72.600       0.024617
     -72.500       0.024573
     -72.400       0.024529
     -72.300       0.024485
     -72.200       0.024440
     -72.100       0.024393
     -72.000       0.024345
     -71.900       0.024294
     -71.800       0.024242
     -71.700       0.024187
     -71.600       0.024131
     -71.500       0.024075
     -71.400       0.024017
     -71.300       0.023960
     -71.200       0.023903
     -71.100       0.023846
     -71.000       0.023790
     -70.900       0.023736
     -70.800       0.023683
     -70.700       0.023630
     -70.600       0.023579
     -70.500       0.023528
     -70.400       0.023478
     -70.300       0.023429
     -70.200       0.023379
     -70.100       0.023329
     -70.000       0.023280
     -69.900       0.023229
     -69.800       0.023179
     -69.700       0.023128
     -69.600       0.023078
     -69.500       0.023027
     -69.400       0.022977
     -69.300       0.022926
     -69.200       0.022876
     -69.100       0.022826
     -69.000       0.022777
     -68.900       0.022728
     -68.800       0.022679
     -68.700       0.022631
     -68.600       0.022583
     -68.500       0.022535
     -68.400       0.022488
     -68.300       0.022440
     -68.200       0.022391
     -68.100       0.022343
     -68.000       0.022294
     -67.900       0.022244
     -67.800       0.022194
     -67.700       0.022144
     -67.600       0.022094
     -67.500       0.022043
     -67.400       0.021993
     -67.300       0.021942
     -67.200       0.021892
     -67.100       0.021842
     -67.000       0.021793
     -66.900       0.021744
     -66.800       0.021696
     -66.700       0.021648
     -66.600       0.021600
     -66.500       0.021553
     -66.400       0.021505
     -66.300       0.021457
     -66.200       0.021409
     -66.100       0.021360
     -66.000       0.021311
     -65.900       0.021262
     -65.800       0.021211
     -65.700       0.021161
     -65.600       0.021111
     -65.500       0.021061
     -65.400       0.021012
     -65.300       0.020963
     -65.200       0.020915
     -65.100       0.020868
     -65.000       0.020822
     -64.900       0.020778
     -64.800       0.020735
     -64.700       0.020693
     -64.600       0.020651
     -64.500       0.020609
     -64.400       0.020567
     -64.300       0.020525
     -64.200       0.020481
     -64.100       0.020436
     -64.000       0.020389
     -63.900       0.020340
     -63.800       0.020289
     -63.700       0.020236
     -63.600       0.020183
     -63.500       0.020129
     -63.400       0.020075
     -63.300       0.020021
     -63.200       0.019967
     -63.100       0.019915
     -63.000       0.019863
     -62.900       0.019814
     -62.800       0.019765
     -62.700       0.019719
     -62.600       0.019673
     -62.500       0.019628
     -62.400       0.019585
     -62.300       0.019542
     -62.200       0.019500
     -62.100       0.019458
     -62.000       0.019417
     -61.900       0.019376
     -61.800       0.019334
     -61.700       0.019293
     -61.600       0.019251
     -61.500       0.019209
     -61.400       0.019166
     -61.300       0.019122
     -61.200       0.019077
     -61.100       0.019030
     -61.000       0.018983
     -60.900       0.018933
     -60.800       0.018882
     -60.700       0.018830
     -60.600       0.018777
     -60.500       0.018725
     -60.400       0.018672
     -60.300       0.018620
     -60.200       0.018568
     -60.100       0.018518
     -60.000       0.018469
     -59.900       0.018422
     -59.800       0.018377
     -59.700       0.018333
     -59.600       0.018290
     -59.500       0.018249
     -59.400       0.018207
     -59.300       0.018166
     -59.200       0.018126
     -59.100       0.018085
     -59.000       0.018044
     -58.900       0.018002
     -58.800       0.017960
     -58.700       0.017917
     -58.600       0.017873
     -58.500       0.017830
     -58.400       0.017785
     -58.300       0.017741
     -58.200       0.017696
     -58.100       0.017651
     -58.000       0.017605
     -57.900       0.017560
     -57.800       0.017514
     -57.700       0.017469
     -57.600       0.017423
     -57.500       0.017378
     -57.400       0.017333
     -57.300       0.017288
     -57.200       0.017244
     -57.100       0.017200
     -57.000       0.017156
     -56.900       0.017113
     -56.800       0.017071
     -56.700       0.017029
     -56.600       0.016987
     -56.500       0.016945
     -56.400       0.016904
     -56.300       0.016863
     -56.200       0.016822
     -56.100       0.016781
     -56.000       0.016739
     -55.900       0.016698
     -55.800       0.016656
     -55.700       0.016614
     -55.600       0.016573
     -55.500       0.016531
     -55.400       0.016490
     -55.300       0.016449
     -55.200       0.016409
     -55.100       0.016369
     -55.000       0.016330
     -54.900       0.016292
     -54.800       0.016255
     -54.700       0.016217
     -54.600       0.016181
     -54.500       0.016144
     -54.400       0.016108
     -54.300       0.016072
     -54.200       0.016035
     -54.100       0.015999
     -54.000       0.015961
     -53.900       0.015924
     -53.800       0.015886
     -53.700       0.015847
     -53.600       0.015808
     -53.500       0.015769
     -53.400       0.015729
     -53.300       0.015690
     -53.200       0.015650
     -53.100       0.015611
     -53.000       0.015571
     -52.900       0.015532
     -52.800       0.015493
     -52.700       0.015455
     -52.600       0.015417
     -52.500       0.015380
     -52.400       0.015344
     -52.300       0.015310
     -52.200       0.015277
     -52.100       0.015246
     -52.000       0.015217
     -51.900       0.015190
     -51.800       0.015164
     -51.700       0.015139
     -51.600       0.015115
     -51.500       0.015092
     -51.400       0.015068
     -51.300       0.015043
     -51.200       0.015016
     -51.100       0.014988
     -51.000       0.014958
     -50.900       0.014925
     -50.800       0.014890
     -50.700       0.014854
     -50.600       0.014816
     -50.500       0.014778
     -50.400       0.014740
     -50.300       0.014702
     -50.200       0.014666
     -50.100       0.014632
     -50.000       0.014600
     -49.900       0.014571
     -49.800       0.014545
     -49.700       0.014521
     -49.600       0.014499
     -49.500       0.014478
     -49.400       0.014459
     -49.300       0.014440
     -49.200       0.014422
     -49.100       0.014404
     -49.000       0.014385
     -48.900       0.014367
     -48.800       0.014347
     -48.700       0.014327
     -48.600       0.014307
     -48.500       0.014286
     -48.400       0.014265
     -48.300       0.014244
     -48.200       0.014223
     -48.100       0.014203
     -48.000       0.014182
     -47.900       0.014161
     -47.800       0.014141
     -47.700       0.014121
     -47.600       0.014101
     -47.500       0.014081
     -47.400       0.014062
     -47.300       0.014043
     -47.200       0.014024
     -47.100       0.014005
     -47.000       0.013987
     -46.900       0.013969
     -46.800       0.013951
     -46.700       0.013934
     -46.600       0.013918
     -46.500       0.013902
     -46.400       0.013888
     -46.300       0.013874
     -46.200       0.013862
     -46.100       0.013852
     -46.000       0.013843
     -45.900       0.013835
     -45.800       0.013829
     -45.700       0.013824
     -45.600       0.013820
     -45.500       0.013816
     -45.400       0.013813
     -45.300       0.013809
     -45.200       0.013804
     -45.100       0.013799
     -45.000       0.013793
     -44.900       0.013785
     -44.800       0.013776
     -44.700       0.013766
     -44.600       0.013756
     -44.500       0.013746
     -44.400       0.013736
     -44.300       0.013726
     -44.200       0.013718
     -44.100       0.013711
     -44.000       0.013706
     -43.900       0.013702
     -43.800       0.013701
     -43.700       0.013701
     -43.600       0.013702
     -43.500       0.013705
     -43.400       0.013707
     -43.300       0.013711
     -43.200       0.013714
     -43.100       0.013717
     -43.000       0.013719
     -42.900       0.013721
     -42.800       0.013722
     -42.700       0.013723
     -42.600       0.013724
     -42.500       0.013724
     -42.400       0.013725
     -42.300       0.013727
     -42.200       0.013728
     -42.100       0.013731
     -42.000       0.013735
     -41.900       0.013740
     -41.800       0.013747
     -41.700       0.013754
     -41.600       0.013762
     -41.500       0.013771
     -41.400       0.013781
     -41.300       0.013791
     -41.200       0.013802
     -41.100       0.013813
     -41.000       0.013824
     -40.900       0.013835
     -40.800       0.013847
     -40.700       0.013858
     -40.600       0.013869
     -40.500       0.013880
     -40.400       0.013890
     -40.300       0.013901
     -40.200       0.013911
     -40.100       0.013920
     -40.000       0.013929
     -39.900       0.013938
     -39.800       0.013946
     -39.700       0.013954
     -39.600       0.013963
     -39.500       0.013972
     -39.400       0.013983
     -39.300       0.013994
     -39.200       0.014007
     -39.100       0.014022
     -39.000       0.014039
     -38.900       0.014059
     -38.800       0.014081
     -38.700       0.014104
     -38.600       0.014128
     -38.500       0.014153
     -38.400       0.014178
     -38.300       0.014203
     -38.200       0.014227
     -38.100       0.014250
     -38.000       0.014271
     -37.900       0.014290
     -37.800       0.014307
     -37.700       0.014323
     -37.600       0.014338
     -37.500       0.014352
     -37.400       0.014366
     -37.300       0.014379
     -37.200       0.014393
     -37.100       0.014408
     -37.000       0.014424
     -36.900       0.014441
     -36.800       0.014460
     -36.700       0.014480
     -36.600       0.014501
     -36.500       0.014523
     -36.400       0.014547
     -36.300       0.014572
     -36.200       0.014597
     -36.100       0.014624
     -36.000       0.014652
     -35.900       0.014680
     -35.800       0.014710
     -35.700       0.014739
     -35.600       0.014769
     -35.500       0.014799
     -35.400       0.014829
     -35.300       0.014859
     -35.200       0.014887
     -35.100       0.014915
     -35.000       0.014942
     -34.900       0.014968
     -34.800       0.014993
     -34.700       0.015017
     -34.600       0.015040
     -34.500       0.015062
     -34.400       0.015085
     -34.300       0.015107
     -34.200       0.015129
     -34.100       0.015152
     -34.000       0.015175
     -33.900       0.015199
     -33.800       0.015223
     -33.700       0.015249
     -33.600       0.015275
     -33.500       0.015302
     -33.400       0.015329
     -33.300       0.015358
     -33.200       0.015387
     -33.100       0.015418
     -33.000       0.015450
     -32.900       0.015482
     -32.800       0.015515
     -32.700       0.015549
     -32.600       0.015583
     -32.500       0.015617
     -32.400       0.015651
     -32.300       0.015684
     -32.200       0.015717
     -32.100       0.015748
     -32.000       0.015778
     -31.900       0.015807
     -31.800       0.015835
     -31.700       0.015861
     -31.600       0.015887
     -31.500       0.015913
     -31.400       0.015938
     -31.300       0.015964
     -31.200       0.015990
     -31.100       0.016017
     -31.000       0.016045
     -30.900       0.016075
     -30.800       0.016106
     -30.700       0.016138
     -30.600       0.016170
     -30.500       0.016203
     -30.400       0.016236
     -30.300       0.016269
     -30.200       0.016302
     -30.100       0.016334
     -30.000       0.016366
     -29.900       0.016396
     -29.800       0.016426
     -29.700       0.016455
     -29.600       0.016483
     -29.500       0.016511
     -29.400       0.016539
     -29.300       0.016567
     -29.200       0.016595
     -29.100       0.016623
     -29.000       0.016652
     -28.900       0.016681
     -28.800       0.016711
     -28.700       0.016741
     -28.600       0.016772
     -28.500       0.016803
     -28.400       0.016835
     -28.300       0.016868
     -28.200       0.016900
     -28.100       0.016933
     -28.000       0.016967
     -27.900       0.017001
     -27.800       0.017035
     -27.700       0.017068
     -27.600       0.017102
     -27.500       0.017134
     -27.400       0.017166
     -27.300       0.017197
     -27.200       0.017226
     -27.100       0.017253
     -27.000       0.017279
     -26.900       0.017302
     -26.800       0.017324
     -26.700       0.017345
     -26.600       0.017365
     -26.500       0.017386
     -26.400       0.017407
     -26.300       0.017429
     -26.200       0.017452
     -26.100       0.017478
     -26.000       0.017507
     -25.900       0.017539
     -25.800       0.017573
     -25.700       0.017610
     -25.600       0.017647
     -25.500       0.017686
     -25.400       0.017725
     -25.300       0.017763
     -25.200       0.017800
     -25.100       0.017835
     -25.000       0.017868
     -24.900       0.017898
     -24.800       0.017925
     -24.700       0.017950
     -24.600       0.017973
     -24.500       0.017995
     -24.400       0.018015
     -24.300       0.018035
     -24.200       0.018055
     -24.100       0.018074
     -24.000       0.018095
     -23.900       0.018116
     -23.800       0.018138
     -23.700       0.018161
     -23.600       0.018185
     -23.500       0.018209
     -23.400       0.018234
     -23.300       0.018260
     -23.200       0.018286
     -23.100       0.018313
     -23.000       0.018341
     -22.900       0.018368
     -22.800       0.018396
     -22.700       0.018425
     -22.600       0.018453
     -22.500       0.018481
     -22.400       0.018509
     -22.300       0.018537
     -22.200       0.018564
     -22.100       0.018591
     -22.000       0.018617
     -21.900       0.018643
     -21.800       0.018668
     -21.700       0.018692
     -21.600       0.018715
     -21.500       0.018737
     -21.400       0.018759
     -21.300       0.018779
     -21.200       0.018799
     -21.100       0.018818
     -21.000       0.018835
     -20.900       0.018852
     -20.800       0.018869
     -20.700       0.018884
     -20.600       0.018900
     -20.500       0.018915
     -20.400       0.018931
     -20.300       0.018948
     -20.200       0.018965
     -20.100       0.018983
     -20.000       0.019003
     -19.900       0.019024
     -19.800       0.019046
     -19.700       0.019069
     -19.600       0.019093
     -19.500       0.019116
     -19.400       0.019140
     -19.300       0.019162
     -19.200       0.019184
     -19.100       0.019204
     -19.000       0.019223
     -18.900       0.019240
     -18.800       0.019254
     -18.700       0.019268
     -18.600       0.019280
     -18.500       0.019291
     -18.400       0.019302
     -18.300       0.019313
     -18.200       0.019324
     -18.100       0.019335
     -18.000       0.019347
     -17.900       0.019360
     -17.800       0.019374
     -17.700       0.019389
     -17.600       0.019404
     -17.500       0.019419
     -17.400       0.019434
     -17.300       0.019448
     -17.200       0.019462
     -17.100       0.019475
     -17.000       0.019487
     -16.900       0.019498
     -16.800       0.019507
     -16.700       0.019515
     -16.600       0.019523
     -16.500       0.019529
     -16.400       0.019536
     -16.300       0.019542
     -16.200       0.019548
     -16.100       0.019554
     -16.000       0.019560
     -15.900       0.019567
     -15.800       0.019574
     -15.700       0.019581
     -15.600       0.019589
     -15.500       0.019597
     -15.400       0.019605
     -15.300       0.019612
     -15.200       0.019620
     -15.100       0.019628
     -15.000       0.019635
     -14.900       0.019642
     -14.800       0.019648
     -14.700       0.019654
     -14.600       0.019660
     -14.500       0.019665
     -14.400       0.019669
     -14.300       0.019673
     -14.200       0.019676
     -14.100       0.019678
     -14.000       0.019679
     -13.900       0.019679
     -13.800       0.019679
     -13.700       0.019677
     -13.600       0.019675
     -13.500       0.019672
     -13.400       0.019669
     -13.300       0.019665
     -13.200       0.019660
     -13.100       0.019656
     -13.000       0.019651
     -12.900       0.019645
     -12.800       0.019640
     -12.700       0.019635
     -12.600       0.019630
     -12.500       0.019626
     -12.400       0.019621
     -12.300       0.019618
     -12.200       0.019615
     -12.100       0.019613
     -12.000       0.019613
     -11.900       0.019613
     -11.800       0.019614
     -11.700       0.019616
     -11.600       0.019617
     -11.500       0.019618
     -11.400       0.019617
     -11.300       0.019616
     -11.200       0.019612
     -11.100       0.019606
     -11.000       0.019597
     -10.900       0.019586
     -10.800       0.019571
     -10.700       0.019555
     -10.600       0.019537
     -10.500       0.019518
     -10.400       0.019498
     -10.300       0.019478
     -10.200       0.019459
     -10.100       0.019441
     -10.000       0.019425
      -9.900       0.019410
      -9.800       0.019397
      -9.700       0.019386
      -9.600       0.019376
      -9.500       0.019367
      -9.400       0.019358
      -9.300       0.019350
      -9.200       0.019342
      -9.100       0.019334
      -9.000       0.019325
      -8.900       0.019316
      -8.800       0.019306
      -8.700       0.019294
      -8.600       0.019282
      -8.500       0.019269
      -8.400       0.019254
      -8.300       0.019238
      -8.200       0.019220
      -8.100       0.019201
      -8.000       0.019180
      -7.900       0.019158
      -7.800       0.019134
      -7.700       0.019109
      -7.600       0.019084
      -7.500       0.019058
      -7.400       0.019032
      -7.300       0.019007
      -7.200       0.018982
      -7.100       0.018959
      -7.000       0.018937
      -6.900       0.018917
      -6.800       0.018899
      -6.700       0.018881
      -6.600       0.018864
      -6.500       0.018847
      -6.400       0.018830
      -6.300       0.018812
      -6.200       0.018793
      -6.100       0.018772
      -6.000       0.018748
      -5.900       0.018723
      -5.800       0.018695
      -5.700       0.018666
      -5.600       0.018635
      -5.500       0.018604
      -5.400       0.018573
      -5.300       0.018541
      -5.200       0.018511
      -5.100       0.018481
      -5.000       0.018453
      -4.900       0.018428
      -4.800       0.018403
      -4.700       0.018380
      -4.600       0.018357
      -4.500       0.018335
      -4.400       0.018313
      -4.300       0.018289
      -4.200       0.018265
      -4.100       0.018239
      -4.000       0.018211
      -3.900       0.018180
      -3.800       0.018148
      -3.700       0.018113
      -3.600       0.018077
      -3.500       0.018040
      -3.400       0.018001
      -3.300       0.017962
      -3.200       0.017923
      -3.100       0.017884
      -3.000       0.017846
      -2.900       0.017808
      -2.800       0.017771
      -2.700       0.017734
      -2.600       0.017698
      -2.500       0.017663
      -2.400       0.017629
      -2.300       0.017595
      -2.200       0.017561
      -2.100       0.017529
      -2.000       0.017497
      -1.900       0.017465
      -1.800       0.017434
      -1.700       0.017403
      -1.600       0.017372
      -1.500       0.017340
      -1.400       0.017307
      -1.300       0.017273
      -1.200       0.017237
      -1.100       0.017200
      -1.000       0.017161
      -0.900       0.017120
      -0.800       0.017077
      -0.700       0.017032
      -0.600       0.016987
      -0.500       0.016940
      -0.400       0.016892
      -0.300       0.016844
      -0.200       0.016797
      -0.100       0.016749
       0.000       0.016702
       0.100       0.016657
       0.200       0.016612
       0.300       0.016568
       0.400       0.016524
       0.500       0.016482
       0.600       0.016440
       0.700       0.016398
       0.800       0.016357
       0.900       0.016316
       1.000       0.016275
       1.100       0.016235
       1.200       0.016194
       1.300       0.016153
       1.400       0.016112
       1.500       0.016071
       1.600       0.016029
       1.700       0.015986
       1.800       0.015942
       1.900       0.015897
       2.000       0.015850
       2.100       0.015802
       2.200       0.015753
       2.300       0.015703
       2.400       0.015652
       2.500       0.015601
       2.600       0.015549
       2.700       0.015496
       2.800       0.015444
       2.900       0.015392
       3.000       0.015340
       3.100       0.015288
       3.200       0.015237
       3.300       0.015187
       3.400       0.015136
       3.500       0.015086
       3.600       0.015036
       3.700       0.014986
       3.800       0.014936
       3.900       0.014886
       4.000       0.014835
       4.100       0.014785
       4.200       0.014734
       4.300       0.014683
       4.400       0.014631
       4.500       0.014580
       4.600       0.014528
       4.700       0.014475
       4.800       0.014423
       4.900       0.014370
       5.000       0.014316
       5.100       0.014263
       5.200       0.014209
       5.300       0.014155
       5.400       0.014101
       5.500       0.014047
       5.600       0.013992
       5.700       0.013938
       5.800       0.013883
       5.900       0.013829
       6.000       0.013775
       6.100       0.013720
       6.200       0.013666
       6.300       0.013611
       6.400       0.013556
       6.500       0.013501
       6.600       0.013445
       6.700       0.013387
       6.800       0.013329
       6.900       0.013270
       7.000       0.013209
       7.100       0.013146
       7.200       0.013082
       7.300       0.013018
       7.400       0.012953
       7.500       0.012888
       7.600       0.012824
       7.700       0.012760
       7.800       0.012697
       7.900       0.012637
       8.000       0.012578
       8.100       0.012521
       8.200       0.012466
       8.300       0.012413
       8.400       0.012361
       8.500       0.012309
       8.600       0.012257
       8.700       0.012205
       8.800       0.012151
       8.900       0.012096
       9.000       0.012040
       9.100       0.011980
       9.200       0.011919
       9.300       0.011856
       9.400       0.011791
       9.500       0.011725
       9.600       0.011658
       9.700       0.011590
       9.800       0.011521
       9.900       0.011453
      10.000       0.011384
      10.100       0.011316
      10.200       0.011248
      10.300       0.011181
      10.400       0.011115
      10.500       0.011049
      10.600       0.010985
      10.700       0.010922
      10.800       0.010859
      10.900       0.010799
      11.000       0.010739
      11.100       0.010681
      11.200       0.010624
      11.300       0.010568
      11.400       0.010513
      11.500       0.010457
      11.600       0.010401
      11.700       0.010343
      11.800       0.010285
      11.900       0.010225
      12.000       0.010162
      12.100       0.010097
      12.200       0.010030
      12.300       0.009962
      12.400       0.009892
      12.500       0.009822
      12.600       0.009751
      12.700       0.009681
      12.800       0.009611
      12.900       0.009543
      13.000       0.009477
      13.100       0.009412
      13.200       0.009350
      13.300       0.009288
      13.400       0.009228
      13.500       0.009169
      13.600       0.009110
      13.700       0.009051
      13.800       0.008991
      13.900       0.008930
      14.000       0.008869
      14.100       0.008805
      14.200       0.008741
      14.300       0.008675
      14.400       0.008609
      14.500       0.008542
      14.600       0.008475
      14.700       0.008408
      14.800       0.008342
      14.900       0.008276
      15.000       0.008212
      15.100       0.008148
      15.200       0.008086
      15.300       0.008024
      15.400       0.007964
      15.500       0.007903
      15.600       0.007844
      15.700       0.007784
      15.800       0.007724
      15.900       0.007664
      16.000       0.007604
      16.100       0.007543
      16.200       0.007481
      16.300       0.007419
      16.400       0.007356
      16.500       0.007293
      16.600       0.007230
      16.700       0.007166
      16.800       0.007101
      16.900       0.007036
      17.000       0.006971
      17.100       0.006906
      17.200       0.006840
      17.300       0.006774
      17.400       0.006708
      17.500       0.006642
      17.600       0.006577
      17.700       0.006512
      17.800       0.006447
      17.900       0.006382
      18.000       0.006319
      18.100       0.006256
      18.200       0.006193
      18.300       0.006132
      18.400       0.006071
      18.500       0.006011
      18.600       0.005951
      18.700       0.005893
      18.800       0.005835
      18.900       0.005778
      19.000       0.005722
      19.100       0.005666
      19.200       0.005611
      19.300       0.005557
      19.400       0.005502
      19.500       0.005446
      19.600       0.005390
      19.700       0.005333
      19.800       0.005274
      19.900       0.005213
      20.000       0.005151
      20.100       0.005086
      20.200       0.005019
      20.300       0.004951
      20.400       0.004883
      20.500       0.004814
      20.600       0.004745
      20.700       0.004678
      20.800       0.004612
      20.900       0.004549
      21.000       0.004488
      21.100       0.004430
      21.200       0.004375
      21.300       0.004322
      21.400       0.004271
      21.500       0.004222
      21.600       0.004173
      21.700       0.004125
      21.800       0.004077
      21.900       0.004029
      22.000       0.003980
      22.100       0.003930
      22.200       0.003878
      22.300       0.003826
      22.400       0.003773
      22.500       0.003719
      22.600       0.003666
      22.700       0.003612
      22.800       0.003559
      22.900       0.003506
      23.000       0.003454
      23.100       0.003403
      23.200       0.003353
      23.300       0.003304
      23.400       0.003256
      23.500       0.003209
      23.600       0.003163
      23.700       0.003118
      23.800       0.003074
      23.900       0.003031
      24.000       0.002990
      24.100       0.002949
      24.200       0.002910
      24.300       0.002871
      24.400       0.002834
      24.500       0.002797
      24.600       0.002762
      24.700       0.002727
      24.800       0.002694
      24.900       0.002661
      25.000       0.002629
      25.100       0.002598
      25.200       0.002568
      25.300       0.002540
      25.400       0.002513
      25.500       0.002488
      25.600       0.002465
      25.700       0.002445
      25.800       0.002428
      25.900       0.002413
      26.000       0.002402
      26.100       0.002395
      26.200       0.002390
      26.300       0.002389
      26.400       0.002389
      26.500       0.002390
      26.600       0.002393
      26.700       0.002396
      26.800       0.002399
      26.900       0.002401
      27.000       0.002403
      27.100       0.002403
      27.200       0.002401
      27.300       0.002400
      27.400       0.002398
      27.500       0.002398
      27.600       0.002399
      27.700       0.002403
      27.800       0.002409
      27.900       0.002419
      28.000       0.002433
      28.100       0.002451
      28.200       0.002474
      28.300       0.002501
      28.400       0.002530
      28.500       0.002562
      28.600       0.002595
      28.700       0.002630
      28.800       0.002665
      28.900       0.002700
      29.000       0.002734
      29.100       0.002766
      29.200       0.002798
      29.300       0.002829
      29.400       0.002859
      29.500       0.002890
      29.600       0.002920
      29.700       0.002951
      29.800       0.002983
      29.900       0.003016
      30.000       0.003051
      30.100       0.003087
      30.200       0.003125
      30.300       0.003164
      30.400       0.003205
      30.500       0.003247
      30.600       0.003289
      30.700       0.003333
      30.800       0.003377
      30.900       0.003421
      31.000       0.003466
      31.100       0.003510
      31.200       0.003555
      31.300       0.003599
      31.400       0.003643
      31.500       0.003687
      31.600       0.003731
      31.700       0.003773
      31.800       0.003816
      31.900       0.003857
      32.000       0.003898
      32.100       0.003938
      32.200       0.003977
      32.300       0.004016
      32.400       0.004055
      32.500       0.004095
      32.600       0.004135
      32.700       0.004176
      32.800       0.004218
      32.900       0.004261
      33.000       0.004307
      33.100       0.004354
      33.200       0.004404
      33.300       0.004454
      33.400       0.004506
      33.500       0.004558
      33.600       0.004610
      33.700       0.004662
      33.800       0.004713
      33.900       0.004763
      34.000       0.004811
      34.100       0.004858
      34.200       0.004903
      34.300       0.004946
      34.400       0.004988
      34.500       0.005029
      34.600       0.005070
      34.700       0.005109
      34.800       0.005149
      34.900       0.005188
      35.000       0.005227
      35.100       0.005267
      35.200       0.005307
      35.300       0.005347
      35.400       0.005388
      35.500       0.005430
      35.600       0.005472
      35.700       0.005514
      35.800       0.005557
      35.900       0.005601
      36.000       0.005645
      36.100       0.005690
      36.200       0.005736
      36.300       0.005782
      36.400       0.005828
      36.500       0.005874
      36.600       0.005920
      36.700       0.005967
      36.800       0.006012
      36.900       0.006057
      37.000       0.006102
      37.100       0.006145
      37.200       0.006188
      37.300       0.006230
      37.400       0.006271
      37.500       0.006312
      37.600       0.006352
      37.700       0.006391
      37.800       0.006430
      37.900       0.006468
      38.000       0.006506
      38.100       0.006543
      38.200       0.006580
      38.300       0.006617
      38.400       0.006653
      38.500       0.006690
      38.600       0.006727
      38.700       0.006765
      38.800       0.006803
      38.900       0.006842
      39.000       0.006882
      39.100       0.006923
      39.200       0.006964
      39.300       0.007006
      39.400       0.007049
      39.500       0.007091
      39.600       0.007133
      39.700       0.007175
      39.800       0.007216
      39.900       0.007257
      40.000       0.007296
      40.100       0.007333
      40.200       0.007370
      40.300       0.007406
      40.400       0.007441
      40.500       0.007475
      40.600       0.007510
      40.700       0.007545
      40.800       0.007580
      40.900       0.007615
      41.000       0.007652
      41.100       0.007689
      41.200       0.007728
      41.300       0.007767
      41.400       0.007807
      41.500       0.007846
      41.600       0.007886
      41.700       0.007925
      41.800       0.007963
      41.900       0.008001
      42.000       0.008037
      42.100       0.008072
      42.200       0.008106
      42.300       0.008139
      42.400       0.008171
      42.500       0.008202
      42.600       0.008233
      42.700       0.008264
      42.800       0.008295
      42.900       0.008327
      43.000       0.008358
      43.100       0.008391
      43.200       0.008424
      43.300       0.008458
      43.400       0.008492
      43.500       0.008528
      43.600       0.008563
      43.700       0.008600
      43.800       0.008637
      43.900       0.008675
      44.000       0.008713
      44.100       0.008752
      44.200       0.008790
      44.300       0.008829
      44.400       0.008868
      44.500       0.008906
      44.600       0.008943
      44.700       0.008978
      44.800       0.009012
      44.900       0.009045
      45.000       0.009075
      45.100       0.009102
      45.200       0.009128
      45.300       0.009152
      45.400       0.009176
      45.500       0.009199
      45.600       0.009222
      45.700       0.009246
      45.800       0.009271
      45.900       0.009298
      46.000       0.009327
      46.100       0.009359
      46.200       0.009393
      46.300       0.009430
      46.400       0.009467
      46.500       0.009505
      46.600       0.009544
      46.700       0.009583
      46.800       0.009621
      46.900       0.009658
      47.000       0.009694
      47.100       0.009727
      47.200       0.009759
      47.300       0.009789
      47.400       0.009818
      47.500       0.009846
      47.600       0.009873
      47.700       0.009899
      47.800       0.009925
      47.900       0.009951
      48.000       0.009977
      48.100       0.010003
      48.200       0.010029
      48.300       0.010056
      48.400       0.010083
      48.500       0.010110
      48.600       0.010137
      48.700       0.010165
      48.800       0.010193
      48.900       0.010221
      49.000       0.010249
      49.100       0.010278
      49.200       0.010306
      49.300       0.010335
      49.400       0.010364
      49.500       0.010392
      49.600       0.010421
      49.700       0.010449
      49.800       0.010478
      49.900       0.010506
      50.000       0.010534
      50.100       0.010562
      50.200       0.010589
      50.300       0.010616
      50.400       0.010644
      50.500       0.010670
      50.600       0.010697
      50.700       0.010724
      50.800       0.010751
      50.900       0.010777
      51.000       0.010804
      51.100       0.010831
      51.200       0.010858
      51.300       0.010884
      51.400       0.010911
      51.500       0.010937
      51.600       0.010963
      51.700       0.010988
      51.800       0.011014
      51.900       0.011038
      52.000       0.011063
      52.100       0.011086
      52.200       0.011109
      52.300       0.011132
      52.400       0.011154
      52.500       0.011176
      52.600       0.011199
      52.700       0.011221
      52.800       0.011243
      52.900       0.011266
      53.000       0.011289
      53.100       0.011312
      53.200       0.011336
      53.300       0.011360
      53.400       0.011385
      53.500       0.011410
      53.600       0.011435
      53.700       0.011461
      53.800       0.011487
      53.900       0.011513
      54.000       0.011540
      54.100       0.011566
      54.200       0.011593
      54.300       0.011620
      54.400       0.011646
      54.500       0.011672
      54.600       0.011698
      54.700       0.011723
      54.800       0.011747
      54.900       0.011770
      55.000       0.011792
      55.100       0.011813
      55.200       0.011834
      55.300       0.011853
      55.400       0.011872
      55.500       0.011890
      55.600       0.011908
      55.700       0.011925
      55.800       0.011943
      55.900       0.011961
      56.000       0.011979
      56.100       0.011998
      56.200       0.012017
      56.300       0.012037
      56.400       0.012058
      56.500       0.012079
      56.600       0.012101
      56.700       0.012125
      56.800       0.012149
      56.900       0.012175
      57.000       0.012201
      57.100       0.012229
      57.200       0.012258
      57.300       0.012287
      57.400       0.012317
      57.500       0.012345
      57.600       0.012373
      57.700       0.012400
      57.800       0.012425
      57.900       0.012447
      58.000       0.012468
      58.100       0.012485
      58.200       0.012500
      58.300       0.012512
      58.400       0.012524
      58.500       0.012535
      58.600       0.012546
      58.700       0.012558
      58.800       0.012571
      58.900       0.012586
      59.000       0.012603
      59.100       0.012623
      59.200       0.012646
      59.300       0.012671
      59.400       0.012697
      59.500       0.012724
      59.600       0.012752
      59.700       0.012780
      59.800       0.012807
      59.900       0.012834
      60.000       0.012859