   -1000.000     533.855912
    -999.900     533.804722
    -999.800     533.717918
    -999.700     533.596242
    -999.600     533.440526
    -999.500     533.251687
    -999.400     533.030716
    -999.300     532.778673
    -999.200     532.496674
    -999.100     532.185880
    -999.000     531.847482
    -998.900     531.482393
    -998.800     531.090345
    -998.700     530.670776
    -998.600     530.223138
    -998.500     529.746901
    -998.400     529.241557
    -998.300     528.706631
    -998.200     528.141684
    -998.100     527.546323
    -998.000     526.920205
    -997.900     526.263245
    -997.800     525.576204
    -997.700     524.860066
    -997.600     524.115829
    -997.500     523.344502
    -997.400     522.547093
    -997.300     521.724603
    -997.200     520.878019
    -997.100     520.008305
    -997.000     519.116394
    -996.900     518.203149
    -996.800     517.269281
    -996.700     516.315515
    -996.600     515.342626
    -996.500     514.351436
    -996.400     513.342806
    -996.300     512.317640
    -996.200     511.276870
    -996.100     510.221458
    -996.000     509.152388
    -995.900     508.070629
    -995.800     506.977051
    -995.700     505.872533
    -995.600     504.757986
    -995.500     503.634359
    -995.400     502.502628
    -995.300     501.363799
    -995.200     500.218902
    -995.100     499.068986
    -995.000     497.915121
    -994.900     496.758387
    -994.800     495.599853
    -994.700     494.440551
    -994.600     493.281469
    -994.500     492.123552
    -994.400     490.967700
    -994.300     489.814761
    -994.200     488.665537
    -994.100     487.520776
    -994.000     486.381176
    -993.900     485.247472
    -993.800     484.120733
    -993.700     483.002162
    -993.600     481.893008
    -993.500     480.794558
    -993.400     479.708132
    -993.300     478.635069
    -993.200     477.576728
    -993.100     476.534475
    -993.000     475.509676
    -992.900     474.503600
    -992.800     473.517117
    -992.700     472.550978
    -992.600     471.605909
    -992.500     470.682611
    -992.400     469.781759
    -992.300     468.904006
    -992.200     468.049979
    -992.100     467.220283
    -992.000     466.415503
    -991.900     465.636251
    -991.800     464.883303
    -991.700     464.157443
    -991.600     463.459407
    -991.500     462.789882
    -991.400     462.149495
    -991.300     461.538816
    -991.200     460.958349
    -991.100     460.408535
    -991.000     459.889750
    -990.900     459.402352
    -990.800     458.946844
    -990.700     458.523800
    -990.600     458.133820
    -990.500     457.777533
    -990.400     457.455592
    -990.300     457.168677
    -990.200     456.917490
    -990.100     456.702755
    -990.000     456.525215
    -989.900     456.385548
    -989.800     456.284076
    -989.700     456.220969
    -989.600     456.196314
    -989.500     456.210120
    -989.400     456.262318
    -989.300     456.352763
    -989.200     456.481237
    -989.100     456.647460
    -989.000     456.851091
    -988.900     457.091775
    -988.800     457.369262
    -988.700     457.683318
    -988.600     458.033692
    -988.500     458.420114
    -988.400     458.842295
    -988.300     459.299932
    -988.200     459.792701
    -988.100     460.320267
    -988.000     460.882280
    -987.900     461.478439
    -987.800     462.108655
    -987.700     462.772870
    -987.600     463.470991
    -987.500     464.202892
    -987.400     464.968413
    -987.300     465.767360
    -987.200     466.599506
    -987.100     467.464588
    -987.000     468.362313
    -986.900     469.292233
    -986.800     470.253371
    -986.700     471.244581
    -986.600     472.264673
    -986.500     473.312422
    -986.400     474.386576
    -986.300     475.485865
    -986.200     476.609013
    -986.100     477.754747
    -986.000     478.921806
    -985.900     480.109051
    -985.800     481.315715
    -985.700     482.541080
    -985.600     483.784373
    -985.500     485.044771
    -985.400     486.321397
    -985.300     487.613324
    -985.200     488.919576
    -985.100     490.239130
    -985.000     491.570916
    -984.900     492.913776
    -984.800     494.266341
    -984.700     495.627183
    -984.600     496.994869
    -984.500     498.367972
    -984.400     499.745076
    -984.300     501.124785
    -984.200     502.505729
    -984.100     503.886573
    -984.000     505.266025
    -983.900     506.642847
    -983.800     508.015851
    -983.700     509.383834
    -983.600     510.745572
    -983.500     512.099825
    -983.400     513.445335
    -983.300     514.780835
    -983.200     516.105052
    -983.100     517.416707
    -983.000     518.714521
    -982.900     519.997139
    -982.800     521.262888
    -982.700     522.509990
    -982.600     523.736640
    -982.500     524.941025
    -982.400     526.121335
    -982.300     527.275770
    -982.200     528.402559
    -982.100     529.499962
    -982.000     530.566285
    -981.900     531.600052
    -981.800     532.600487
    -981.700     533.567030
    -981.600     534.499170
    -981.500     535.396443
    -981.400     536.258433
    -981.300     537.084765
    -981.200     537.875106
    -981.100     538.629162
    -981.000     539.346674
    -980.900     540.027202
    -980.800     540.669492
    -980.700     541.272093
    -980.600     541.833575
    -980.500     542.352542
    -980.400     542.827637
    -980.300     543.257555
    -980.200     543.641045
    -980.100     543.976922
    -980.000     544.264069
    -979.900     544.501582
    -979.800     544.689210
    -979.700     544.826901
    -979.600     544.914655
    -979.500     544.952526
    -979.400     544.940620
    -979.300     544.879095
    -979.200     544.768162
    -979.100     544.608075
    -979.000     544.399137
    -978.900     544.141620
    -978.800     543.835580
    -978.700     543.481059
    -978.600     543.078155
    -978.500     542.627020
    -978.400     542.127863
    -978.300     541.580944
    -978.200     540.986575
    -978.100     540.345118
    -978.000     539.656975
    -977.900     538.922627
    -977.800     538.142767
    -977.700     537.318205
    -977.600     536.449832
    -977.500     535.538618
    -977.400     534.585610
    -977.300     533.591927
    -977.200     532.558749
    -977.100     531.487318
    -977.000     530.378920
    -976.900     529.234780
    -976.800     528.055727
    -976.700     526.842483
    -976.600     525.595759
    -976.500     524.316255
    -976.400     523.004666
    -976.300     521.661676
    -976.200     520.287967
    -976.100     518.884213
    -976.000     517.451090
    -975.900     515.989476
    -975.800     514.501117
    -975.700     512.988075
    -975.600     511.452516
    -975.500     509.896694
    -975.400     508.322928
    -975.300     506.733589
    -975.200     505.131070
    -975.100     503.517767
    -975.000     501.896060
    -974.900     500.268053
    -974.800     498.634882
    -974.700     496.997431
    -974.600     495.356568
    -974.500     493.713156
    -974.400     492.068050
    -974.300     490.422110
    -974.200     488.776199
    -974.100     487.131190
    -974.000     485.487968
    -973.900     483.847563
    -973.800     482.211521
    -973.700     480.581522
    -973.600     478.959243
    -973.500     477.346348
    -973.400     475.744476
    -973.300     474.155238
    -973.200     472.580202
    -973.100     471.020888
    -973.000     469.478761
    -972.900     467.955257
    -972.800     466.451898
    -972.700     464.970250
    -972.600     463.511886
    -972.500     462.078373
    -972.400     460.671263
    -972.300     459.292075
    -972.200     457.942291
    -972.100     456.623343
    -972.000     455.336601
    -971.900     454.083263
    -971.800     452.864041
    -971.700     451.679523
    -971.600     450.530287
    -971.500     449.416896
    -971.400     448.339905
    -971.300     447.299855
    -971.200     446.297280
    -971.100     445.332703
    -971.000     444.406641
    -970.900     443.519665
    -970.800     442.672588
    -970.700     441.866249
    -970.600     441.101445
    -970.500     440.378924
    -970.400     439.699379
    -970.300     439.063448
    -970.200     438.471706
    -970.100     437.924671
    -970.000     437.422798
    -969.900     436.966531
    -969.800     436.556457
    -969.700     436.193198
    -969.600     435.877355
    -969.500     435.609504
    -969.400     435.390186
    -969.300     435.219903
    -969.200     435.099108
    -969.100     435.028208
    -969.000     435.007555
    -968.900     435.037315
    -968.800     435.117087
    -968.700     435.246322
    -968.600     435.424463
    -968.500     435.650942
    -968.400     435.925195
    -968.300     436.246657
    -968.200     436.614777
    -968.100     437.029014
    -968.000     437.488852
    -967.900     437.993903
    -967.800     438.544187
    -967.700     439.139745
    -967.600     439.780515
    -967.500     440.466329
    -967.400     441.196911
    -967.300     441.971879
    -967.200     442.790740
    -967.100     443.652900
    -967.000     444.557665
    -966.900     445.504265
    -966.800     446.491953
    -966.700     447.520024
    -966.600     448.587813
    -966.500     449.694687
    -966.400     450.840049
    -966.300     452.023336
    -966.200     453.244014
    -966.100     454.501579
    -966.000     455.795555
    -965.900     457.125375
    -965.800     458.489987
    -965.700     459.888131
    -965.600     461.318455
    -965.500     462.779522
    -965.400     464.269820
    -965.300     465.787776
    -965.200     467.331764
    -965.100     468.900126
    -965.000     470.491180
    -964.900     472.103348
    -964.800     473.735473
    -964.700     475.386479
    -964.600     477.055253
    -964.500     478.740653
    -964.400     480.441500
    -964.300     482.156588
    -964.200     483.884680
    -964.100     485.624513
    -964.000     487.374800
    -963.900     489.134246
    -963.800     490.901589
    -963.700     492.675575
    -963.600     494.454953
    -963.500     496.238476
    -963.400     498.024903
    -963.300     499.813005
    -963.200     501.601561
    -963.100     503.389367
    -963.000     505.175232
    -962.900     506.957864
    -962.800     508.735480
    -962.700     510.506141
    -962.600     512.267878
    -962.500     514.018710
    -962.400     515.756659
    -962.300     517.479761
    -962.200     519.186088
    -962.100     520.873758
    -962.000     522.540949
    -961.900     524.186036
    -961.800     525.807928
    -961.700     527.405634
    -961.600     528.978125
    -961.500     530.524337
    -961.400     532.043172
    -961.300     533.533492
    -961.200     534.994126
    -961.100     536.423865
    -961.000     537.821465
    -960.900     539.185671
    -960.800     540.515326
    -960.700     541.809375
    -960.600     543.066863
    -960.500     544.286940
    -960.400     545.468867
    -960.300     546.612021
    -960.200     547.715898
    -960.100     548.780115
    -960.000     549.804408
    -959.900     550.788449
    -959.800     551.731228
    -959.700     552.631515
    -959.600     553.488041
    -959.500     554.299499
    -959.400     555.064560
    -959.300     555.781881
    -959.200     556.450107
    -959.100     557.067887
    -959.000     557.633875
    -958.900     558.146974
    -958.800     558.607056
    -958.700     559.014313
    -958.600     559.369019
    -958.500     559.671538
    -958.400     559.922319
    -958.300     560.121888
    -958.200     560.270848
    -958.100     560.369870
    -958.000     560.419688
    -957.900     560.420967
    -957.800     560.373929
    -957.700     560.278719
    -957.600     560.135523
    -957.500     559.944577
    -957.400     559.706164
    -957.300     559.420620
    -957.200     559.088328
    -957.100     558.709721
    -957.000     558.285279
    -956.900     557.815477
    -956.800     557.300624
    -956.700     556.741005
    -956.600     556.136932
    -956.500     555.488742
    -956.400     554.796800
    -956.300     554.061503
    -956.200     553.283277
    -956.100     552.462578
    -956.000     551.599895
    -955.900     550.695885
    -955.800     549.751806
    -955.700     548.769107
    -955.600     547.749285
    -955.500     546.693874
    -955.400     545.604439
    -955.300     544.482567
    -955.200     543.329853
    -955.100     542.147894
    -955.000     540.938272
    -954.900     539.702484
    -954.800     538.441752
    -954.700     537.157279
    -954.600     535.850309
    -954.500     534.522131
    -954.400     533.174072
    -954.300     531.807490
    -954.200     530.423773
    -954.100     529.024327
    -954.000     527.610574
    -953.900     526.183843
    -953.800     524.745067
    -953.700     523.295060
    -953.600     521.834623
    -953.500     520.364541
    -953.400     518.885589
    -953.300     517.398534
    -953.200     515.904138
    -953.100     514.403160
    -953.000     512.896364
    -952.900     511.384719
    -952.800     509.870020
    -952.700     508.354287
    -952.600     506.839547
    -952.500     505.327820
    -952.400     503.821101
    -952.300     502.321345
    -952.200     500.830448
    -952.100     499.350237
    -952.000     497.882450
    -951.900     496.428550
    -951.800     494.989228
    -951.700     493.564999
    -951.600     492.156392
    -951.500     490.763948
    -951.400     489.388228
    -951.300     488.029813
    -951.200     486.689307
    -951.100     485.367335
    -951.000     484.064550
    -950.900     482.781720
    -950.800     481.519969
    -950.700     480.280478
    -950.600     479.064383
    -950.500     477.872766
    -950.400     476.706650
    -950.300     475.566994
    -950.200     474.454683
    -950.100     473.370530
    -950.000     472.315268
    -949.900     471.289528
    -949.800     470.293799
    -949.700     469.328539
    -949.600     468.394199
    -949.500     467.491222
    -949.400     466.620042
    -949.300     465.781078
    -949.200     464.974735
    -949.100     464.201401
    -949.000     463.461449
    -948.900     462.755274
    -948.800     462.083427
    -948.700     461.446488
    -948.600     460.845021
    -948.500     460.279570
    -948.400     459.750651
    -948.300     459.258753
    -948.200     458.804336
    -948.100     458.387824
    -948.000     458.009607
    -947.900     457.669924
    -947.800     457.368512
    -947.700     457.104940
    -947.600     456.878729
    -947.500     456.689348
    -947.400     456.536220
    -947.300     456.418725
    -947.200     456.336201
    -947.100     456.287952
    -947.000     456.273252
    -946.900     456.291522
    -946.800     456.342868
    -946.700     456.427571
    -946.600     456.545910
    -946.500     456.698162
    -946.400     456.884597
    -946.300     457.105468
    -946.200     457.361015
    -946.100     457.651457
    -946.000     457.976988
    -945.900     458.337630
    -945.800     458.732765
    -945.700     459.161580
    -945.600     459.623208
    -945.500     460.116740
    -945.400     460.641224
    -945.300     461.195673
    -945.200     461.779072
    -945.100     462.390384
    -945.000     463.028561
    -944.900     463.692609
    -944.800     464.381775
    -944.700     465.095355
    -944.600     465.832638
    -944.500     466.592905
    -944.400     467.375427
    -944.300     468.179470
    -944.200     469.004297
    -944.100     469.849168
    -944.000     470.713344
    -943.900     471.596095
    -943.800     472.496710
    -943.700     473.414445
    -943.600     474.348508
    -943.500     475.298070
    -943.400     476.262258
    -943.300     477.240165
    -943.200     478.230849
    -943.100     479.233341
    -943.000     480.246645
    -942.900     481.269742
    -942.800     482.301605
    -942.700     483.341218
    -942.600     484.387589
    -942.500     485.439747
    -942.400     486.496750
    -942.300     487.557683
    -942.200     488.621665
    -942.100     489.687850
    -942.000     490.755427
    -941.900     491.823546
    -941.800     492.891046
    -941.700     493.956637
    -941.600     495.018981
    -941.500     496.076700
    -941.400     497.128388
    -941.300     498.172618
    -941.200     499.207955
    -941.100     500.232969
    -941.000     501.246239
    -940.900     502.246498
    -940.800     503.233045
    -940.700     504.205343
    -940.600     505.162884
    -940.500     506.105191
    -940.400     507.031813
    -940.300     507.942321
    -940.200     508.836313
    -940.100     509.713406
    -940.000     510.573237
    -939.900     511.415350
    -939.800     512.238869
    -939.700     513.042810
    -939.600     513.826194
    -939.500     514.588054
    -939.400     515.327437
    -939.300     516.043415
    -939.200     516.735083
    -939.100     517.401569
    -939.000     518.042029
    -938.900     518.655664
    -938.800     519.241716
    -938.700     519.799461
    -938.600     520.328211
    -938.500     520.827318
    -938.400     521.296185
    -938.300     521.734270
    -938.200     522.141095
    -938.100     522.516248
    -938.000     522.859388
    -937.900     523.170315
    -937.800     523.449162
    -937.700     523.696135
    -937.600     523.911437
    -937.500     524.095264
    -937.400     524.247806
    -937.300     524.369237
    -937.200     524.459720
    -937.100     524.519402
    -937.000     524.548412
    -936.900     524.546808
    -936.800     524.514448
    -936.700     524.451197
    -936.600     524.356999
    -936.500     524.231873
    -936.400     524.075918
    -936.300     523.889316
    -936.200     523.672324
    -936.100     523.425281
    -936.000     523.148594
    -935.900     522.842699
    -935.800     522.507891
    -935.700     522.144422
    -935.600     521.752536
    -935.500     521.332475
    -935.400     520.884480
    -935.300     520.408794
    -935.200     519.905665
    -935.100     519.375348
    -935.000     518.818106
    -934.900     518.234342
    -934.800     517.624987
    -934.700     516.991132
    -934.600     516.333900
    -934.500     515.654440
    -934.400     514.953920
    -934.300     514.233519
    -934.200     513.494420
    -934.100     512.737803
    -934.000     511.964834
    -933.900     511.176545
    -933.800     510.373510
    -933.700     509.556218
    -933.600     508.725192
    -933.500     507.880986
    -933.400     507.024191
    -933.300     506.155429
    -933.200     505.275356
    -933.100     504.384659
    -933.000     503.484054
    -932.900     502.574301
    -932.800     501.656239
    -932.700     500.730719
    -932.600     499.798582
    -932.500     498.860658
    -932.400     497.917767
    -932.300     496.970715
    -932.200     496.020294
    -932.100     495.067280
    -932.000     494.112431
    -931.900     493.156544
    -931.800     492.200617
    -931.700     491.245701
    -931.600     490.292837
    -931.500     489.343058
    -931.400     488.397372
    -931.300     487.456766
    -931.200     486.522193
    -931.100     485.594570
    -931.000     484.674769
    -930.900     483.763604
    -930.800     482.861811
    -930.700     481.970141
    -930.600     481.089374
    -930.500     480.220313
    -930.400     479.363778
    -930.300     478.520605
    -930.200     477.691632
    -930.100     476.877700
    -930.000     476.079642
    -929.900     475.298160
    -929.800     474.533435
    -929.700     473.785479
    -929.600     473.054264
    -929.500     472.339726
    -929.400     471.641773
    -929.300     470.960292
    -929.200     470.295155
    -929.100     469.646225
    -929.000     469.013363
    -928.900     468.396667
    -928.800     467.797166
    -928.700     467.216134
    -928.600     466.654833
    -928.500     466.114508
    -928.400     465.596360
    -928.300     465.101544
    -928.200     464.631145
    -928.100     464.186175
    -928.000     463.767559
    -927.900     463.375888
    -927.800     463.010711
    -927.700     462.671332
    -927.600     462.357058
    -927.500     462.067213
    -927.400     461.801138
    -927.300     461.558199
    -927.200     461.337788
    -927.100     461.139330
    -927.000     460.962279
    -926.900     460.806263
    -926.800     460.671467
    -926.700     460.558192
    -926.600     460.466705
    -926.500     460.397242
    -926.400     460.350001
    -926.300     460.325143
    -926.200     460.322793
    -926.100     460.343038
    -926.000     460.385927
    -925.900     460.451459
    -925.800     460.539530
    -925.700     460.650000
    -925.600     460.782700
    -925.500     460.937437
    -925.400     461.113987
    -925.300     461.312090
    -925.200     461.531458
    -925.100     461.771765
    -925.000     462.032650
    -924.900     462.313696
    -924.800     462.614362
    -924.700     462.934102
    -924.600     463.272390
    -924.500     463.628719
    -924.400     464.002608
    -924.300     464.393595
    -924.200     464.801240
    -924.100     465.225125
    -924.000     465.664854
    -923.900     466.120013
    -923.800     466.590038
    -923.700     467.074294
    -923.600     467.572108
    -923.500     468.082773
    -923.400     468.605550
    -923.300     469.139677
    -923.200     469.684367
    -923.100     470.238822
    -923.000     470.802230
    -922.900     471.373916
    -922.800     471.953751
    -922.700     472.541743
    -922.600     473.137897
    -922.500     473.742208
    -922.400     474.354659
    -922.300     474.975213
    -922.200     475.603812
    -922.100     476.240367
    -922.000     476.884757
    -921.900     477.536671
    -921.800     478.195152
    -921.700     478.859106
    -921.600     479.527463
    -921.500     480.199185
    -921.400     480.873276
    -921.300     481.548784
    -921.200     482.224810
    -921.100     482.900513
    -921.000     483.575117
    -920.900     484.247996
    -920.800     484.918877
    -920.700     485.587540
    -920.600     486.253728
    -920.500     486.917149
    -920.400     487.577474
    -920.300     488.234340
    -920.200     488.887352
    -920.100     489.536083
    -920.000     490.180075
    -919.900     490.818910
    -919.800     491.452414
    -919.700     492.080500
    -919.600     492.703106
    -919.500     493.320191
    -919.400     493.931729
    -919.300     494.537711
    -919.200     495.138139
    -919.100     495.733022
    -919.000     496.322374
    -918.900     496.906090
    -918.800     497.483579
    -918.700     498.054135
    -918.600     498.617065
    -918.500     499.171700
    -918.400     499.717400
    -918.300     500.253556
    -918.200     500.779603
    -918.100     501.295017
    -918.000     501.799324
    -917.900     502.292198
    -917.800     502.773726
    -917.700     503.244087
    -917.600     503.703449
    -917.500     504.151971
    -917.400     504.589799
    -917.300     505.017069
    -917.200     505.433906
    -917.100     505.840423
    -917.000     506.236725
    -916.900     506.622912
    -916.800     506.999105
    -916.700     507.365425
    -916.600     507.721991
    -916.500     508.068913
    -916.400     508.406295
    -916.300     508.734235
    -916.200     509.052820
    -916.100     509.362132
    -916.000     509.662241
    -915.900     509.953186
    -915.800     510.234920
    -915.700     510.507406
    -915.600     510.770646
    -915.500     511.024680
    -915.400     511.269592
    -915.300     511.505503
    -915.200     511.732579
    -915.100     511.951021
    -915.000     512.161073
    -914.900     512.362978
    -914.800     512.556848
    -914.700     512.742723
    -914.600     512.920602
    -914.500     513.090443
    -914.400     513.252167
    -914.300     513.405661
    -914.200     513.550780
    -914.100     513.687350
    -914.000     513.815167
    -913.900     513.934169
    -913.800     514.044943
    -913.700     514.148263
    -913.600     514.244923
    -913.500     514.335738
    -913.400     514.421539
    -913.300     514.503174
    -913.200     514.581500
    -913.100     514.657386
    -913.000     514.731706
    -912.900     514.805107
    -912.800     514.877288
    -912.700     514.947692
    -912.600     515.015739
    -912.500     515.080831
    -912.400     515.142352
    -912.300     515.199672
    -912.200     515.252148
    -912.100     515.299128
    -912.000     515.339954
    -911.900     515.374175
    -911.800     515.402212
    -911.700     515.424707
    -911.600     515.442312
    -911.500     515.455683
    -911.400     515.465481
    -911.300     515.472373
    -911.200     515.477024
    -911.100     515.480102
    -911.000     515.482273
    -910.900     515.484088
    -910.800     515.485624
    -910.700     515.486816
    -910.600     515.487570
    -910.500     515.487768
    -910.400     515.487262
    -910.300     515.485880
    -910.200     515.483426
    -910.100     515.479678
    -910.000     515.474388
    -909.900     515.467293
    -909.800     515.458149
    -909.700     515.446741
    -909.600     515.432878
    -909.500     515.416393
    -909.400     515.397144
    -909.300     515.375015
    -909.200     515.349919
    -909.100     515.321790
    -909.000     515.290592
    -908.900     515.256321
    -908.800     515.219028
    -908.700     515.178741
    -908.600     515.135457
    -908.500     515.089133
    -908.400     515.039695
    -908.300     514.987029
    -908.200     514.930986
    -908.100     514.871378
    -908.000     514.807974
    -907.900     514.740546
    -907.800     514.669017
    -907.700     514.593366
    -907.600     514.513588
    -907.500     514.429695
    -907.400     514.341720
    -907.300     514.249715
    -907.200     514.153754
    -907.100     514.053928
    -907.000     513.950352
    -906.900     513.843059
    -906.800     513.731684
    -906.700     513.615747
    -906.600     513.494751
    -906.500     513.368183
    -906.400     513.235510
    -906.300     513.096188
    -906.200     512.949652
    -906.100     512.795325
    -906.000     512.632615
    -905.900     512.461032
    -905.800     512.280534
    -905.700     512.091198
    -905.600     511.893109
    -905.500     511.686354
    -905.400     511.471028
    -905.300     511.247229
    -905.200     511.015054
    -905.100     510.774606
    -905.000     510.525982
    -904.900     510.269277
    -904.800     510.004564
    -904.700     509.731915
    -904.600     509.451403
    -904.500     509.163107
    -904.400     508.867103
    -904.300     508.563472
    -904.200     508.252292
    -904.100     507.933644
    -904.000     507.607606
    -903.900     507.274167
    -903.800     506.932967
    -903.700     506.583567
    -903.600     506.225536
    -903.500     505.858458
    -903.400     505.481929
    -903.300     505.095562
    -903.200     504.698989
    -903.100     504.291866
    -903.000     503.873874
    -902.900     503.444860
    -902.800     503.005227
    -902.700     502.555517
    -902.600     502.096266
    -902.500     501.628005
    -902.400     501.151251
    -902.300     500.666504
    -902.200     500.174246
    -902.100     499.674929
    -902.000     499.168979
    -901.900     498.656755
    -901.800     498.138468
    -901.700     497.614322
    -901.600     497.084550
    -901.500     496.549412
    -901.400     496.009194
    -901.300     495.464211
    -901.200     494.914798
    -901.100     494.361316
    -901.000     493.804149
    -900.900     493.243641
    -900.800     492.679921
    -900.700     492.113057
    -900.600     491.543111
    -900.500     490.970147
    -900.400     490.394232
    -900.300     489.815439
    -900.200     489.233850
    -900.100     488.649563
    -900.000     488.062692
    -899.900     487.473486
    -899.800     486.882651
    -899.700     486.291008
    -899.600     485.699378
    -899.500     485.108574
    -899.400     484.519393
    -899.300     483.932613
    -899.200     483.348987
    -899.100     482.769235
    -899.000     482.194045
    -898.900     481.624020
    -898.800     481.059576
    -898.700     480.501094
    -898.600     479.948970
    -898.500     479.403616
    -898.400     478.865454
    -898.300     478.334919
    -898.200     477.812459
    -898.100     477.298532
    -898.000     476.793607
    -897.900     476.298125
    -897.800     475.812382
    -897.700     475.336633
    -897.600     474.871129
    -897.500     474.416122
    -897.400     473.971869
    -897.300     473.538632
    -897.200     473.116685
    -897.100     472.706316
    -897.000     472.307830
    -896.900     471.921625
    -896.800     471.548392
    -896.700     471.188868
    -896.600     470.843750
    -896.500     470.513693
    -896.400     470.199302
    -896.300     469.901135
    -896.200     469.619689
    -896.100     469.355409
    -896.000     469.108682
    -895.900     468.879828
    -895.800     468.669111
    -895.700     468.476799
    -895.600     468.303180
    -895.500     468.148565
    -895.400     468.013283
    -895.300     467.897687
    -895.200     467.802148
    -895.100     467.727059
    -895.000     467.672832
    -894.900     467.639796
    -894.800     467.627886
    -894.700     467.636899
    -894.600     467.666591
    -894.500     467.716682
    -894.400     467.786857
    -894.300     467.876772
    -894.200     467.986058
    -894.100     468.114329
    -894.000     468.261186
    -893.900     468.426369
    -893.800     468.610176
    -893.700     468.813042
    -893.600     469.035395
    -893.500     469.277653
    -893.400     469.540218
    -893.300     469.823478
    -893.200     470.127799
    -893.100     470.453524
    -893.000     470.800968
    -892.900     471.170288
    -892.800     471.561085
    -892.700     471.972779
    -892.600     472.404741
    -892.500     472.856293
    -892.400     473.326720
    -892.300     473.815274
    -892.200     474.321183
    -892.100     474.843656
    -892.000     475.381896
    -891.900     475.935161
    -891.800     476.502942
    -891.700     477.084808
    -891.600     477.680356
    -891.500     478.289207
    -891.400     478.911010
    -891.300     479.545439
    -891.200     480.192197
    -891.100     480.851012
    -891.000     481.521640
    -890.900     482.203832
    -890.800     482.897186
    -890.700     483.601185
    -890.600     484.315219
    -890.500     485.038591
    -890.400     485.770517
    -890.300     486.510131
    -890.200     487.256489
    -890.100     488.008570
    -890.000     488.765286
    -889.900     489.525537
    -889.800     490.288433
    -889.700     491.053195
    -889.600     491.819115
    -889.500     492.585552
    -889.400     493.351942
    -889.300     494.117796
    -889.200     494.882699
    -889.100     495.646316
    -889.000     496.408389
    -888.900     497.168597
    -888.800     497.926087
    -888.700     498.679800
    -888.600     499.428601
    -888.500     500.171293
    -888.400     500.906619
    -888.300     501.633270
    -888.200     502.349894
    -888.100     503.055102
    -888.000     503.747478
    -887.900     504.425737
    -887.800     505.089231
    -887.700     505.737504
    -887.600     506.370147
    -887.500     506.986793
    -887.400     507.587119
    -887.300     508.170846
    -887.200     508.737740
    -887.100     509.287604
    -887.000     509.820285
    -886.900     510.335562
    -886.800     510.832822
    -886.700     511.311339
    -886.600     511.770380
    -886.500     512.209200
    -886.400     512.627047
    -886.300     513.023162
    -886.200     513.396782
    -886.100     513.747136
    -886.000     514.073448
    -885.900     514.374946
    -885.800     514.650901
    -885.700     514.900652
    -885.600     515.123607
    -885.500     515.319252
    -885.400     515.487157
    -885.300     515.626975
    -885.200     515.738452
    -885.100     515.821421
    -885.000     515.875804
    -884.900     515.901650
    -884.800     515.899240
    -884.700     515.868883
    -884.600     515.810864
    -884.500     515.725440
    -884.400     515.612839
    -884.300     515.473259
    -884.200     515.306863
    -884.100     515.113783
    -884.000     514.894115
    -883.900     514.647898
    -883.800     514.375080
    -883.700     514.075653
    -883.600     513.749693
    -883.500     513.397352
    -883.400     513.018863
    -883.300     512.614531
    -883.200     512.184730
    -883.100     511.729897
    -883.000     511.250526
    -882.900     510.747116
    -882.800     510.220026
    -882.700     509.669605
    -882.600     509.096232
    -882.500     508.500322
    -882.400     507.882323
    -882.300     507.242717
    -882.200     506.582020
    -882.100     505.900780
    -882.000     505.199580
    -881.900     504.479115
    -881.800     503.740433
    -881.700     502.984664
    -881.600     502.212926
    -881.500     501.426322
    -881.400     500.625933
    -881.300     499.812806
    -881.200     498.987955
    -881.100     498.152350
    -881.000     497.306910
    -880.900     496.452457
    -880.800     495.589637
    -880.700     494.719111
    -880.600     493.841608
    -880.500     492.957917
    -880.400     492.068890
    -880.300     491.175431
    -880.200     490.278492
    -880.100     489.379070
    -880.000     488.478201
    -879.900     487.576921
    -879.800     486.676162
    -879.700     485.776816
    -879.600     484.879760
    -879.500     483.985859
    -879.400     483.095960
    -879.300     482.210893
    -879.200     481.331471
    -879.100     480.458484
    -879.000     479.592704
    -878.900     478.734947
    -878.800     477.886280
    -878.700     477.047832
    -878.600     476.220724
    -878.500     475.406064
    -878.400     474.604933
    -878.300     473.818383
    -878.200     473.047428
    -878.100     472.293036
    -878.000     471.556128
    -877.900     470.837543
    -877.800     470.137977
    -877.700     469.458098
    -877.600     468.798582
    -877.500     468.160104
    -877.400     467.543333
    -877.300     466.948930
    -877.200     466.377543
    -877.100     465.829805
    -877.000     465.306327
    -876.900     464.807658
    -876.800     464.334166
    -876.700     463.886171
    -876.600     463.463997
    -876.500     463.067966
    -876.400     462.698412
    -876.300     462.355675
    -876.200     462.040113
    -876.100     461.752100
    -876.000     461.492035
    -875.900     461.260424
    -875.800     461.058098
    -875.700     460.885896
    -875.600     460.744560
    -875.500     460.634724
    -875.400     460.556905
    -875.300     460.511495
    -875.200     460.498753
    -875.100     460.518810
    -875.000     460.571664
    -874.900     460.657144
    -874.800     460.774858
    -874.700     460.924427
    -874.600     461.105547
    -874.500     461.317988
    -874.400     461.561597
    -874.300     461.836297
    -874.200     462.142086
    -874.100     462.479039
    -874.000     462.847298
    -873.900     463.247040
    -873.800     463.678295
    -873.700     464.140964
    -873.600     464.634838
    -873.500     465.159605
    -873.400     465.714848
    -873.300     466.300056
    -873.200     466.914628
    -873.100     467.557885
    -873.000     468.229079
    -872.900     468.927478
    -872.800     469.652605
    -872.700     470.404042
    -872.600     471.181362
    -872.500     471.984121
    -872.400     472.811862
    -872.300     473.664109
    -872.200     474.540368
    -872.100     475.440123
    -872.000     476.362838
    -871.900     477.307939
    -871.800     478.274751
    -871.700     479.262555
    -871.600     480.270610
    -871.500     481.298152
    -871.400     482.344403
    -871.300     483.408569
    -871.200     484.489848
    -871.100     485.587432
    -871.000     486.700509
    -870.900     487.828193
    -870.800     488.969276
    -870.700     490.122442
    -870.600     491.286350
    -870.500     492.459639
    -870.400     493.640944
    -870.300     494.828899
    -870.200     496.022155
    -870.100     497.219386
    -870.000     498.419302
    -869.900     499.620798
    -869.800     500.823341
    -869.700     502.026498
    -869.600     503.229779
    -869.500     504.432640
    -869.400     505.634471
    -869.300     506.834594
    -869.200     508.032260
    -869.100     509.226640
    -869.000     510.416822
    -868.900     511.601692
    -868.800     512.779615
    -868.700     513.948871
    -868.600     515.107800
    -868.500     516.254811
    -868.400     517.388404
    -868.300     518.507179
    -868.200     519.609850
    -868.100     520.695254
    -868.000     521.762364
    -867.900     522.810303
    -867.800     523.838315
    -867.700     524.845612
    -867.600     525.831358
    -867.500     526.794667
    -867.400     527.734613
    -867.300     528.650229
    -867.200     529.540517
    -867.100     530.404450
    -867.000     531.240978
    -866.900     532.049116
    -866.800     532.828224
    -866.700     533.577766
    -866.600     534.297235
    -866.500     534.986146
    -866.400     535.644036
    -866.300     536.270460
    -866.200     536.864988
    -866.100     537.427204
    -866.000     537.956696
    -865.900     538.452963
    -865.800     538.915125
    -865.700     539.342264
    -865.600     539.733538
    -865.500     540.088193
    -865.400     540.405565
    -865.300     540.685096
    -865.200     540.926330
    -865.100     541.128920
    -865.000     541.292631
    -864.900     541.417362
    -864.800     541.503211
    -864.700     541.550310
    -864.600     541.558783
    -864.500     541.528752
    -864.400     541.460334
    -864.300     541.353646
    -864.200     541.208804
    -864.100     541.025926
    -864.000     540.805135
    -863.900     540.546595
    -863.800     540.250648
    -863.700     539.917710
    -863.600     539.548230
    -863.500     539.142688
    -863.400     538.701590
    -863.300     538.225464
    -863.200     537.714856
    -863.100     537.170320
    -863.000     536.592416
    -862.900     535.981657
    -862.800     535.338397
    -862.700     534.663032
    -862.600     533.956049
    -862.500     533.218031
    -862.400     532.449653
    -862.300     531.651679
    -862.200     530.824957
    -862.100     529.970417
    -862.000     529.089056
    -861.900     528.181919
    -861.800     527.250012
    -861.700     526.294289
    -861.600     525.315673
    -861.500     524.315045
    -861.400     523.293253
    -861.300     522.251108
    -861.200     521.189384
    -861.100     520.108824
    -861.000     519.010135
    -860.900     517.894099
    -860.800     516.761920
    -860.700     515.614959
    -860.600     514.454626
    -860.500     513.282373
    -860.400     512.099679
    -860.300     510.908037
    -860.200     509.708947
    -860.100     508.503896
    -860.000     507.294351
    -859.900     506.081627
    -859.800     504.866546
    -859.700     503.649819
    -859.600     502.432171
    -859.500     501.214343
    -859.400     499.997089
    -859.300     498.781182
    -859.200     497.567409
    -859.100     496.356576
    -859.000     495.149507
    -858.900     493.947112
    -858.800     492.750587
    -858.700     491.561186
    -858.600     490.380144
    -858.500     489.208669
    -858.400     488.047936
    -858.300     486.899080
    -858.200     485.763193
    -858.100     484.641313
    -858.000     483.534426
    -857.900     482.443481
    -857.800     481.369462
    -857.700     480.313359
    -857.600     479.276146
    -857.500     478.258770
    -857.400     477.262144
    -857.300     476.287139
    -857.200     475.334576
    -857.100     474.405222
    -857.000     473.499780
    -856.900     472.618832
    -856.800     471.762686
    -856.700     470.931605
    -856.600     470.125875
    -856.500     469.345804
    -856.400     468.591732
    -856.300     467.864024
    -856.200     467.163083
    -856.100     466.489342
    -856.000     465.843274
    -855.900     465.225436
    -855.800     464.636574
    -855.700     464.077418
    -855.600     463.548617
    -855.500     463.050726
    -855.400     462.584209
    -855.300     462.149427
    -855.200     461.746637
    -855.100     461.375996
    -855.000     461.037557
    -854.900     460.731283
    -854.800     460.457118
    -854.700     460.215024
    -854.600     460.004978
    -854.500     459.826972
    -854.400     459.681009
    -854.300     459.567105
    -854.200     459.485282
    -854.100     459.435569
    -854.000     459.418000
    -853.900     459.432577
    -853.800     459.479157
    -853.700     459.557521
    -853.600     459.667407
    -853.500     459.808506
    -853.400     459.980469
    -853.300     460.182904
    -853.200     460.415383
    -853.100     460.677444
    -853.000     460.968598
    -852.900     461.288336
    -852.800     461.636144
    -852.700     462.011505
    -852.600     462.413892
    -852.500     462.842775
    -852.400     463.297621
    -852.300     463.777893
    -852.200     464.283057
    -852.100     464.812582
    -852.000     465.365945
    -851.900     465.942676
    -851.800     466.542459
    -851.700     467.164953
    -851.600     467.809732
    -851.500     468.476289
    -851.400     469.164038
    -851.300     469.872316
    -851.200     470.600382
    -851.100     471.347429
    -851.000     472.112581
    -850.900     472.894832
    -850.800     473.692870
    -850.700     474.505354
    -850.600     475.330996
    -850.500     476.168570
    -850.400     477.016919
    -850.300     477.874956
    -850.200     478.741675
    -850.100     479.616156
    -850.000     480.497569
    -849.900     481.385237
    -849.800     482.278750
    -849.700     483.177690
    -849.600     484.081561
    -849.500     484.989789
    -849.400     485.901723
    -849.300     486.816634
    -849.200     487.733718
    -849.100     488.652094
    -849.000     489.570807
    -848.900     490.488788
    -848.800     491.404754
    -848.700     492.317387
    -848.600     493.225394
    -848.500     494.127515
    -848.400     495.022529
    -848.300     495.909272
    -848.200     496.786636
    -848.100     497.653583
    -848.000     498.509151
    -847.900     499.352489
    -847.800     500.182928
    -847.700     500.999850
    -847.600     501.802654
    -847.500     502.590757
    -847.400     503.363596
    -847.300     504.120632
    -847.200     504.861350
    -847.100     505.585261
    -847.000     506.291902
    -846.900     506.980778
    -846.800     507.651166
    -846.700     508.302269
    -846.600     508.933277
    -846.500     509.543377
    -846.400     510.131758
    -846.300     510.697613
    -846.200     511.240153
    -846.100     511.758603
    -846.000     512.252213
    -845.900     512.720339
    -845.800     513.162679
    -845.700     513.579047
    -845.600     513.969282
    -845.500     514.333253
    -845.400     514.670858
    -845.300     514.982019
    -845.200     515.266681
    -845.100     515.524810
    -845.000     515.756390
    -844.900     515.961361
    -844.800     516.139459
    -844.700     516.290424
    -844.600     516.414064
    -844.500     516.510267
    -844.400     516.579002
    -844.300     516.620320
    -844.200     516.634362
    -844.100     516.621352
    -844.000     516.581595
    -843.900     516.515449
    -843.800     516.423204
    -843.700     516.305095
    -843.600     516.161327
    -843.500     515.992073
    -843.400     515.797476
    -843.300     515.577654
    -843.200     515.332698
    -843.100     515.062681
    -843.000     514.767658
    -842.900     514.447780
    -842.800     514.103657
    -842.700     513.736069
    -842.600     513.345852
    -842.500     512.933897
    -842.400     512.501138
    -842.300     512.048546
    -842.200     511.577119
    -842.100     511.087870
    -842.000     510.581816
    -841.900     510.059835
    -841.800     509.522279
    -841.700     508.969398
    -841.600     508.401483
    -841.500     507.818867
    -841.400     507.221930
    -841.300     506.611095
    -841.200     505.986836
    -841.100     505.349672
    -841.000     504.700172
    -840.900     504.039036
    -840.800     503.367327
    -840.700     502.686174
    -840.600     501.996682
    -840.500     501.299923
    -840.400     500.596932
    -840.300     499.888704
    -840.200     499.176185
    -840.100     498.460269
    -840.000     497.741796
    -839.900     497.021539
    -839.800     496.300207
    -839.700     495.578516
    -839.600     494.857193
    -839.500     494.136978
    -839.400     493.418612
    -839.300     492.702838
    -839.200     491.990394
    -839.100     491.282010
    -839.000     490.578403
    -838.900     489.880259
    -838.800     489.188213
    -838.700     488.502924
    -838.600     487.825081
    -838.500     487.155409
    -838.400     486.494657
    -838.300     485.843601
    -838.200     485.203035
    -838.100     484.573769
    -838.000     483.956626
    -837.900     483.352404
    -837.800     482.761754
    -837.700     482.185224
    -837.600     481.623291
    -837.500     481.076355
    -837.400     480.544741
    -837.300     480.028696
    -837.200     479.528395
    -837.100     479.043942
    -837.000     478.575367
    -836.900     478.122762
    -836.800     477.686699
    -836.700     477.267905
    -836.600     476.867133
    -836.500     476.485152
    -836.400     476.122736
    -836.300     475.780652
    -836.200     475.459649
    -836.100     475.160452
    -836.000     474.883752
    -835.900     474.630029
    -835.800     474.399036
    -835.700     474.190349
    -835.600     474.003539
    -835.500     473.838192
    -835.400     473.693908
    -835.300     473.570310
    -835.200     473.467055
    -835.100     473.383832
    -835.000     473.320375
    -834.900     473.276610
    -834.800     473.253053
    -834.700     473.250303
    -834.600     473.268873
    -834.500     473.309183
    -834.400     473.371554
    -834.300     473.456200
    -834.200     473.563232
    -834.100     473.692654
    -834.000     473.844370
    -833.900     474.018118
    -833.800     474.213326
    -833.700     474.429376
    -833.600     474.665684
    -833.500     474.921695
    -833.400     475.196882
    -833.300     475.490748
    -833.200     475.802820
    -833.100     476.132649
    -833.000     476.479808
    -832.900     476.843904
    -832.800     477.224609
    -832.700     477.621606
    -832.600     478.034572
    -832.500     478.463186
    -832.400     478.907127
    -832.300     479.366081
    -832.200     479.839740
    -832.100     480.327808
    -832.000     480.830004
    -831.900     481.346026
    -831.800     481.875402
    -831.700     482.417552
    -831.600     482.971814
    -831.500     483.537448
    -831.400     484.113646
    -831.300     484.699533
    -831.200     485.294182
    -831.100     485.896616
    -831.000     486.505827
    -830.900     487.120872
    -830.800     487.741168
    -830.700     488.366263
    -830.600     488.995744
    -830.500     489.629231
    -830.400     490.266375
    -830.300     490.906854
    -830.200     491.550366
    -830.100     492.196624
    -830.000     492.845354
    -829.900     493.496170
    -829.800     494.148219
    -829.700     494.800527
    -829.600     495.452126
    -829.500     496.102064
    -829.400     496.749415
    -829.300     497.393289
    -829.200     498.032845
    -829.100     498.667296
    -829.000     499.295917
    -828.900     499.918121
    -828.800     500.533592
    -828.700     501.142028
    -828.600     501.743062
    -828.500     502.336267
    -828.400     502.921150
    -828.300     503.497155
    -828.200     504.063660
    -828.100     504.619982
    -828.000     505.165369
    -827.900     505.699031
    -827.800     506.220246
    -827.700     506.728383
    -827.600     507.222900
    -827.500     507.703351
    -827.400     508.169382
    -827.300     508.620741
    -827.200     509.057276
    -827.100     509.478932
    -827.000     509.885755
    -826.900     510.277783
    -826.800     510.654700
    -826.700     511.016059
    -826.600     511.361380
    -826.500     511.690160
    -826.400     512.001872
    -826.300     512.295977
    -826.200     512.571928
    -826.100     512.829172
    -826.000     513.067161
    -825.900     513.285446
    -825.800     513.483962
    -825.700     513.662757
    -825.600     513.821896
    -825.500     513.961455
    -825.400     514.081526
    -825.300     514.182212
    -825.200     514.263623
    -825.100     514.325877
    -825.000     514.369096
    -824.900     514.393386
    -824.800     514.398793
    -824.700     514.385374
    -824.600     514.353221
    -824.500     514.302454
    -824.400     514.233225
    -824.300     514.145709
    -824.200     514.040105
    -824.100     513.916626
    -824.000     513.775499
    -823.900     513.616897
    -823.800     513.440777
    -823.700     513.247083
    -823.600     513.035824
    -823.500     512.807070
    -823.400     512.560963
    -823.300     512.297714
    -823.200     512.017604
    -823.100     511.720983
    -823.000     511.408268
    -822.900     511.080013
    -822.800     510.737088
    -822.700     510.380371
    -822.600     510.010658
    -822.500     509.628661
    -822.400     509.235004
    -822.300     508.830223
    -822.200     508.414766
    -822.100     507.988992
    -822.000     507.553170
    -821.900     507.107461
    -821.800     506.651922
    -821.700     506.186681
    -821.600     505.711971
    -821.500     505.228128
    -821.400     504.735583
    -821.300     504.234854
    -821.200     503.726542
    -821.100     503.211317
    -821.000     502.689912
    -820.900     502.163112
    -820.800     501.631736
    -820.700     501.096584
    -820.600     500.558428
    -820.500     500.018011
    -820.400     499.476041
    -820.300     498.933187
    -820.200     498.390081
    -820.100     497.847313
    -820.000     497.305426
    -819.900     496.764915
    -819.800     496.226226
    -819.700     495.689776
    -819.600     495.155954
    -819.500     494.625121
    -819.400     494.097609
    -819.300     493.573721
    -819.200     493.053730
    -819.100     492.537879
    -819.000     492.026383
    -818.900     491.519500
    -818.800     491.017755
    -818.700     490.521786
    -818.600     490.032274
    -818.500     489.549933
    -818.400     489.075506
    -818.300     488.609746
    -818.200     488.153418
    -818.100     487.707280
    -818.000     487.272086
    -817.900     486.848473
    -817.800     486.436668
    -817.700     486.036769
    -817.600     485.648844
    -817.500     485.272937
    -817.400     484.909075
    -817.300     484.557268
    -817.200     484.217521
    -817.100     483.889833
    -817.000     483.574207
    -816.900     483.270757
    -816.800     482.979999
    -816.700     482.702518
    -816.600     482.438853
    -816.500     482.189483
    -816.400     481.954818
    -816.300     481.735189
    -816.200     481.530848
    -816.100     481.341958
    -816.000     481.168600
    -815.900     481.010723
    -815.800     480.868046
    -815.700     480.740274
    -815.600     480.627165
    -815.500     480.528524
    -815.400     480.444207
    -815.300     480.374117
    -815.200     480.318209
    -815.100     480.276482
    -815.000     480.248979
    -814.900     480.235797
    -814.800     480.237085
    -814.700     480.252961
    -814.600     480.283499
    -814.500     480.328724
    -814.400     480.388619
    -814.300     480.463129
    -814.200     480.552168
    -814.100     480.655619
    -814.000     480.773350
    -813.900     480.905181
    -813.800     481.050779
    -813.700     481.209718
    -813.600     481.381505
    -813.500     481.565588
    -813.400     481.761352
    -813.300     481.968128
    -813.200     482.185196
    -813.100     482.411801
    -813.000     482.647155
    -812.900     482.890556
    -812.800     483.141737
    -812.700     483.400592
    -812.600     483.667074
    -812.500     483.941188
    -812.400     484.222986
    -812.300     484.512555
    -812.200     484.810016
    -812.100     485.115512
    -812.000     485.429199
    -811.900     485.751087
    -811.800     486.080542
    -811.700     486.416707
    -811.600     486.758655
    -811.500     487.105408
    -811.400     487.455951
    -811.300     487.809251
    -811.200     488.164275
    -811.100     488.520008
    -811.000     488.875472
    -810.900     489.229873
    -810.800     489.583004
    -810.700     489.934784
    -810.600     490.285110
    -810.500     490.633850
    -810.400     490.980842
    -810.300     491.325881
    -810.200     491.668725
    -810.100     492.009078
    -810.000     492.346599
    -809.900     492.680839
    -809.800     493.011118
    -809.700     493.336731
    -809.600     493.657010
    -809.500     493.971338
    -809.400     494.279154
    -809.300     494.579959
    -809.200     494.873321
    -809.100     495.158880
    -809.000     495.436348
    -808.900     495.705490
    -808.800     495.966026
    -808.700     496.217635
    -808.600     496.459969
    -808.500     496.692659
    -808.400     496.915321
    -808.300     497.127561
    -808.200     497.328980
    -808.100     497.519177
    -808.000     497.697757
    -807.900     497.864361
    -807.800     498.018750
    -807.700     498.160716
    -807.600     498.290046
    -807.500     498.406527
    -807.400     498.509944
    -807.300     498.600076
    -807.200     498.676697
    -807.100     498.739579
    -807.000     498.788481
    -806.900     498.823184
    -806.800     498.843578
    -806.700     498.849629
    -806.600     498.841360
    -806.500     498.818849
    -806.400     498.782235
    -806.300     498.731711
    -806.200     498.667524
    -806.100     498.589967
    -806.000     498.499374
    -805.900     498.396029
    -805.800     498.279913
    -805.700     498.150937
    -805.600     498.009039
    -805.500     497.854180
    -805.400     497.686358
    -805.300     497.505604
    -805.200     497.311991
    -805.100     497.105637
    -805.000     496.886701
    -804.900     496.655463
    -804.800     496.412492
    -804.700     496.158379
    -804.600     495.893657
    -804.500     495.618797
    -804.400     495.334202
    -804.300     495.040208
    -804.200     494.737077
    -804.100     494.424997
    -804.000     494.104083
    -803.900     493.774365
    -803.800     493.435856
    -803.700     493.088702
    -803.600     492.733200
    -803.500     492.369800
    -803.400     491.999091
    -803.300     491.621801
    -803.200     491.238776
    -803.100     490.850974
    -803.000     490.459448
    -802.900     490.065256
    -802.800     489.669163
    -802.700     489.271779
    -802.600     488.873633
    -802.500     488.475170
    -802.400     488.076758
    -802.300     487.678691
    -802.200     487.281196
    -802.100     486.884432
    -802.000     486.488495
    -801.900     486.093493
    -801.800     485.699783
    -801.700     485.307820
    -801.600     484.918095
    -801.500     484.531130
    -801.400     484.147470
    -801.300     483.767683
    -801.200     483.392349
    -801.100     483.022062
    -801.000     482.657423
    -800.900     482.299033
    -800.800     481.947497
    -800.700     481.603450
    -800.600     481.267552
    -800.500     480.940486
    -800.400     480.622950
    -800.300     480.315646
    -800.200     480.019281
    -800.100     479.734555
    -800.000     479.462155
    -799.900     479.202676
    -799.800     478.956370
    -799.700     478.723384
    -799.600     478.503841
    -799.500     478.297839
    -799.400     478.105459
    -799.300     477.926765
    -799.200     477.761808
    -799.100     477.610632
    -799.000     477.473273
    -798.900     477.349852
    -798.800     477.240810
    -798.700     477.146653
    -798.600     477.067855
    -798.500     477.004847
    -798.400     476.958014
    -798.300     476.927682
    -798.200     476.914116
    -798.100     476.917514
    -798.000     476.938006
    -797.900     476.975636
    -797.800     477.030354
    -797.700     477.102134
    -797.600     477.191004
    -797.500     477.297052
    -797.400     477.420419
    -797.300     477.561305
    -797.200     477.719970
    -797.100     477.896727
    -797.000     478.091944
    -796.900     478.305962
    -796.800     478.538822
    -796.700     478.790398
    -796.600     479.060461
    -796.500     479.348685
    -796.400     479.654642
    -796.300     479.977816
    -796.200     480.317603
    -796.100     480.673326
    -796.000     481.044247
    -795.900     481.429699
    -795.800     481.829482
    -795.700     482.243529
    -795.600     482.671787
    -795.500     483.114212
    -795.400     483.570758
    -795.300     484.041377
    -795.200     484.526011
    -795.100     485.024588
    -795.000     485.537014
    -794.900     486.063099
    -794.800     486.602360
    -794.700     487.154248
    -794.600     487.718216
    -794.500     488.293732
    -794.400     488.880278
    -794.300     489.477353
    -794.200     490.084480
    -794.100     490.701209
    -794.000     491.327121
    -793.900     491.961812
    -793.800     492.604817
    -793.700     493.255595
    -793.600     493.913542
    -793.500     494.577995
    -793.400     495.248235
    -793.300     495.923497
    -793.200     496.602971
    -793.100     497.285814
    -793.000     497.971153
    -792.900     498.658157
    -792.800     499.346227
    -792.700     500.034823
    -792.600     500.723398
    -792.500     501.411400
    -792.400     502.098276
    -792.300     502.783467
    -792.200     503.466410
    -792.100     504.146539
    -792.000     504.823285
    -791.900     505.496067
    -791.800     506.164264
    -791.700     506.827267
    -791.600     507.484496
    -791.500     508.135399
    -791.400     508.779460
    -791.300     509.416194
    -791.200     510.045153
    -791.100     510.665929
    -791.000     511.278149
    -790.900     511.881410
    -790.800     512.475027
    -790.700     513.058201
    -790.600     513.630092
    -790.500     514.189822
    -790.400     514.736487
    -790.300     515.269164
    -790.200     515.786918
    -790.100     516.288808
    -790.000     516.773901
    -789.900     517.241405
    -789.800     517.691080
    -789.700     518.122845
    -789.600     518.536638
    -789.500     518.932410
    -789.400     519.310122
    -789.300     519.669734
    -789.200     520.011205
    -789.100     520.334486
    -789.000     520.639515
    -788.900     520.926092
    -788.800     521.193551
    -788.700     521.441159
    -788.600     521.668244
    -788.500     521.874212
    -788.400     522.058554
    -788.300     522.220852
    -788.200     522.360787
    -788.100     522.478140
    -788.000     522.572794
    -787.900     522.644790
    -787.800     522.694446
    -787.700     522.722097
    -787.600     522.728020
    -787.500     522.712433
    -787.400     522.675492
    -787.300     522.617294
    -787.200     522.537873
    -787.100     522.437207
    -787.000     522.315215
    -786.900     522.171734
    -786.800     522.006476
    -786.700     521.819188
    -786.600     521.609694
    -786.500     521.377891
    -786.400     521.123751
    -786.300     520.847318
    -786.200     520.548703
    -786.100     520.228080
    -786.000     519.885677
    -785.900     519.521853
    -785.800     519.137329
    -785.700     518.732937
    -785.600     518.309540
    -785.500     517.868027
    -785.400     517.409310
    -785.300     516.934319
    -785.200     516.443999
    -785.100     515.939299
    -785.000     515.421171
    -784.900     514.890397
    -784.800     514.347105
    -784.700     513.791234
    -784.600     513.222703
    -784.500     512.641415
    -784.400     512.047261
    -784.300     511.440130
    -784.200     510.819910
    -784.100     510.186504
    -784.000     509.539828
    -783.900     508.880036
    -783.800     508.208149
    -783.700     507.525446
    -783.600     506.833245
    -783.500     506.132886
    -783.400     505.425720
    -783.300     504.713090
    -783.200     503.996316
    -783.100     503.276680
    -783.000     502.555409
    -782.900     501.833497
    -782.800     501.111219
    -782.700     500.388699
    -782.600     499.666088
    -782.500     498.943569
    -782.400     498.221364
    -782.300     497.499736
    -782.200     496.778998
    -782.100     496.059513
    -782.000     495.341700
    -781.900     494.626120
    -781.800     493.913704
    -781.700     493.205441
    -781.600     492.502279
    -781.500     491.805120
    -781.400     491.114810
    -781.300     490.432132
    -781.200     489.757802
    -781.100     489.092464
    -781.000     488.436684
    -780.900     487.790935
    -780.800     487.155581
    -780.700     486.530973
    -780.600     485.917472
    -780.500     485.315449
    -780.400     484.725280
    -780.300     484.147344
    -780.200     483.582024
    -780.100     483.029700
    -780.000     482.490754
    -779.900     481.965594
    -779.800     481.454758
    -779.700     480.958830
    -779.600     480.478408
    -779.500     480.014102
    -779.400     479.566529
    -779.300     479.136310
    -779.200     478.724072
    -779.100     478.330443
    -779.000     477.956051
    -778.900     477.601426
    -778.800     477.266692
    -778.700     476.951819
    -778.600     476.656703
    -778.500     476.381174
    -778.400     476.124995
    -778.300     475.887860
    -778.200     475.669401
    -778.100     475.469193
    -778.000     475.286757
    -777.900     475.121702
    -777.800     474.974166
    -777.700     474.844442
    -777.600     474.732839
    -777.500     474.639684
    -777.400     474.565311
    -777.300     474.510060
    -777.200     474.474270
    -777.100     474.458275
    -777.000     474.462402
    -776.900     474.486861
    -776.800     474.531437
    -776.700     474.595797
    -776.600     474.679588
    -776.500     474.782447
    -776.400     474.904001
    -776.300     475.043870
    -776.200     475.201675
    -776.100     475.377043
    -776.000     475.569606
    -775.900     475.779020
    -775.800     476.004957
    -775.700     476.247047
    -775.600     476.504861
    -775.500     476.777915
    -775.400     477.065671
    -775.300     477.367547
    -775.200     477.682915
    -775.100     478.011111
    -775.000     478.351442
    -774.900     478.703260
    -774.800     479.066161
    -774.700     479.439811
    -774.600     479.823872
    -774.500     480.218006
    -774.400     480.621868
    -774.300     481.035107
    -774.200     481.457362
    -774.100     481.888263
    -774.000     482.327424
    -773.900     482.774395
    -773.800     483.228513
    -773.700     483.689088
    -773.600     484.155457
    -773.500     484.626992
    -773.400     485.103100
    -773.300     485.583233
    -773.200     486.066884
    -773.100     486.553596
    -773.000     487.042963
    -772.900     487.534578
    -772.800     488.027829
    -772.700     488.521975
    -772.600     489.016193
    -772.500     489.509584
    -772.400     490.001185
    -772.300     490.489973
    -772.200     490.974882
    -772.100     491.454805
    -772.000     491.928608
    -771.900     492.395267
    -771.800     492.854283
    -771.700     493.305337
    -771.600     493.748169
    -771.500     494.182573
    -771.400     494.608394
    -771.300     495.025522
    -771.200     495.433891
    -771.100     495.833473
    -771.000     496.224272
    -770.900     496.606206
    -770.800     496.978726
    -770.700     497.341167
    -770.600     497.692873
    -770.500     498.033205
    -770.400     498.361550
    -770.300     498.677324
    -770.200     498.979982
    -770.100     499.269022
    -770.000     499.543986
    -769.900     499.804488
    -769.800     500.050248
    -769.700     500.280985
    -769.600     500.496389
    -769.500     500.696123
    -769.400     500.879820
    -769.300     501.047090
    -769.200     501.197514
    -769.100     501.330653
    -769.000     501.446042
    -768.900     501.543259
    -768.800     501.622142
    -768.700     501.682659
    -768.600     501.724855
    -768.500     501.748857
    -768.400     501.754867
    -768.300     501.743166
    -768.200     501.714106
    -768.100     501.668107
    -768.000     501.605648
    -767.900     501.527206
    -767.800     501.433065
    -767.700     501.323452
    -767.600     501.198598
    -767.500     501.058731
    -767.400     500.904087
    -767.300     500.734906
    -767.200     500.551434
    -767.100     500.353931
    -767.000     500.142660
    -766.900     499.917836
    -766.800     499.679432
    -766.700     499.427354
    -766.600     499.161509
    -766.500     498.881803
    -766.400     498.588142
    -766.300     498.280437
    -766.200     497.958606
    -766.100     497.622575
    -766.000     497.272284
    -765.900     496.907884
    -765.800     496.530344
    -765.700     496.140880
    -765.600     495.740752
    -765.500     495.331256
    -765.400     494.913704
    -765.300     494.489415
    -765.200     494.059695
    -765.100     493.625823
    -765.000     493.189035
    -764.900     492.750280
    -764.800     492.309569
    -764.700     491.866688
    -764.600     491.421447
    -764.500     490.973684
    -764.400     490.523273
    -764.300     490.070135
    -764.200     489.614245
    -764.100     489.155640
    -764.000     488.694432
    -763.900     488.230973
    -763.800     487.766309
    -763.700     487.301624
    -763.600     486.838057
    -763.500     486.376689
    -763.400     485.918532
    -763.300     485.464522
    -763.200     485.015502
    -763.100     484.572219
    -763.000     484.135311
    -762.900     483.705252
    -762.800     483.282228
    -762.700     482.866397
    -762.600     482.457962
    -762.500     482.057166
    -762.400     481.664295
    -762.300     481.279679
    -762.200     480.903689
    -762.100     480.536741
    -762.000     480.179293
    -761.900     479.831873
    -761.800     479.495154
    -761.700     479.169829
    -761.600     478.856576
    -761.500     478.556043
    -761.400     478.268848
    -761.300     477.995572
    -761.200     477.736752
    -761.100     477.492879
    -761.000     477.264391
    -760.900     477.051605
    -760.800     476.854495
    -760.700     476.672919
    -760.600     476.506685
    -760.500     476.355561
    -760.400     476.219277
    -760.300     476.097526
    -760.200     475.989972
    -760.100     475.896249
    -760.000     475.815969
    -759.900     475.748884
    -759.800     475.695373
    -759.700     475.655998
    -759.600     475.631344
    -759.500     475.622009
    -759.400     475.628598
    -759.300     475.651715
    -759.200     475.691957
    -759.100     475.749907
    -759.000     475.826129
    -758.900     475.920990
    -758.800     476.034146
    -758.700     476.165047
    -758.600     476.313110
    -758.500     476.477730
    -758.400     476.658281
    -758.300     476.854128
    -758.200     477.064632
    -758.100     477.289156
    -758.000     477.527075
    -757.900     477.777870
    -757.800     478.041379
    -757.700     478.317492
    -757.600     478.606049
    -757.500     478.906841
    -757.400     479.219612
    -757.300     479.544054
    -757.200     479.879814
    -757.100     480.226496
    -757.000     480.583665
    -756.900     480.950873
    -756.800     481.327737
    -756.700     481.713927
    -756.600     482.109150
    -756.500     482.513147
    -756.400     482.925692
    -756.300     483.346585
    -756.200     483.775651
    -756.100     484.212734
    -756.000     484.657695
    -755.900     485.110311
    -755.800     485.569990
    -755.700     486.036019
    -755.600     486.507658
    -755.500     486.984150
    -755.400     487.464733
    -755.300     487.948649
    -755.200     488.435158
    -755.100     488.923547
    -755.000     489.413140
    -754.900     489.903337
    -754.800     490.393665
    -754.700     490.883658
    -754.600     491.372826
    -754.500     491.860653
    -754.400     492.346604
    -754.300     492.830129
    -754.200     493.310661
    -754.100     493.787624
    -754.000     494.260437
    -753.900     494.728535
    -753.800     495.191454
    -753.700     495.648793
    -753.600     496.100205
    -753.500     496.545387
    -753.400     496.984082
    -753.300     497.416079
    -753.200     497.841205
    -753.100     498.259324
    -753.000     498.670333
    -752.900     499.074083
    -752.800     499.470150
    -752.700     499.858052
    -752.600     500.237326
    -752.500     500.607534
    -752.400     500.968273
    -752.300     501.319177
    -752.200     501.659921
    -752.100     501.990222
    -752.000     502.309841
    -751.900     502.618538
    -751.800     502.915920
    -751.700     503.201532
    -751.600     503.474891
    -751.500     503.735495
    -751.400     503.982821
    -751.300     504.216331
    -751.200     504.435468
    -751.100     504.639664
    -751.000     504.828338
    -750.900     505.001053
    -750.800     505.158024
    -750.700     505.299723
    -750.600     505.426729
    -750.500     505.539726
    -750.400     505.639484
    -750.300     505.726856
    -750.200     505.802747
    -750.100     505.868105
    -750.000     505.923886
    -749.900     505.970800
    -749.800     506.008576
    -749.700     506.036660
    -749.600     506.054459
    -749.500     506.061361
    -749.400     506.056738
    -749.300     506.039964
    -749.200     506.010428
    -749.100     505.967544
    -749.000     505.910766
    -748.900     505.839806
    -748.800     505.755237
    -748.700     505.657891
    -748.600     505.548637
    -748.500     505.428369
    -748.400     505.297982
    -748.300     505.158350
    -748.200     505.010307
    -748.100     504.854617
    -748.000     504.691956
    -747.900     504.522823
    -747.800     504.347377
    -747.700     504.165754
    -747.600     503.978146
    -747.500     503.784803
    -747.400     503.586030
    -747.300     503.382182
    -747.200     503.173657
    -747.100     502.960890
    -747.000     502.744345
    -746.900     502.524474
    -746.800     502.301640
    -746.700     502.076233
    -746.600     501.848697
    -746.500     501.619528
    -746.400     501.389268
    -746.300     501.158496
    -746.200     500.927826
    -746.100     500.697896
    -746.000     500.469361
    -745.900     500.242827
    -745.800     500.018656
    -745.700     499.797104
    -745.600     499.578373
    -745.500     499.362610
    -745.400     499.149906
    -745.300     498.940291
    -745.200     498.733738
    -745.100     498.530163
    -745.000     498.329422
    -744.900     498.131457
    -744.800     497.936766
    -744.700     497.746094
    -744.600     497.560298
    -744.500     497.380328
    -744.400     497.207219
    -744.300     497.042069
    -744.200     496.886030
    -744.100     496.740289
    -744.000     496.606054
    -743.900     496.484310
    -743.800     496.375088
    -743.700     496.278116
    -743.600     496.193047
    -743.500     496.119464
    -743.400     496.056884
    -743.300     496.004766
    -743.200     495.962518
    -743.100     495.929506
    -743.000     495.905067
    -742.900     495.888705
    -742.800     495.880676
    -742.700     495.881440
    -742.600     495.891466
    -742.500     495.911219
    -742.400     495.941153
    -742.300     495.981697
    -742.200     496.033252
    -742.100     496.096176
    -742.000     496.170781
    -741.900     496.257281
    -741.800     496.355680
    -741.700     496.465944
    -741.600     496.588051
    -741.500     496.721988
    -741.400     496.867757
    -741.300     497.025371
    -741.200     497.194855
    -741.100     497.376245
    -741.000     497.569588
    -740.900     497.774867
    -740.800     497.991751
    -740.700     498.219770
    -740.600     498.458385
    -740.500     498.706995
    -740.400     498.964942
    -740.300     499.231523
    -740.200     499.505999
    -740.100     499.787608
    -740.000     500.075575
    -739.900     500.369250
    -739.800     500.668467
    -739.700     500.973153
    -739.600     501.283204
    -739.500     501.598479
    -739.400     501.918795
    -739.300     502.243920
    -739.200     502.573576
    -739.100     502.907429
    -739.000     503.245093
    -738.900     503.586126
    -738.800     503.930071
    -738.700     504.276505
    -738.600     504.625047
    -738.500     504.975353
    -738.400     505.327117
    -738.300     505.680073
    -738.200     506.033991
    -738.100     506.388676
    -738.000     506.743966
    -737.900     507.099616
    -737.800     507.454918
    -737.700     507.808973
    -737.600     508.160812
    -737.500     508.509399
    -737.400     508.853657
    -737.300     509.192470
    -737.200     509.524707
    -737.100     509.849232
    -737.000     510.164918
    -736.900     510.470820
    -736.800     510.766656
    -736.700     511.052318
    -736.600     511.327706
    -736.500     511.592720
    -736.400     511.847252
    -736.300     512.091185
    -736.200     512.324383
    -736.100     512.546686
    -736.000     512.757911
    -735.900     512.957769
    -735.800     513.145668
    -735.700     513.320965
    -735.600     513.483046
    -735.500     513.631339
    -735.400     513.765316
    -735.300     513.884499
    -735.200     513.988464
    -735.100     514.076842
    -735.000     514.149323
    -734.900     514.205625
    -734.800     514.245397
    -734.700     514.268244
    -734.600     514.273756
    -734.500     514.261507
    -734.400     514.231062
    -734.300     514.181979
    -734.200     514.113813
    -734.100     514.026122
    -734.000     513.918466
    -733.900     513.790477
    -733.800     513.642042
    -733.700     513.473130
    -733.600     513.283734
    -733.500     513.073867
    -733.400     512.843558
    -733.300     512.592854
    -733.200     512.321808
    -733.100     512.030482
    -733.000     511.718942
    -732.900     511.387255
    -732.800     511.035525
    -732.700     510.663927
    -732.600     510.272709
    -732.500     509.862193
    -732.400     509.432773
    -732.300     508.984917
    -732.200     508.519160
    -732.100     508.036098
    -732.000     507.536386
    -731.900     507.020612
    -731.800     506.488931
    -731.700     505.941346
    -731.600     505.377823
    -731.500     504.798291
    -731.400     504.202652
    -731.300     503.590780
    -731.200     502.962533
    -731.100     502.317755
    -731.000     501.656289
    -730.900     500.978137
    -730.800     500.283978
    -730.700     499.574719
    -730.600     498.851339
    -730.500     498.114873
    -730.400     497.366403
    -730.300     496.607045
    -730.200     495.837935
    -730.100     495.060214
    -730.000     494.275013
    -729.900     493.483332
    -729.800     492.685699
    -729.700     491.882546
    -729.600     491.074323
    -729.500     490.261500
    -729.400     489.444570
    -729.300     488.624048
    -729.200     487.800473
    -729.100     486.974407
    -729.000     486.146436
    -728.900     485.317196
    -728.800     484.487441
    -728.700     483.657960
    -728.600     482.829548
    -728.500     482.003002
    -728.400     481.179119
    -728.300     480.358688
    -728.200     479.542495
    -728.100     478.731310
    -728.000     477.925892
    -727.900     477.126977
    -727.800     476.335255
    -727.700     475.551397
    -727.600     474.776061
    -727.500     474.009886
    -727.400     473.253491
    -727.300     472.507472
    -727.200     471.772400
    -727.100     471.048817
    -727.000     470.337240
    -726.900     469.638225
    -726.800     468.952622
    -726.700     468.281393
    -726.600     467.625538
    -726.500     466.986094
    -726.400     466.364122
    -726.300     465.760704
    -726.200     465.176935
    -726.100     464.613917
    -726.000     464.072753
    -725.900     463.554380
    -725.800     463.059042
    -725.700     462.586757
    -725.600     462.137476
    -725.500     461.711086
    -725.400     461.307410
    -725.300     460.926215
    -725.200     460.567210
    -725.100     460.230054
    -725.000     459.914363
    -724.900     459.619903
    -724.800     459.347200
    -724.700     459.097003
    -724.600     458.870091
    -724.500     458.667270
    -724.400     458.489369
    -724.300     458.337231
    -724.200     458.211714
    -724.100     458.113681
    -724.000     458.043999
    -723.900     458.003394
    -723.800     457.992031
    -723.700     458.009876
    -723.600     458.056831
    -723.500     458.132730
    -723.400     458.237343
    -723.300     458.370380
    -723.200     458.531490
    -723.100     458.720275
    -723.000     458.936291
    -722.900     459.179083
    -722.800     459.448291
    -722.700     459.743586
    -722.600     460.064639
    -722.500     460.411129
    -722.400     460.782736
    -722.300     461.179151
    -722.200     461.600070
    -722.100     462.045201
    -722.000     462.514262
    -721.900     463.007015
    -721.800     463.523335
    -721.700     464.063071
    -721.600     464.626005
    -721.500     465.211859
    -721.400     465.820288
    -721.300     466.450883
    -721.200     467.103178
    -721.100     467.776646
    -721.000     468.470706
    -720.900     469.184732
    -720.800     469.918091
    -720.700     470.670168
    -720.600     471.440367
    -720.500     472.228113
    -720.400     473.032850
    -720.300     473.854046
    -720.200     474.691193
    -720.100     475.543805
    -720.000     476.411422
    -719.900     477.293508
    -719.800     478.189118
    -719.700     479.097142
    -719.600     480.016401
    -719.500     480.945661
    -719.400     481.883643
    -719.300     482.829033
    -719.200     483.780501
    -719.100     484.736707
    -719.000     485.696317
    -718.900     486.658158
    -718.800     487.621632
    -718.700     488.586281
    -718.600     489.551635
    -718.500     490.517211
    -718.400     491.482506
    -718.300     492.446999
    -718.200     493.410139
    -718.100     494.371350
    -718.000     495.330021
    -717.900     496.285434
    -717.800     497.236569
    -717.700     498.182344
    -717.600     499.121702
    -717.500     500.053618
    -717.400     500.977106
    -717.300     501.891226
    -717.200     502.795088
    -717.100     503.687860
    -717.000     504.568768
    -716.900     505.437055
    -716.800     506.291803
    -716.700     507.132014
    -716.600     507.956657
    -716.500     508.764676
    -716.400     509.554994
    -716.300     510.326525
    -716.200     511.078175
    -716.100     511.808853
    -716.000     512.517476
    -715.900     513.203079
    -715.800     513.865145
    -715.700     514.503293
    -715.600     515.117179
    -715.500     515.706489
    -715.400     516.270947
    -715.300     516.810306
    -715.200     517.324353
    -715.100     517.812906
    -715.000     518.275811
    -714.900     518.712896
    -714.800     519.123837
    -714.700     519.508293
    -714.600     519.865944
    -714.500     520.196501
    -714.400     520.499704
    -714.300     520.775323
    -714.200     521.023155
    -714.100     521.243031
    -714.000     521.434807
    -713.900     521.598282
    -713.800     521.732953
    -713.700     521.838266
    -713.600     521.913707
    -713.500     521.958805
    -713.400     521.973140
    -713.300     521.956347
    -713.200     521.908118
    -713.100     521.828203
    -713.000     521.716418
    -712.900     521.572793
    -712.800     521.398020
    -712.700     521.192955
    -712.600     520.958452
    -712.500     520.695357
    -712.400     520.404504
    -712.300     520.086708
    -712.200     519.742756
    -712.100     519.373404
    -712.000     518.979369
    -711.900     518.561217
    -711.800     518.119091
    -711.700     517.653118
    -711.600     517.163528
    -711.500     516.650658
    -711.400     516.114948
    -711.300     515.556939
    -711.200     514.977269
    -711.100     514.376669
    -711.000     513.755953
    -710.900     513.115973
    -710.800     512.457436
    -710.700     511.780958
    -710.600     511.087094
    -710.500     510.376348
    -710.400     509.649168
    -710.300     508.905954
    -710.200     508.147064
    -710.100     507.372813
    -710.000     506.583481
    -709.900     505.779467
    -709.800     504.961789
    -709.700     504.131700
    -709.600     503.290532
    -709.500     502.439686
    -709.400     501.580616
    -709.300     500.714816
    -709.200     499.843805
    -709.100     498.969107
    -709.000     498.092240
    -708.900     497.214563
    -708.800     496.336850
    -708.700     495.459727
    -708.600     494.583816
    -708.500     493.709734
    -708.400     492.838098
    -708.300     491.969518
    -708.200     491.104609
    -708.100     490.243979
    -708.000     489.388237
    -707.900     488.537998
    -707.800     487.693896
    -707.700     486.856568
    -707.600     486.026650
    -707.500     485.204773
    -707.400     484.391565
    -707.300     483.587654
    -707.200     482.793668
    -707.100     482.010234
    -707.000     481.237985
    -706.900     480.477664
    -706.800     479.730457
    -706.700     478.997649
    -706.600     478.280508
    -706.500     477.580266
    -706.400     476.898107
    -706.300     476.235157
    -706.200     475.592470
    -706.100     474.971021
    -706.000     474.371695
    -705.900     473.795169
    -705.800     473.241617
    -705.700     472.711119
    -705.600     472.203784
    -705.500     471.719755
    -705.400     471.259214
    -705.300     470.822381
    -705.200     470.409518
    -705.100     470.020928
    -705.000     469.656960
    -704.900     469.318015
    -704.800     469.004540
    -704.700     468.716936
    -704.600     468.455537
    -704.500     468.220608
    -704.400     468.012343
    -704.300     467.830865
    -704.200     467.676225
    -704.100     467.548409
    -704.000     467.447337
    -703.900     467.372977
    -703.800     467.325687
    -703.700     467.305935
    -703.600     467.314192
    -703.500     467.350926
    -703.400     467.416595
    -703.300     467.511645
    -703.200     467.636503
    -703.100     467.791572
    -703.000     467.977231
    -702.900     468.193687
    -702.800     468.440578
    -702.700     468.717376
    -702.600     469.023541
    -702.500     469.358514
    -702.400     469.721728
    -702.300     470.112611
    -702.200     470.530588
    -702.100     470.975094
    -702.000     471.445571
    -701.900     471.941549
    -701.800     472.462822
    -701.700     473.009203
    -701.600     473.580450
    -701.500     474.176259
    -701.400     474.796272
    -701.300     475.440074
    -701.200     476.107194
    -701.100     476.797115
    -701.000     477.509268
    -700.900     478.243079
    -700.800     478.998075
    -700.700     479.773810
    -700.600     480.569830
    -700.500     481.385676
    -700.400     482.220878
    -700.300     483.074959
    -700.200     483.947431
    -700.100     484.837797
    -700.000     485.745548
    -699.900     486.670114
    -699.800     487.610704
    -699.700     488.566462
    -699.600     489.536523
    -699.500     490.520018
    -699.400     491.516078
    -699.300     492.523842
    -699.200     493.542458
    -699.100     494.571093
    -699.000     495.608935
    -698.900     496.655152
    -698.800     497.708725
    -698.700     498.768521
    -698.600     499.833332
    -698.500     500.901890
    -698.400     501.972866
    -698.300     503.044891
    -698.200     504.116554
    -698.100     505.186423
    -698.000     506.253050
    -697.900     507.315157
    -697.800     508.372184
    -697.700     509.423794
    -697.600     510.469696
    -697.500     511.509638
    -697.400     512.543401
    -697.300     513.570792
    -697.200     514.591637
    -697.100     515.605775
    -697.000     516.613049
    -696.900     517.613072
    -696.800     518.604510
    -696.700     519.585753
    -696.600     520.555155
    -696.500     521.511049
    -696.400     522.451760
    -696.300     523.375616
    -696.200     524.280970
    -696.100     525.166201
    -696.000     526.029736
    -695.900     526.870210
    -695.800     527.686935
    -695.700     528.479402
    -695.600     529.247122
    -695.500     529.989628
    -695.400     530.706474
    -695.300     531.397238
    -695.200     532.061522
    -695.100     532.698956
    -695.000     533.309195
    -694.900     533.891897
    -694.800     534.446643
    -694.700     534.972999
    -694.600     535.470545
    -694.500     535.938870
    -694.400     536.377573
    -694.300     536.786260
    -694.200     537.164547
    -694.100     537.512053
    -694.000     537.828399
    -693.900     538.113145
    -693.800     538.365602
    -693.700     538.585059
    -693.600     538.770861
    -693.500     538.922416
    -693.400     539.039202
    -693.300     539.120772
    -693.200     539.166757
    -693.100     539.176868
    -693.000     539.150899
    -692.900     539.088764
    -692.800     538.990585
    -692.700     538.856528
    -692.600     538.686750
    -692.500     538.481402
    -692.400     538.240628
    -692.300     537.964565
    -692.200     537.653341
    -692.100     537.307077
    -692.000     536.925886
    -691.900     536.509928
    -691.800     536.059611
    -691.700     535.575469
    -691.600     535.058112
    -691.500     534.508222
    -691.400     533.926550
    -691.300     533.313913
    -691.200     532.671182
    -691.100     531.999280
    -691.000     531.299171
    -690.900     530.571727
    -690.800     529.817353
    -690.700     529.036325
    -690.600     528.228919
    -690.500     527.395408
    -690.400     526.536066
    -690.300     525.651172
    -690.200     524.741013
    -690.100     523.805883
    -690.000     522.846092
    -689.900     521.862058
    -689.800     520.854612
    -689.700     519.824735
    -689.600     518.773464
    -689.500     517.701887
    -689.400     516.611134
    -689.300     515.502369
    -689.200     514.376783
    -689.100     513.235583
    -689.000     512.079988
    -688.900     510.911219
    -688.800     509.730524
    -688.700     508.539141
    -688.600     507.338296
    -688.500     506.129188
    -688.400     504.912993
    -688.300     503.690853
    -688.200     502.463875
    -688.100     501.233123
    -688.000     499.999615
    -687.900     498.764238
    -687.800     497.527545
    -687.700     496.290060
    -687.600     495.052359
    -687.500     493.815075
    -687.400     492.578896
    -687.300     491.344566
    -687.200     490.112881
    -687.100     488.884693
    -687.000     487.660906
    -686.900     486.442544
    -686.800     485.230921
    -686.700     484.027372
    -686.600     482.833173
    -686.500     481.649534
    -686.400     480.477588
    -686.300     479.318389
    -686.200     478.172903
    -686.100     477.042005
    -686.000     475.926472
    -685.900     474.826990
    -685.800     473.744226
    -685.700     472.678885
    -685.600     471.631710
    -685.500     470.603479
    -685.400     469.595001
    -685.300     468.607107
    -685.200     467.640653
    -685.100     466.696509
    -685.000     465.775561
    -684.900     464.878659
    -684.800     464.006468
    -684.700     463.159579
    -684.600     462.338545
    -684.500     461.543878
    -684.400     460.776048
    -684.300     460.035481
    -684.200     459.322557
    -684.100     458.637611
    -684.000     457.980932
    -683.900     457.352774
    -683.800     456.753409
    -683.700     456.183111
    -683.600     455.642140
    -683.500     455.130749
    -683.400     454.649176
    -683.300     454.197648
    -683.200     453.776381
    -683.100     453.385577
    -683.000     453.025429
    -682.900     452.696178
    -682.800     452.398269
    -682.700     452.132181
    -682.600     451.898355
    -682.500     451.697196
    -682.400     451.529062
    -682.300     451.394264
    -682.200     451.293062
    -682.100     451.225665
    -682.000     451.192226
    -681.900     451.192759
    -681.800     451.226885
    -681.700     451.294124
    -681.600     451.393995
    -681.500     451.526014
    -681.400     451.689697
    -681.300     451.884565
    -681.200     452.110145
    -681.100     452.365972
    -681.000     452.651594
    -680.900     452.966615
    -680.800     453.310787
    -680.700     453.683858
    -680.600     454.085524
    -680.500     454.515433
    -680.400     454.973181
    -680.300     455.458317
    -680.200     455.970345
    -680.100     456.508727
    -680.000     457.072888
    -679.900     457.662292
    -679.800     458.276664
    -679.700     458.915795
    -679.600     459.579467
    -679.500     460.267456
    -679.400     460.979525
    -679.300     461.715425
    -679.200     462.474890
    -679.100     463.257634
    -679.000     464.063352
    -678.900     464.891553
    -678.800     465.741081
    -678.700     466.610587
    -678.600     467.498692
    -678.500     468.403998
    -678.400     469.325103
    -678.300     470.260607
    -678.200     471.209130
    -678.100     472.169320
    -678.000     473.139869
    -677.900     474.119671
    -677.800     475.108260
    -677.700     476.105306
    -677.600     477.110453
    -677.500     478.123320
    -677.400     479.143494
    -677.300     480.170529
    -677.200     481.203941
    -677.100     482.243208
    -677.000     483.287765
    -676.900     484.336935
    -676.800     485.389739
    -676.700     486.445113
    -676.600     487.501986
    -676.500     488.559283
    -676.400     489.615932
    -676.300     490.670870
    -676.200     491.723046
    -676.100     492.771429
    -676.000     493.815010
    -675.900     494.852799
    -675.800     495.883778
    -675.700     496.906936
    -675.600     497.921280
    -675.500     498.925847
    -675.400     499.919704
    -675.300     500.901962
    -675.200     501.871777
    -675.100     502.828360
    -675.000     503.770978
    -674.900     504.698962
    -674.800     505.611676
    -674.700     506.508456
    -674.600     507.388601
    -674.500     508.251380
    -674.400     509.096031
    -674.300     509.921768
    -674.200     510.727780
    -674.100     511.513240
    -674.000     512.277304
    -673.900     513.019211
    -673.800     513.738602
    -673.700     514.435257
    -673.600     515.109012
    -673.500     515.759751
    -673.400     516.387405
    -673.300     516.991946
    -673.200     517.573391
    -673.100     518.131790
    -673.000     518.667227
    -672.900     519.179616
    -672.800     519.668117
    -672.700     520.131711
    -672.600     520.569405
    -672.500     520.980250
    -672.400     521.363343
    -672.300     521.717846
    -672.200     522.042985
    -672.100     522.338066
    -672.000     522.602471
    -671.900     522.835863
    -671.800     523.038723
    -671.700     523.211727
    -671.600     523.355534
    -671.500     523.470788
    -671.400     523.558110
    -671.300     523.618097
    -671.200     523.651319
    -671.100     523.658315
    -671.000     523.639592
    -670.900     523.595535
    -670.800     523.526171
    -670.700     523.431490
    -670.600     523.311545
    -670.500     523.166451
    -670.400     522.996386
    -670.300     522.801588
    -670.200     522.582353
    -670.100     522.339033
    -670.000     522.072027
    -669.900     521.781752
    -669.800     521.468536
    -669.700     521.132695
    -669.600     520.774564
    -669.500     520.394494
    -669.400     519.992859
    -669.300     519.570055
    -669.200     519.126499
    -669.100     518.662636
    -669.000     518.178931
    -668.900     517.675927
    -668.800     517.154384
    -668.700     516.615114
    -668.600     516.058927
    -668.500     515.486626
    -668.400     514.899007
    -668.300     514.296852
    -668.200     513.680927
    -668.100     513.051980
    -668.000     512.410736
    -667.900     511.757926
    -667.800     511.094401
    -667.700     510.421070
    -667.600     509.738875
    -667.500     509.048781
    -667.400     508.351775
    -667.300     507.648853
    -667.200     506.941016
    -667.100     506.229265
    -667.000     505.514590
    -666.900     504.797823
    -666.800     504.079218
    -666.700     503.358899
    -666.600     502.636998
    -666.500     501.913669
    -666.400     501.189089
    -666.300     500.463463
    -666.200     499.737028
    -666.100     499.010058
    -666.000     498.282873
    -665.900     497.555985
    -665.800     496.830522
    -665.700     496.107733
    -665.600     495.388820
    -665.500     494.674930
    -665.400     493.967146
    -665.300     493.266477
    -665.200     492.573851
    -665.100     491.890105
    -665.000     491.215980
    -664.900     490.552072
    -664.800     489.898733
    -664.700     489.256305
    -664.600     488.625180
    -664.500     488.005794
    -664.400     487.398623
    -664.300     486.804185
    -664.200     486.223031
    -664.100     485.655743
    -664.000     485.102930
    -663.900     484.565130
    -663.800     484.042491
    -663.700     483.535029
    -663.600     483.042717
    -663.500     482.565494
    -663.400     482.103264
    -663.300     481.655904
    -663.200     481.223263
    -663.100     480.805172
    -663.000     480.401443
    -662.900     480.012032
    -662.800     479.637521
    -662.700     479.278644
    -662.600     478.936129
    -662.500     478.610686
    -662.400     478.303001
    -662.300     478.013727
    -662.200     477.743484
    -662.100     477.492847
    -662.000     477.262347
    -661.900     477.052347
    -661.800     476.862685
    -661.700     476.693063
    -661.600     476.543167
    -661.500     476.412669
    -661.400     476.301223
    -661.300     476.208471
    -661.200     476.134035
    -661.100     476.077523
    -661.000     476.038525
    -660.900     476.016646
    -660.800     476.011585
    -660.700     476.023088
    -660.600     476.050918
    -660.500     476.094861
    -660.400     476.154725
    -660.300     476.230346
    -660.200     476.321584
    -660.100     476.428326
    -660.000     476.550488
    -659.900     476.688046
    -659.800     476.841097
    -659.700     477.009707
    -659.600     477.193858
    -659.500     477.393455
    -659.400     477.608314
    -659.300     477.838171
    -659.200     478.082680
    -659.100     478.341415
    -659.000     478.613875
    -658.900     478.899482
    -658.800     479.197612
    -658.700     479.507687
    -658.600     479.829194
    -658.500     480.161677
    -658.400     480.504745
    -658.300     480.858060
    -658.200     481.221336
    -658.100     481.594339
    -658.000     481.976882
    -657.900     482.368764
    -657.800     482.769573
    -657.700     483.178793
    -657.600     483.595856
    -657.500     484.020142
    -657.400     484.450987
    -657.300     484.887691
    -657.200     485.329517
    -657.100     485.775707
    -657.000     486.225484
    -656.900     486.678151
    -656.800     487.133382
    -656.700     487.590956
    -656.600     488.050663
    -656.500     488.512300
    -656.400     488.975672
    -656.300     489.440584
    -656.200     489.906841
    -656.100     490.374245
    -656.000     490.842594
    -655.900     491.311638
    -655.800     491.780975
    -655.700     492.250162
    -655.600     492.718758
    -655.500     493.186320
    -655.400     493.652412
    -655.300     494.116601
    -655.200     494.578460
    -655.100     495.037572
    -655.000     495.493530
    -654.900     495.945892
    -654.800     496.394059
    -654.700     496.837396
    -654.600     497.275280
    -654.500     497.707107
    -654.400     498.132298
    -654.300     498.550298
    -654.200     498.960586
    -654.100     499.362674
    -654.000     499.756118
    -653.900     500.140628
    -653.800     500.516386
    -653.700     500.883668
    -653.600     501.242721
    -653.500     501.593761
    -653.400     501.936967
    -653.300     502.272479
    -653.200     502.600395
    -653.100     502.920766
    -653.000     503.233594
    -652.900     503.538752
    -652.800     503.835788
    -652.700     504.124203
    -652.600     504.403545
    -652.500     504.673414
    -652.400     504.933461
    -652.300     505.183395
    -652.200     505.422984
    -652.100     505.652062
    -652.000     505.870522
    -651.900     506.078334
    -651.800     506.275531
    -651.700     506.462144
    -651.600     506.638181
    -651.500     506.803634
    -651.400     506.958476
    -651.300     507.102667
    -651.200     507.236152
    -651.100     507.358865
    -651.000     507.470731
    -650.900     507.571725
    -650.800     507.662057
    -650.700     507.741996
    -650.600     507.811814
    -650.500     507.871779
    -650.400     507.922161
    -650.300     507.963225
    -650.200     507.995233
    -650.100     508.018444
    -650.000     508.033110
    -649.900     508.039456
    -649.800     508.037611
    -649.700     508.027692
    -649.600     508.009823
    -649.500     507.984142
    -649.400     507.950794
    -649.300     507.909937
    -649.200     507.861736
    -649.100     507.806369
    -649.000     507.744020
    -648.900     507.674823
    -648.800     507.598683
    -648.700     507.515450
    -648.600     507.424984
    -648.500     507.327155
    -648.400     507.221844
    -648.300     507.108948
    -648.200     506.988380
    -648.100     506.860073
    -648.000     506.723976
    -647.900     506.580194
    -647.800     506.429382
    -647.700     506.272300
    -647.600     506.109680
    -647.500     505.942216
    -647.400     505.770570
    -647.300     505.595364
    -647.200     505.417187
    -647.100     505.236586
    -647.000     505.054071
    -646.900     504.869976
    -646.800     504.684082
    -646.700     504.496051
    -646.600     504.305572
    -646.500     504.112361
    -646.400     503.916161
    -646.300     503.716744
    -646.200     503.513911
    -646.100     503.307492
    -646.000     503.097347
    -645.900     502.883425
    -645.800     502.665927
    -645.700     502.445104
    -645.600     502.221190
    -645.500     501.994407
    -645.400     501.764964
    -645.300     501.533055
    -645.200     501.298864
    -645.100     501.062560
    -645.000     500.824303
    -644.900     500.584254
    -644.800     500.342617
    -644.700     500.099596
    -644.600     499.855379
    -644.500     499.610140
    -644.400     499.364036
    -644.300     499.117209
    -644.200     498.869782
    -644.100     498.621863
    -644.000     498.373542
    -643.900     498.124848
    -643.800     497.875628
    -643.700     497.625692
    -643.600     497.374858
    -643.500     497.122956
    -643.400     496.869822
    -643.300     496.615307
    -643.200     496.359270
    -643.100     496.101581
    -643.000     495.842124
    -642.900     495.580801
    -642.800     495.317566
    -642.700     495.052388
    -642.600     494.785241
    -642.500     494.516107
    -642.400     494.244975
    -642.300     493.971839
    -642.200     493.696702
    -642.100     493.419574
    -642.000     493.140470
    -641.900     492.859452
    -641.800     492.576720
    -641.700     492.292483
    -641.600     492.006910
    -641.500     491.720135
    -641.400     491.432253
    -641.300     491.143321
    -641.200     490.853356
    -641.100     490.562336
    -641.000     490.270200
    -640.900     489.976812
    -640.800     489.681894
    -640.700     489.385185
    -640.600     489.086478
    -640.500     488.785623
    -640.400     488.482530
    -640.300     488.177163
    -640.200     487.869548
    -640.100     487.559766
    -640.000     487.247957
    -639.900     486.934311
    -639.800     486.619001
    -639.700     486.302155
    -639.600     485.983852
    -639.500     485.664121
    -639.400     485.342946
    -639.300     485.020262
    -639.200     484.695960
    -639.100     484.369884
    -639.000     484.041835
    -638.900     483.711650
    -638.800     483.379475
    -638.700     483.045569
    -638.600     482.710233
    -638.500     482.373806
    -638.400     482.036661
    -638.300     481.699205
    -638.200     481.361874
    -638.100     481.025134
    -638.000     480.689472
    -637.900     480.355316
    -637.800     480.022779
    -637.700     479.691880
    -637.600     479.362633
    -637.500     479.035040
    -637.400     478.709097
    -637.300     478.384794
    -637.200     478.062117
    -637.100     477.741051
    -637.000     477.421577
    -636.900     477.103718
    -636.800     476.787656
    -636.700     476.473626
    -636.600     476.161880
    -636.500     475.852682
    -636.400     475.546312
    -636.300     475.243069
    -636.200     474.943269
    -636.100     474.647245
    -636.000     474.355354
    -635.900     474.068008
    -635.800     473.785777
    -635.700     473.509255
    -635.600     473.239013
    -635.500     472.975595
    -635.400     472.719510
    -635.300     472.471229
    -635.200     472.231180
    -635.100     471.999741
    -635.000     471.777240
    -634.900     471.563903
    -634.800     471.359727
    -634.700     471.164688
    -634.600     470.978803
    -634.500     470.802137
    -634.400     470.634798
    -634.300     470.476951
    -634.200     470.328815
    -634.100     470.190665
    -634.000     470.062842
    -633.900     469.945760
    -633.800     469.839913
    -633.700     469.745774
    -633.600     469.663780
    -633.500     469.594321
    -633.400     469.537743
    -633.300     469.494347
    -633.200     469.464384
    -633.100     469.448061
    -633.000     469.445536
    -632.900     469.456975
    -632.800     469.482704
    -632.700     469.523095
    -632.600     469.578522
    -632.500     469.649352
    -632.400     469.735950
    -632.300     469.838675
    -632.200     469.957874
    -632.100     470.093886
    -632.000     470.247034
    -631.900     470.417562
    -631.800     470.605427
    -631.700     470.810523
    -631.600     471.032749
    -631.500     471.272012
    -631.400     471.528232
    -631.300     471.801341
    -631.200     472.091287
    -631.100     472.398038
    -631.000     472.721579
    -630.900     473.061953
    -630.800     473.419326
    -630.700     473.793869
    -630.600     474.185719
    -630.500     474.594977
    -630.400     475.021712
    -630.300     475.465958
    -630.200     475.927719
    -630.100     476.406965
    -630.000     476.903639
    -629.900     477.417665
    -629.800     477.948968
    -629.700     478.497458
    -629.600     479.063016
    -629.500     479.645495
    -629.400     480.244723
    -629.300     480.860498
    -629.200     481.492597
    -629.100     482.140767
    -629.000     482.804733
    -628.900     483.484184
    -628.800     484.178735
    -628.700     484.887996
    -628.600     485.611581
    -628.500     486.349118
    -628.400     487.100248
    -628.300     487.864625
    -628.200     488.641919
    -628.100     489.431817
    -628.000     490.234027
    -627.900     491.048233
    -627.800     491.873949
    -627.700     492.710602
    -627.600     493.557578
    -627.500     494.414222
    -627.400     495.279843
    -627.300     496.153719
    -627.200     497.035101
    -627.100     497.923220
    -627.000     498.817288
    -626.900     499.716602
    -626.800     500.620812
    -626.700     501.529641
    -626.600     502.442788
    -626.500     503.359926
    -626.400     504.280696
    -626.300     505.204708
    -626.200     506.131533
    -626.100     507.060702
    -626.000     507.991703
    -625.900     508.923867
    -625.800     509.856071
    -625.700     510.787096
    -625.600     511.715749
    -625.500     512.640875
    -625.400     513.561365
    -625.300     514.476171
    -625.200     515.384311
    -625.100     516.284882
    -625.000     517.177064
    -624.900     518.060189
    -624.800     518.933865
    -624.700     519.797720
    -624.600     520.651325
    -624.500     521.494193
    -624.400     522.325774
    -624.300     523.145457
    -624.200     523.952561
    -624.100     524.746339
    -624.000     525.525974
    -623.900     526.290566
    -623.800     527.039143
    -623.700     527.770746
    -623.600     528.484451
    -623.500     529.179376
    -623.400     529.854683
    -623.300     530.509585
    -623.200     531.143345
    -623.100     531.755280
    -623.000     532.344763
    -622.900     532.911221
    -622.800     533.454129
    -622.700     533.972974
    -622.600     534.467262
    -622.500     534.936512
    -622.400     535.380261
    -622.300     535.798065
    -622.200     536.189500
    -622.100     536.554165
    -622.000     536.891679
    -621.900     537.201614
    -621.800     537.483287
    -621.700     537.735962
    -621.600     537.958921
    -621.500     538.151468
    -621.400     538.312932
    -621.300     538.442673
    -621.200     538.540085
    -621.100     538.604598
    -621.000     538.635680
    -620.900     538.633002
    -620.800     538.596922
    -620.700     538.527970
    -620.600     538.426673
    -620.500     538.293554
    -620.400     538.129123
    -620.300     537.933869
    -620.200     537.708262
    -620.100     537.452740
    -620.000     537.167705
    -619.900     536.853317
    -619.800     536.508935
    -619.700     536.133802
    -619.600     535.727273
    -619.500     535.288815
    -619.400     534.818013
    -619.300     534.314573
    -619.200     533.778323
    -619.100     533.209210
    -619.000     532.607302
    -618.900     531.972939
    -618.800     531.307146
    -618.700     530.611079
    -618.600     529.885852
    -618.500     529.132537
    -618.400     528.352153
    -618.300     527.545670
    -618.200     526.714003
    -618.100     525.858008
    -618.000     524.978481
    -617.900     524.076106
    -617.800     523.151358
    -617.700     522.204706
    -617.600     521.236673
    -617.500     520.247826
    -617.400     519.238780
    -617.300     518.210189
    -617.200     517.162743
    -617.100     516.097165
    -617.000     515.014203
    -616.900     513.914619
    -616.800     512.799168
    -616.700     511.668648
    -616.600     510.523917
    -616.500     509.365890
    -616.400     508.195530
    -616.300     507.013851
    -616.200     505.821908
    -616.100     504.620797
    -616.000     503.411647
    -615.900     502.195624
    -615.800     500.973919
    -615.700     499.747688
    -615.600     498.518037
    -615.500     497.286017
    -615.400     496.052626
    -615.300     494.818799
    -615.200     493.585414
    -615.100     492.353282
    -615.000     491.123154
    -614.900     489.895782
    -614.800     488.672177
    -614.700     487.453455
    -614.600     486.240775
    -614.500     485.035330
    -614.400     483.838335
    -614.300     482.651023
    -614.200     481.474637
    -614.100     480.310418
    -614.000     479.159602
    -613.900     478.023313
    -613.800     476.902269
    -613.700     475.797092
    -613.600     474.708405
    -613.500     473.636834
    -613.400     472.583018
    -613.300     471.547600
    -613.200     470.531238
    -613.100     469.534606
    -613.000     468.558392
    -612.900     467.603374
    -612.800     466.670597
    -612.700     465.761124
    -612.600     464.875957
    -612.500     464.016024
    -612.400     463.182174
    -612.300     462.375175
    -612.200     461.595705
    -612.100     460.844352
    -612.000     460.121614
    -611.900     459.427922
    -611.800     458.763760
    -611.700     458.129652
    -611.600     457.526142
    -611.500     456.953794
    -611.400     456.413182
    -611.300     455.904894
    -611.200     455.429522
    -611.100     454.987665
    -611.000     454.579921
    -610.900     454.206807
    -610.800     453.868505
    -610.700     453.565093
    -610.600     453.296621
    -610.500     453.063115
    -610.400     452.864582
    -610.300     452.701011
    -610.200     452.572378
    -610.100     452.478652
    -610.000     452.419797
    -609.900     452.395837
    -609.800     452.407003
    -609.700     452.453526
    -609.600     452.535567
    -609.500     452.653214
    -609.400     452.806485
    -609.300     452.995323
    -609.200     453.219596
    -609.100     453.479106
    -609.000     453.773586
    -608.900     454.102733
    -608.800     454.466306
    -608.700     454.864080
    -608.600     455.295828
    -608.500     455.761321
    -608.400     456.260321
    -608.300     456.792586
    -608.200     457.357868
    -608.100     457.955910
    -608.000     458.586451
    -607.900     459.249116
    -607.800     459.943119
    -607.700     460.667544
    -607.600     461.421456
    -607.500     462.203905
    -607.400     463.013935
    -607.300     463.850590
    -607.200     464.712920
    -607.100     465.599997
    -607.000     466.510916
    -606.900     467.444897
    -606.800     468.401516
    -606.700     469.380367
    -606.600     470.380957
    -606.500     471.402709
    -606.400     472.444963
    -606.300     473.506974
    -606.200     474.587915
    -606.100     475.686879
    -606.000     476.802884
    -605.900     477.934833
    -605.800     479.081442
    -605.700     480.241398
    -605.600     481.413410
    -605.500     482.596217
    -605.400     483.788592
    -605.300     484.989349
    -605.200     486.197351
    -605.100     487.411516
    -605.000     488.630819
    -604.900     489.854281
    -604.800     491.080855
    -604.700     492.309439
    -604.600     493.538895
    -604.500     494.768052
    -604.400     495.995712
    -604.300     497.220659
    -604.200     498.441660
    -604.100     499.657475
    -604.000     500.866860
    -603.900     502.068584
    -603.800     503.261452
    -603.700     504.444258
    -603.600     505.615776
    -603.500     506.774768
    -603.400     507.919987
    -603.300     509.050187
    -603.200     510.164124
    -603.100     511.260563
    -603.000     512.338284
    -602.900     513.396130
    -602.800     514.433141
    -602.700     515.448427
    -602.600     516.441128
    -602.500     517.410414
    -602.400     518.355485
    -602.300     519.275577
    -602.200     520.169957
    -602.100     521.037922
    -602.000     521.878804
    -601.900     522.691835
    -601.800     523.475766
    -601.700     524.229244
    -601.600     524.950947
    -601.500     525.639605
    -601.400     526.294008
    -601.300     526.913019
    -601.200     527.495586
    -601.100     528.040747
    -601.000     528.547642
    -600.900     529.015675
    -600.800     529.444968
    -600.700     529.835801
    -600.600     530.188435
    -600.500     530.503110
    -600.400     530.780032
    -600.300     531.019376
    -600.200     531.221275
    -600.100     531.385823
    -600.000     531.513065
    -599.900     531.602849
    -599.800     531.654424
    -599.700     531.666978
    -599.600     531.639804
    -599.500     531.572310
    -599.400     531.464026
    -599.300     531.314599
    -599.200     531.123800
    -599.100     530.891521
    -599.000     530.617767
    -598.900     530.302769
    -598.800     529.947280
    -598.700     529.552195
    -598.600     529.118429
    -598.500     528.646913
    -598.400     528.138596
    -598.300     527.594441
    -598.200     527.015420
    -598.100     526.402517
    -598.000     525.756717
    -597.900     525.078898
    -597.800     524.369514
    -597.700     523.628933
    -597.600     522.857542
    -597.500     522.055751
    -597.400     521.223992
    -597.300     520.362719
    -597.200     519.472406
    -597.100     518.553548
    -597.000     517.606659
    -596.900     516.632392
    -596.800     515.631925
    -596.700     514.606618
    -596.600     513.557886
    -596.500     512.487197
    -596.400     511.396051
    -596.300     510.285983
    -596.200     509.158540
    -596.100     508.015274
    -596.000     506.857732
    -595.900     505.687310
    -595.800     504.504886
    -595.700     503.311230
    -595.600     502.107144
    -595.500     500.893456
    -595.400     499.671023
    -595.300     498.440734
    -595.200     497.203504
    -595.100     495.960276
    -595.000     494.712021
    -594.900     493.459828
    -594.800     492.205167
    -594.700     490.949584
    -594.600     489.694600
    -594.500     488.441705
    -594.400     487.192342
    -594.300     485.947906
    -594.200     484.709731
    -594.100     483.479083
    -594.000     482.257154
    -593.900     481.045019
    -593.800     479.843558
    -593.700     478.653644
    -593.600     477.476182
    -593.500     476.312109
    -593.400     475.162387
    -593.300     474.028001
    -593.200     472.909951
    -593.100     471.809254
    -593.000     470.726934
    -592.900     469.664007
    -592.800     468.621435
    -592.700     467.600152
    -592.600     466.601076
    -592.500     465.625104
    -592.400     464.673112
    -592.300     463.745946
    -592.200     462.844425
    -592.100     461.969335
    -592.000     461.121431
    -591.900     460.301455
    -591.800     459.510208
    -591.700     458.748483
    -591.600     458.017032
    -591.500     457.316566
    -591.400     456.647740
    -591.300     456.011158
    -591.200     455.407362
    -591.100     454.836831
    -591.000     454.299980
    -590.900     453.797150
    -590.800     453.328606
    -590.700     452.894608
    -590.600     452.495420
    -590.500     452.131310
    -590.400     451.802545
    -590.300     451.509394
    -590.200     451.252119
    -590.100     451.030977
    -590.000     450.846221
    -589.900     450.698100
    -589.800     450.586870
    -589.700     450.512773
    -589.600     450.476032
    -589.500     450.476850
    -589.400     450.515406
    -589.300     450.591859
    -589.200     450.706348
    -589.100     450.858991
    -589.000     451.049889
    -588.900     451.279081
    -588.800     451.546394
    -588.700     451.851544
    -588.600     452.194172
    -588.500     452.573843
    -588.400     452.990048
    -588.300     453.442202
    -588.200     453.929649
    -588.100     454.451665
    -588.000     455.007468
    -587.900     455.596332
    -587.800     456.217956
    -587.700     456.872175
    -587.600     457.558850
    -587.500     458.277860
    -587.400     459.029106
    -587.300     459.812501
    -587.200     460.627970
    -587.100     461.475442
    -587.000     462.354849
    -586.900     463.265971
    -586.800     464.207951
    -586.700     465.179735
    -586.600     466.180217
    -586.500     467.208252
    -586.400     468.262661
    -586.300     469.342241
    -586.200     470.445774
    -586.100     471.572039
    -586.000     472.719824
    -585.900     473.888064
    -585.800     475.076213
    -585.700     476.283809
    -585.600     477.510334
    -585.500     478.755212
    -585.400     480.017807
    -585.300     481.297426
    -585.200     482.593313
    -585.100     483.904652
    -585.000     485.230568
    -584.900     486.570066
    -584.800     487.921859
    -584.700     489.284600
    -584.600     490.656950
    -584.500     492.037588
    -584.400     493.425215
    -584.300     494.818559
    -584.200     496.216387
    -584.100     497.617508
    -584.000     499.020779
    -583.900     500.425153
    -583.800     501.829775
    -583.700     503.233825
    -583.600     504.636477
    -583.500     506.036898
    -583.400     507.434251
    -583.300     508.827695
    -583.200     510.216390
    -583.100     511.599492
    -583.000     512.976160
    -582.900     514.345471
    -582.800     515.706142
    -582.700     517.056744
    -582.600     518.395787
    -582.500     519.721729
    -582.400     521.032985
    -582.300     522.327938
    -582.200     523.604948
    -582.100     524.862359
    -582.000     526.098514
    -581.900     527.311938
    -581.800     528.501918
    -581.700     529.667996
    -581.600     530.809797
    -581.500     531.927024
    -581.400     533.019459
    -581.300     534.086956
    -581.200     535.129444
    -581.100     536.146920
    -581.000     537.139446
    -580.900     538.106905
    -580.800     539.048239
    -580.700     539.962115
    -580.600     540.847172
    -580.500     541.702030
    -580.400     542.525298
    -580.300     543.315593
    -580.200     544.071540
    -580.100     544.791789
    -580.000     545.475020
    -579.900     546.120171
    -579.800     546.727104
    -579.700     547.295931
    -579.600     547.826781
    -579.500     548.319802
    -579.400     548.775155
    -579.300     549.193009
    -579.200     549.573538
    -579.100     549.916922
    -579.000     550.223334
    -578.900     550.492836
    -578.800     550.725070
    -578.700     550.919627
    -578.600     551.076173
    -578.500     551.194454
    -578.400     551.274295
    -578.300     551.315605
    -578.200     551.318375
    -578.100     551.282679
    -578.000     551.208670
    -577.900     551.096561
    -577.800     550.946548
    -577.700     550.758822
    -577.600     550.533583
    -577.500     550.271039
    -577.400     549.971413
    -577.300     549.634943
    -577.200     549.261885
    -577.100     548.852513
    -577.000     548.407123
    -576.900     547.926104
    -576.800     547.410143
    -576.700     546.860005
    -576.600     546.276457
    -576.500     545.660267
    -576.400     545.012197
    -576.300     544.332999
    -576.200     543.623415
    -576.100     542.884171
    -576.000     542.115970
    -575.900     541.319473
    -575.800     540.495266
    -575.700     539.643984
    -575.600     538.766346
    -575.500     537.863146
    -575.400     536.935250
    -575.300     535.983593
    -575.200     535.009171
    -575.100     534.013036
    -575.000     532.996282
    -574.900     531.959985
    -574.800     530.904988
    -574.700     529.832068
    -574.600     528.741986
    -574.500     527.635493
    -574.400     526.513333
    -574.300     525.376239
    -574.200     524.224937
    -574.100     523.060149
    -574.000     521.882591
    -573.900     520.693084
    -573.800     519.492872
    -573.700     518.283289
    -573.600     517.065643
    -573.500     515.841212
    -573.400     514.611233
    -573.300     513.376897
    -573.200     512.139339
    -573.100     510.899638
    -573.000     509.658803
    -572.900     508.417698
    -572.800     507.176862
    -572.700     505.936822
    -572.600     504.698177
    -572.500     503.461595
    -572.400     502.227817
    -572.300     500.997646
    -572.200     499.771954
    -572.100     498.551672
    -572.000     497.337791
    -571.900     496.131376
    -571.800     494.933566
    -571.700     493.745460
    -571.600     492.568087
    -571.500     491.402398
    -571.400     490.249266
    -571.300     489.109479
    -571.200     487.983742
    -571.100     486.872670
    -571.000     485.776788
    -570.900     484.696561
    -570.800     483.632506
    -570.700     482.585166
    -570.600     481.555087
    -570.500     480.542814
    -570.400     479.548887
    -570.300     478.573837
    -570.200     477.618186
    -570.100     476.682441
    -570.000     475.767093
    -569.900     474.872621
    -569.800     473.999518
    -569.700     473.148301
    -569.600     472.319507
    -569.500     471.513692
    -569.400     470.731430
    -569.300     469.973309
    -569.200     469.239928
    -569.100     468.531899
    -569.000     467.849844
    -568.900     467.194318
    -568.800     466.565574
    -568.700     465.963727
    -568.600     465.388823
    -568.500     464.840837
    -568.400     464.319674
    -568.300     463.825172
    -568.200     463.357100
    -568.100     462.915168
    -568.000     462.499026
    -567.900     462.108396
    -567.800     461.743480
    -567.700     461.404601
    -567.600     461.092084
    -567.500     460.806241
    -567.400     460.547375
    -567.300     460.315768
    -567.200     460.111681
    -567.100     459.935349
    -567.000     459.786978
    -566.900     459.666636
    -566.800     459.573950
    -566.700     459.508441
    -566.600     459.469647
    -566.500     459.457117
    -566.400     459.470418
    -566.300     459.509136
    -566.200     459.572880
    -566.100     459.661281
    -566.000     459.774000
    -565.900     459.910767
    -565.800     460.071485
    -565.700     460.256045
    -565.600     460.464279
    -565.500     460.695958
    -565.400     460.950796
    -565.300     461.228450
    -565.200     461.528523
    -565.100     461.850571
    -565.000     462.194105
    -564.900     462.558586
    -564.800     462.943396
    -564.700     463.347882
    -564.600     463.771377
    -564.500     464.213194
    -564.400     464.672631
    -564.300     465.148971
    -564.200     465.641484
    -564.100     466.149432
    -564.000     466.672067
    -563.900     467.208690
    -563.800     467.758813
    -563.700     468.322033
    -563.600     468.897986
    -563.500     469.486341
    -563.400     470.086806
    -563.300     470.699119
    -563.200     471.323052
    -563.100     471.958406
    -563.000     472.605007
    -562.900     473.262575
    -562.800     473.930287
    -562.700     474.607107
    -562.600     475.291923
    -562.500     475.983552
    -562.400     476.680755
    -562.300     477.382246
    -562.200     478.086704
    -562.100     478.792788
    -562.000     479.499152
    -561.900     480.204626
    -561.800     480.908777
    -561.700     481.611387
    -561.600     482.312276
    -561.500     483.011298
    -561.400     483.708333
    -561.300     484.403279
    -561.200     485.096052
    -561.100     485.786574
    -561.000     486.474772
    -560.900     487.160405
    -560.800     487.842564
    -560.700     488.520162
    -560.600     489.192114
    -560.500     489.857346
    -560.400     490.514802
    -560.300     491.163458
    -560.200     491.802332
    -560.100     492.430488
    -560.000     493.047049
    -559.900     493.651301
    -559.800     494.242978
    -559.700     494.821914
    -559.600     495.387934
    -559.500     495.940856
    -559.400     496.480488
    -559.300     497.006629
    -559.200     497.519063
    -559.100     498.017566
    -559.000     498.501900
    -558.900     498.971761
    -558.800     499.426630
    -558.700     499.865942
    -558.600     500.289146
    -558.500     500.695711
    -558.400     501.085127
    -558.300     501.456906
    -558.200     501.810587
    -558.100     502.145738
    -558.000     502.461955
    -557.900     502.758914
    -557.800     503.036540
    -557.700     503.294858
    -557.600     503.533947
    -557.500     503.753941
    -557.400     503.955031
    -557.300     504.137468
    -557.200     504.301558
    -557.100     504.447669
    -557.000     504.576219
    -556.900     504.687583
    -556.800     504.781747
    -556.700     504.858568
    -556.600     504.917871
    -556.500     504.959449
    -556.400     504.983068
    -556.300     504.988469
    -556.200     504.975374
    -556.100     504.943486
    -556.000     504.892495
    -555.900     504.822208
    -555.800     504.732945
    -555.700     504.625192
    -555.600     504.499478
    -555.500     504.356367
    -555.400     504.196462
    -555.300     504.020392
    -555.200     503.828812
    -555.100     503.622398
    -555.000     503.401838
    -554.900     503.167736
    -554.800     502.920359
    -554.700     502.659919
    -554.600     502.386671
    -554.500     502.100914
    -554.400     501.802991
    -554.300     501.493289
    -554.200     501.172242
    -554.100     500.840322
    -554.000     500.498045
    -553.900     500.145963
    -553.800     499.784652
    -553.700     499.414652
    -553.600     499.036463
    -553.500     498.650546
    -553.400     498.257323
    -553.300     497.857177
    -553.200     497.450458
    -553.100     497.037483
    -553.000     496.618536
    -552.900     496.193906
    -552.800     495.764006
    -552.700     495.329315
    -552.600     494.890352
    -552.500     494.447669
    -552.400     494.001847
    -552.300     493.553495
    -552.200     493.103240
    -552.100     492.651726
    -552.000     492.199606
    -551.900     491.747528
    -551.800     491.296110
    -551.700     490.845963
    -551.600     490.397704
    -551.500     489.951953
    -551.400     489.509328
    -551.300     489.070444
    -551.200     488.635910
    -551.100     488.206324
    -551.000     487.782270
    -550.900     487.364249
    -550.800     486.952470
    -550.700     486.547057
    -550.600     486.148120
    -550.500     485.755757
    -550.400     485.370055
    -550.300     484.991096
    -550.200     484.618956
    -550.100     484.253707
    -550.000     483.895425
    -549.900     483.544269
    -549.800     483.200747
    -549.700     482.865446
    -549.600     482.538939
    -549.500     482.221780
    -549.400     481.914502
    -549.300     481.617605
    -549.200     481.331557
    -549.100     481.056788
    -549.000     480.793685
    -548.900     480.542534
    -548.800     480.303382
    -548.700     480.076249
    -548.600     479.861191
    -548.500     479.658301
    -548.400     479.467706
    -548.300     479.289571
    -548.200     479.124094
    -548.100     478.971508
    -548.000     478.832080
    -547.900     478.706064
    -547.800     478.593542
    -547.700     478.494498
    -547.600     478.408848
    -547.500     478.336445
    -547.400     478.277075
    -547.300     478.230461
    -547.200     478.196262
    -547.100     478.174071
    -547.000     478.163425
    -546.900     478.163901
    -546.800     478.175461
    -546.700     478.198201
    -546.600     478.232255
    -546.500     478.277791
    -546.400     478.335008
    -546.300     478.404135
    -546.200     478.485426
    -546.100     478.579156
    -546.000     478.685620
    -545.900     478.805035
    -545.800     478.937242
    -545.700     479.081975
    -545.600     479.238949
    -545.500     479.407865
    -545.400     479.588405
    -545.300     479.780240
    -545.200     479.983025
    -545.100     480.196401
    -545.000     480.419998
    -544.900     480.653457
    -544.800     480.896486
    -544.700     481.148805
    -544.600     481.410122
    -544.500     481.680136
    -544.400     481.958535
    -544.300     482.244998
    -544.200     482.539195
    -544.100     482.840786
    -544.000     483.149426
    -543.900     483.464796
    -543.800     483.786700
    -543.700     484.114967
    -543.600     484.449418
    -543.500     484.789860
    -543.400     485.136088
    -543.300     485.487884
    -543.200     485.845015
    -543.100     486.207232
    -543.000     486.574274
    -542.900     486.945864
    -542.800     487.321735
    -542.700     487.701656
    -542.600     488.085435
    -542.500     488.472918
    -542.400     488.863987
    -542.300     489.258561
    -542.200     489.656590
    -542.100     490.058057
    -542.000     490.462973
    -541.900     490.871297
    -541.800     491.282664
    -541.700     491.696574
    -541.600     492.112469
    -541.500     492.529740
    -541.400     492.947728
    -541.300     493.365730
    -541.200     493.783006
    -541.100     494.198787
    -541.000     494.612278
    -540.900     495.022818
    -540.800     495.430362
    -540.700     495.835055
    -540.600     496.237083
    -540.500     496.636666
    -540.400     497.034053
    -540.300     497.429518
    -540.200     497.823353
    -540.100     498.215866
    -540.000     498.607374
    -539.900     498.998086
    -539.800     499.387745
    -539.700     499.775978
    -539.600     500.162414
    -539.500     500.546685
    -539.400     500.928430
    -539.300     501.307295
    -539.200     501.682938
    -539.100     502.055029
    -539.000     502.423254
    -538.900     502.787353
    -538.800     503.147225
    -538.700     503.502785
    -538.600     503.853927
    -538.500     504.200523
    -538.400     504.542421
    -538.300     504.879449
    -538.200     505.211416
    -538.100     505.538109
    -538.000     505.859301
    -537.900     506.174790
    -537.800     506.484558
    -537.700     506.788653
    -537.600     507.087148
    -537.500     507.380138
    -537.400     507.667738
    -537.300     507.950084
    -537.200     508.227329
    -537.100     508.499643
    -537.000     508.767212
    -536.900     509.030219
    -536.800     509.288787
    -536.700     509.543021
    -536.600     509.793034
    -536.500     510.038938
    -536.400     510.280848
    -536.300     510.518881
    -536.200     510.753154
    -536.100     510.983784
    -536.000     511.210887
    -535.900     511.434496
    -535.800     511.654304
    -535.700     511.869893
    -535.600     512.080820
    -535.500     512.286617
    -535.400     512.486797
    -535.300     512.680856
    -535.200     512.868274
    -535.100     513.048523
    -535.000     513.221067
    -534.900     513.385565
    -534.800     513.542485
    -534.700     513.692523
    -534.600     513.836397
    -534.500     513.974847
    -534.400     514.108630
    -534.300     514.238513
    -534.200     514.365275
    -534.100     514.489699
    -534.000     514.612575
    -533.900     514.734465
    -533.800     514.855035
    -533.700     514.973709
    -533.600     515.089902
    -533.500     515.203014
    -533.400     515.312440
    -533.300     515.417569
    -533.200     515.517791
    -533.100     515.612496
    -533.000     515.701080
    -532.900     515.783091
    -532.800     515.858664
    -532.700     515.928073
    -532.600     515.991584
    -532.500     516.049449
    -532.400     516.101912
    -532.300     516.149198
    -532.200     516.191520
    -532.100     516.229070
    -532.000     516.262023
    -531.900     516.290487
    -531.800     516.314380
    -531.700     516.333580
    -531.600     516.347969
    -531.500     516.357435
    -531.400     516.361875
    -531.300     516.361188
    -531.200     516.355282
    -531.100     516.344070
    -531.000     516.327468
    -530.900     516.305399
    -530.800     516.277787
    -530.700     516.244561
    -530.600     516.205660
    -530.500     516.161032
    -530.400     516.110632
    -530.300     516.054430
    -530.200     515.992405
    -530.100     515.924548
    -530.000     515.850863
    -529.900     515.771324
    -529.800     515.685741
    -529.700     515.593851
    -529.600     515.495355
    -529.500     515.389920
    -529.400     515.277178
    -529.300     515.156718
    -529.200     515.028097
    -529.100     514.890828
    -529.000     514.744388
    -528.900     514.588325
    -528.800     514.422629
    -528.700     514.247441
    -528.600     514.062953
    -528.500     513.869402
    -528.400     513.667078
    -528.300     513.456313
    -528.200     513.237487
    -528.100     513.011023
    -528.000     512.777380
    -527.900     512.536920
    -527.800     512.289476
    -527.700     512.034724
    -527.600     511.772317
    -527.500     511.501885
    -527.400     511.223034
    -527.300     510.935352
    -527.200     510.638411
    -527.100     510.331766
    -527.000     510.014962
    -526.900     509.687617
    -526.800     509.349679
    -526.700     509.001181
    -526.600     508.642160
    -526.500     508.272655
    -526.400     507.892703
    -526.300     507.502342
    -526.200     507.101605
    -526.100     506.690518
    -526.000     506.269103
    -525.900     505.837399
    -525.800     505.395563
    -525.700     504.943809
    -525.600     504.482375
    -525.500     504.011525
    -525.400     503.531548
    -525.300     503.042753
    -525.200     502.545467
    -525.100     502.040033
    -525.000     501.526804
    -524.900     501.006069
    -524.800     500.477816
    -524.700     499.941977
    -524.600     499.398501
    -524.500     498.847359
    -524.400     498.288541
    -524.300     497.722065
    -524.200     497.147969
    -524.100     496.566319
    -524.000     495.977209
    -523.900     495.380805
    -523.800     494.777465
    -523.700     494.167555
    -523.600     493.551396
    -523.500     492.929265
    -523.400     492.301393
    -523.300     491.667963
    -523.200     491.029112
    -523.100     490.384931
    -523.000     489.735462
    -522.900     489.080772
    -522.800     488.421199
    -522.700     487.757230
    -522.600     487.089438
    -522.500     486.418478
    -522.400     485.745081
    -522.300     485.070048
    -522.200     484.394241
    -522.100     483.718581
    -522.000     483.044032
    -521.900     482.371484
    -521.800     481.701358
    -521.700     481.033916
    -521.600     480.369374
    -521.500     479.707907
    -521.400     479.049648
    -521.300     478.394699
    -521.200     477.743123
    -521.100     477.094958
    -521.000     476.450214
    -520.900     475.808968
    -520.800     475.171645
    -520.700     474.538769
    -520.600     473.910874
    -520.500     473.288500
    -520.400     472.672189
    -520.300     472.062489
    -520.200     471.459943
    -520.100     470.865094
    -520.000     470.278483
    -519.900     469.700660
    -519.800     469.132255
    -519.700     468.573936
    -519.600     468.026389
    -519.500     467.490316
    -519.400     466.966429
    -519.300     466.455450
    -519.200     465.958104
    -519.100     465.475115
    -519.000     465.007208
    -518.900     464.555023
    -518.800     464.118873
    -518.700     463.698973
    -518.600     463.295520
    -518.500     462.908689
    -518.400     462.538643
    -518.300     462.185529
    -518.200     461.849483
    -518.100     461.530630
    -518.000     461.229092
    -517.900     460.945027
    -517.800     460.678763
    -517.700     460.430646
    -517.600     460.200994
    -517.500     459.990098
    -517.400     459.798210
    -517.300     459.625552
    -517.200     459.472305
    -517.100     459.338616
    -517.000     459.224597
    -516.900     459.130393
    -516.800     459.056422
    -516.700     459.003193
    -516.600     458.971245
    -516.500     458.961138
    -516.400     458.973457
    -516.300     459.008807
    -516.200     459.067811
    -516.100     459.151109
    -516.000     459.259352
    -515.900     459.393022
    -515.800     459.551861
    -515.700     459.735381
    -515.600     459.943033
    -515.500     460.174218
    -515.400     460.428289
    -515.300     460.704559
    -515.200     461.002310
    -515.100     461.320801
    -515.000     461.659277
    -514.900     462.017166
    -514.800     462.394632
    -514.700     462.792009
    -514.600     463.209609
    -514.500     463.647720
    -514.400     464.106601
    -514.300     464.586475
    -514.200     465.087528
    -514.100     465.609905
    -514.000     466.153702
    -513.900     466.718858
    -513.800     467.304852
    -513.700     467.911053
    -513.600     468.536836
    -513.500     469.181587
    -513.400     469.844706
    -513.300     470.525614
    -513.200     471.223751
    -513.100     471.938588
    -513.000     472.669626
    -512.900     473.416411
    -512.800     474.178534
    -512.700     474.955561
    -512.600     475.747015
    -512.500     476.552384
    -512.400     477.371116
    -512.300     478.202629
    -512.200     479.046311
    -512.100     479.901523
    -512.000     480.767602
    -511.900     481.643855
    -511.800     482.529499
    -511.700     483.423690
    -511.600     484.325540
    -511.500     485.234120
    -511.400     486.148467
    -511.300     487.067588
    -511.200     487.990467
    -511.100     488.916071
    -511.000     489.843358
    -510.900     490.771377
    -510.800     491.699593
    -510.700     492.627617
    -510.600     493.555107
    -510.500     494.481767
    -510.400     495.407340
    -510.300     496.331607
    -510.200     497.254385
    -510.100     498.175515
    -510.000     499.094869
    -509.900     500.012141
    -509.800     500.926233
    -509.700     501.835791
    -509.600     502.739397
    -509.500     503.635586
    -509.400     504.522854
    -509.300     505.399673
    -509.200     506.264500
    -509.100     507.115790
    -509.000     507.952006
    -508.900     508.771823
    -508.800     509.574719
    -508.700     510.360394
    -508.600     511.128574
    -508.500     511.879010
    -508.400     512.611471
    -508.300     513.325742
    -508.200     514.021624
    -508.100     514.698927
    -508.000     515.357469
    -507.900     515.996973
    -507.800     516.616776
    -507.700     517.216143
    -507.600     517.794368
    -507.500     518.350786
    -507.400     518.884771
    -507.300     519.395746
    -507.200     519.883180
    -507.100     520.346595
    -507.000     520.785563
    -506.900     521.199686
    -506.800     521.588512
    -506.700     521.951565
    -506.600     522.288358
    -506.500     522.598401
    -506.400     522.881201
    -506.300     523.136263
    -506.200     523.363095
    -506.100     523.561209
    -506.000     523.730122
    -505.900     523.869430
    -505.800     523.979031
    -505.700     524.058938
    -505.600     524.109214
    -505.500     524.129967
    -505.400     524.121355
    -505.300     524.083575
    -505.200     524.016867
    -505.100     523.921504
    -505.000     523.797792
    -504.900     523.646045
    -504.800     523.466560
    -504.700     523.259651
    -504.600     523.025672
    -504.500     522.765011
    -504.400     522.478091
    -504.300     522.165368
    -504.200     521.827325
    -504.100     521.464475
    -504.000     521.077352
    -503.900     520.666436
    -503.800     520.231941
    -503.700     519.774033
    -503.600     519.292903
    -503.500     518.788769
    -503.400     518.261875
    -503.300     517.712494
    -503.200     517.140930
    -503.100     516.547514
    -503.000     515.932608
    -502.900     515.296693
    -502.800     514.640616
    -502.700     513.965321
    -502.600     513.271756
    -502.500     512.560861
    -502.400     511.833571
    -502.300     511.090803
    -502.200     510.333456
    -502.100     509.562402
    -502.000     508.778479
    -501.900     507.982487
    -501.800     507.175208
    -501.700     506.357491
    -501.600     505.530254
    -501.500     504.694484
    -501.400     503.851228
    -501.300     503.001584
    -501.200     502.146693
    -501.100     501.287734
    -501.000     500.425912
    -500.900     499.562356
    -500.800     498.697813
    -500.700     497.832886
    -500.600     496.968130
    -500.500     496.104055
    -500.400     495.241127
    -500.300     494.379773
    -500.200     493.520383
    -500.100     492.663314
    -500.000     491.808897
    -499.900     490.957568
    -499.800     490.110296
    -499.700     489.268221
    -499.600     488.432518
    -499.500     487.604385
    -499.400     486.785034
    -499.300     485.975684
    -499.200     485.177550
    -499.100     484.391835
    -499.000     483.619721
    -498.900     482.862282
    -498.800     482.120229
    -498.700     481.394174
    -498.600     480.684710
    -498.500     479.992410
    -498.400     479.317822
    -498.300     478.661470
    -498.200     478.023849
    -498.100     477.405426
    -498.000     476.806638
    -497.900     476.227906
    -497.800     475.669695
    -497.700     475.132484
    -497.600     474.616745
    -497.500     474.122951
    -497.400     473.651568
    -497.300     473.203058
    -497.200     472.777880
    -497.100     472.376489
    -497.000     471.999338
    -496.900     471.646873
    -496.800     471.319512
    -496.700     471.017623
    -496.600     470.741519
    -496.500     470.491454
    -496.400     470.267614
    -496.300     470.070121
    -496.200     469.899030
    -496.100     469.754324
    -496.000     469.635923
    -495.900     469.543751
    -495.800     469.477990
    -495.700     469.438925
    -495.600     469.426876
    -495.500     469.442201
    -495.400     469.485293
    -495.300     469.556574
    -495.200     469.656498
    -495.100     469.785547
    -495.000     469.944225
    -494.900     470.132901
    -494.800     470.351308
    -494.700     470.598933
    -494.600     470.875161
    -494.500     471.179282
    -494.400     471.510492
    -494.300     471.867904
    -494.200     472.250554
    -494.100     472.657415
    -494.000     473.087404
    -493.900     473.539566
    -493.800     474.013598
    -493.700     474.509388
    -493.600     475.026848
    -493.500     475.565917
    -493.400     476.126548
    -493.300     476.708706
    -493.200     477.312366
    -493.100     477.937501
    -493.000     478.584084
    -492.900     479.252007
    -492.800     479.940854
    -492.700     480.650095
    -492.600     481.379152
    -492.500     482.127405
    -492.400     482.894193
    -492.300     483.678826
    -492.200     484.480582
    -492.100     485.298715
    -492.000     486.132466
    -491.900     486.980988
    -491.800     487.843146
    -491.700     488.717708
    -491.600     489.603421
    -491.500     490.499023
    -491.400     491.403245
    -491.300     492.314829
    -491.200     493.232530
    -491.100     494.155130
    -491.000     495.081446
    -490.900     496.010473
    -490.800     496.941738
    -490.700     497.874869
    -490.600     498.809458
    -490.500     499.745059
    -490.400     500.681177
    -490.300     501.617276
    -490.200     502.552764
    -490.100     503.487003
    -490.000     504.419294
    -489.900     505.348820
    -489.800     506.274480
    -489.700     507.195135
    -489.600     508.109688
    -489.500     509.017094
    -489.400     509.916358
    -489.300     510.806551
    -489.200     511.686805
    -489.100     512.556327
    -489.000     513.414396
    -488.900     514.260298
    -488.800     515.093063
    -488.700     515.911609
    -488.600     516.714811
    -488.500     517.501507
    -488.400     518.270508
    -488.300     519.020609
    -488.200     519.750596
    -488.100     520.459254
    -488.000     521.145376
    -487.900     521.807904
    -487.800     522.446336
    -487.700     523.060333
    -487.600     523.649590
    -487.500     524.213826
    -487.400     524.752790
    -487.300     525.266254
    -487.200     525.754013
    -487.100     526.215882
    -487.000     526.651693
    -486.900     527.061222
    -486.800     527.443971
    -486.700     527.799404
    -486.600     528.127027
    -486.500     528.426392
    -486.400     528.697103
    -486.300     528.938813
    -486.200     529.151232
    -486.100     529.334123
    -486.000     529.487303
    -485.900     529.610570
    -485.800     529.703465
    -485.700     529.765456
    -485.600     529.796021
    -485.500     529.794646
    -485.400     529.760831
    -485.300     529.694103
    -485.200     529.594009
    -485.100     529.460129
    -485.000     529.292077
    -484.900     529.089677
    -484.800     528.853486
    -484.700     528.584276
    -484.600     528.282850
    -484.500     527.950039
    -484.400     527.586693
    -484.300     527.193680
    -484.200     526.771871
    -484.100     526.322140
    -484.000     525.845349
    -483.900     525.342211
    -483.800     524.812912
    -483.700     524.257562
    -483.600     523.676338
    -483.500     523.069490
    -483.400     522.437341
    -483.300     521.780285
    -483.200     521.098788
    -483.100     520.393384
    -483.000     519.664672
    -482.900     518.913302
    -482.800     518.139912
    -482.700     517.345104
    -482.600     516.529453
    -482.500     515.693502
    -482.400     514.837768
    -482.300     513.962740
    -482.200     513.068885
    -482.100     512.156647
    -482.000     511.226451
    -481.900     510.278841
    -481.800     509.314909
    -481.700     508.335938
    -481.600     507.343267
    -481.500     506.338278
    -481.400     505.322384
    -481.300     504.297017
    -481.200     503.263615
    -481.100     502.223607
    -481.000     501.178400
    -480.900     500.129248
    -480.800     499.076911
    -480.700     498.022040
    -480.600     496.965296
    -480.500     495.907355
    -480.400     494.848906
    -480.300     493.790651
    -480.200     492.733306
    -480.100     491.677602
    -480.000     490.624280
    -479.900     489.574107
    -479.800     488.527897
    -479.700     487.486457
    -479.600     486.450571
    -479.500     485.420996
    -479.400     484.398464
    -479.300     483.383682
    -479.200     482.377325
    -479.100     481.380046
    -479.000     480.392467
    -478.900     479.415278
    -478.800     478.449527
    -478.700     477.496358
    -478.600     476.556912
    -478.500     475.632318
    -478.400     474.723678
    -478.300     473.832056
    -478.200     472.958474
    -478.100     472.103896
    -478.000     471.269226
    -477.900     470.455215
    -477.800     469.662246
    -477.700     468.890635
    -477.600     468.140720
    -477.500     467.412867
    -477.400     466.707466
    -477.300     466.024934
    -477.200     465.365716
    -477.100     464.730283
    -477.000     464.119136
    -476.900     463.532781
    -476.800     462.971626
    -476.700     462.435985
    -476.600     461.926092
    -476.500     461.442090
    -476.400     460.984038
    -476.300     460.551906
    -476.200     460.145576
    -476.100     459.764847
    -476.000     459.409435
    -475.900     459.079126
    -475.800     458.774239
    -475.700     458.495279
    -475.600     458.242792
    -475.500     458.017367
    -475.400     457.819621
    -475.300     457.650205
    -475.200     457.509787
    -475.100     457.399056
    -475.000     457.318710
    -474.900     457.269279
    -474.800     457.250577
    -474.700     457.262176
    -474.600     457.303574
    -474.500     457.374203
    -474.400     457.473428
    -474.300     457.600551
    -474.200     457.754822
    -474.100     457.935443
    -474.000     458.141577
    -473.900     458.372455
    -473.800     458.627680
    -473.700     458.906964
    -473.600     459.210029
    -473.500     459.536608
    -473.400     459.886444
    -473.300     460.259289
    -473.200     460.654901
    -473.100     461.073045
    -473.000     461.513494
    -472.900     461.976034
    -472.800     462.460481
    -472.700     462.966611
    -472.600     463.494149
    -472.500     464.042764
    -472.400     464.612073
    -472.300     465.201641
    -472.200     465.810981
    -472.100     466.439558
    -472.000     467.086795
    -471.900     467.752010
    -471.800     468.434266
    -471.700     469.132585
    -471.600     469.846019
    -471.500     470.573651
    -471.400     471.314604
    -471.300     472.068045
    -471.200     472.833183
    -471.100     473.609283
    -471.000     474.395662
    -470.900     475.191699
    -470.800     475.996794
    -470.700     476.810280
    -470.600     477.631416
    -470.500     478.459391
    -470.400     479.293329
    -470.300     480.132292
    -470.200     480.975295
    -470.100     481.821306
    -470.000     482.669256
    -469.900     483.518139
    -469.800     484.367315
    -469.700     485.216280
    -469.600     486.064577
    -469.500     486.911795
    -469.400     487.757565
    -469.300     488.601556
    -469.200     489.443473
    -469.100     490.283053
    -469.000     491.120061
    -468.900     491.954163
    -468.800     492.784523
    -468.700     493.610158
    -468.600     494.430069
    -468.500     495.243246
    -468.400     496.048680
    -468.300     496.845372
    -468.200     497.632338
    -468.100     498.408620
    -468.000     499.173290
    -467.900     499.925513
    -467.800     500.664700
    -467.700     501.390316
    -467.600     502.101825
    -467.500     502.798691
    -467.400     503.480385
    -467.300     504.146385
    -467.200     504.796182
    -467.100     505.429281
    -467.000     506.045203
    -466.900     506.643537
    -466.800     507.224081
    -466.700     507.786712
    -466.600     508.331343
    -466.500     508.857917
    -466.400     509.366412
    -466.300     509.856836
    -466.200     510.329225
    -466.100     510.783644
    -466.000     511.220186
    -465.900     511.638879
    -465.800     512.039431
    -465.700     512.421471
    -465.600     512.784638
    -465.500     513.128578
    -465.400     513.452955
    -465.300     513.757448
    -465.200     514.041756
    -465.100     514.305598
    -465.000     514.548718
    -464.900     514.770890
    -464.800     514.971970
    -464.700     515.151848
    -464.600     515.310444
    -464.500     515.447709
    -464.400     515.563628
    -464.300     515.658219
    -464.200     515.731537
    -464.100     515.783674
    -464.000     515.814756
    -463.900     515.825050
    -463.800     515.815266
    -463.700     515.786228
    -463.600     515.738763
    -463.500     515.673696
    -463.400     515.591844
    -463.300     515.494013
    -463.200     515.380992
    -463.100     515.253546
    -463.000     515.112410
    -462.900     514.958125
    -462.800     514.790564
    -462.700     514.609478
    -462.600     514.414662
    -462.500     514.205965
    -462.400     513.983289
    -462.300     513.746596
    -462.200     513.495906
    -462.100     513.231302
    -462.000     512.952929
    -461.900     512.661100
    -461.800     512.356590
    -461.700     512.040255
    -461.600     511.712913
    -461.500     511.375343
    -461.400     511.028282
    -461.300     510.672421
    -461.200     510.308402
    -461.100     509.936816
    -461.000     509.558203
    -460.900     509.173055
    -460.800     508.781890
    -460.700     508.385278
    -460.600     507.983836
    -460.500     507.578225
    -460.400     507.169141
    -460.300     506.757310
    -460.200     506.343476
    -460.100     505.928401
    -460.000     505.512850
    -459.900     505.097519
    -459.800     504.682809
    -459.700     504.269029
    -459.600     503.856463
    -459.500     503.445378
    -459.400     503.036020
    -459.300     502.628619
    -459.200     502.223390
    -459.100     501.820536
    -459.000     501.420245
    -458.900     501.022725
    -458.800     500.628295
    -458.700     500.237304
    -458.600     499.850099
    -458.500     499.467028
    -458.400     499.088436
    -458.300     498.714671
    -458.200     498.346082
    -458.100     497.983017
    -458.000     497.625827
    -457.900     497.274952
    -457.800     496.931159
    -457.700     496.595283
    -457.600     496.268135
    -457.500     495.950483
    -457.400     495.643045
    -457.300     495.346474
    -457.200     495.061348
    -457.100     494.788162
    -457.000     494.527322
    -456.900     494.278998
    -456.800     494.042741
    -456.700     493.817986
    -456.600     493.604207
    -456.500     493.400929
    -456.400     493.207733
    -456.300     493.024266
    -456.200     492.850246
    -456.100     492.685465
    -456.000     492.529795
    -455.900     492.383304
    -455.800     492.246534
    -455.700     492.120077
    -455.600     492.004439
    -455.500     491.900035
    -455.400     491.807184
    -455.300     491.726100
    -455.200     491.656896
    -455.100     491.599582
    -455.000     491.554070
    -454.900     491.520174
    -454.800     491.497656
    -454.700     491.486309
    -454.600     491.485972
    -454.500     491.496524
    -454.400     491.517886
    -454.300     491.550013
    -454.200     491.592895
    -454.100     491.646548
    -454.000     491.711015
    -453.900     491.786292
    -453.800     491.872121
    -453.700     491.968150
    -453.600     492.073997
    -453.500     492.189252
    -453.400     492.313481
    -453.300     492.446235
    -453.200     492.587052
    -453.100     492.735464
    -453.000     492.891002
    -452.900     493.053238
    -452.800     493.221873
    -452.700     493.396620
    -452.600     493.577168
    -452.500     493.763179
    -452.400     493.954293
    -452.300     494.150126
    -452.200     494.350273
    -452.100     494.554312
    -452.000     494.761807
    -451.900     494.972377
    -451.800     495.185901
    -451.700     495.402343
    -451.600     495.621677
    -451.500     495.843890
    -451.400     496.068972
    -451.300     496.296918
    -451.200     496.527717
    -451.100     496.761351
    -451.000     496.997787
    -450.900     497.236835
    -450.800     497.477731
    -450.700     497.719566
    -450.600     497.961434
    -450.500     498.202445
    -450.400     498.441736
    -450.300     498.678481
    -450.200     498.911904
    -450.100     499.141290
    -450.000     499.365993
    -449.900     499.585531
    -449.800     499.799796
    -449.700     500.008737
    -449.600     500.212257
    -449.500     500.410220
    -449.400     500.602443
    -449.300     500.788699
    -449.200     500.968718
    -449.100     501.142185
    -449.000     501.308740
    -448.900     501.468016
    -448.800     501.619773
    -448.700     501.763855
    -448.600     501.900168
    -448.500     502.028668
    -448.400     502.149366
    -448.300     502.262314
    -448.200     502.367610
    -448.100     502.465387
    -448.000     502.555807
    -447.900     502.638912
    -447.800     502.714161
    -447.700     502.780846
    -447.600     502.838245
    -447.500     502.885640
    -447.400     502.922320
    -447.300     502.947602
    -447.200     502.960830
    -447.100     502.961394
    -447.000     502.948731
    -446.900     502.922451
    -446.800     502.882687
    -446.700     502.829695
    -446.600     502.763738
    -446.500     502.685071
    -446.400     502.593947
    -446.300     502.490616
    -446.200     502.375315
    -446.100     502.248276
    -446.000     502.109721
    -445.900     501.959856
    -445.800     501.798866
    -445.700     501.626961
    -445.600     501.444371
    -445.500     501.251354
    -445.400     501.048181
    -445.300     500.835137
    -445.200     500.612511
    -445.100     500.380593
    -445.000     500.139667
    -444.900     499.889883
    -444.800     499.630900
    -444.700     499.362277
    -444.600     499.083607
    -444.500     498.794525
    -444.400     498.494714
    -444.300     498.183916
    -444.200     497.861929
    -444.100     497.528619
    -444.000     497.183915
    -443.900     496.827968
    -443.800     496.461570
    -443.700     496.085645
    -443.600     495.701081
    -443.500     495.308719
    -443.400     494.909353
    -443.300     494.503719
    -443.200     494.092488
    -443.100     493.676266
    -443.000     493.255583
    -442.900     492.830833
    -442.800     492.402139
    -442.700     491.969618
    -442.600     491.533450
    -442.500     491.093877
    -442.400     490.651201
    -442.300     490.205774
    -442.200     489.757999
    -442.100     489.308318
    -442.000     488.857206
    -441.900     488.405126
    -441.800     487.952399
    -441.700     487.499287
    -441.600     487.046028
    -441.500     486.592839
    -441.400     486.139923
    -441.300     485.687470
    -441.200     485.235664
    -441.100     484.784686
    -441.000     484.334716
    -440.900     483.886021
    -440.800     483.439176
    -440.700     482.994829
    -440.600     482.553614
    -440.500     482.116142
    -440.400     481.682994
    -440.300     481.254714
    -440.200     480.831797
    -440.100     480.414690
    -440.000     480.003785
    -439.900     479.599438
    -439.800     479.202074
    -439.700     478.812184
    -439.600     478.430301
    -439.500     478.056988
    -439.400     477.692826
    -439.300     477.338401
    -439.200     476.994292
    -439.100     476.661060
    -439.000     476.339235
    -438.900     476.029182
    -438.800     475.730725
    -438.700     475.443536
    -438.600     475.167275
    -438.500     474.901604
    -438.400     474.646203
    -438.300     474.400780
    -438.200     474.165085
    -438.100     473.938921
    -438.000     473.722155
    -437.900     473.514889
    -437.800     473.317916
    -437.700     473.132175
    -437.600     472.958555
    -437.500     472.797876
    -437.400     472.650870
    -437.300     472.518162
    -437.200     472.400261
    -437.100     472.297555
    -437.000     472.210308
    -436.900     472.138566
    -436.800     472.081926
    -436.700     472.039932
    -436.600     472.012190
    -436.500     471.998370
    -436.400     471.998208
    -436.300     472.011504
    -436.200     472.038122
    -436.100     472.077985
    -436.000     472.131078
    -435.900     472.197438
    -435.800     472.277131
    -435.700     472.370169
    -435.600     472.476502
    -435.500     472.596015
    -435.400     472.728537
    -435.300     472.873841
    -435.200     473.031655
    -435.100     473.201672
    -435.000     473.383556
    -434.900     473.576993
    -434.800     473.781804
    -434.700     473.997843
    -434.600     474.224960
    -434.500     474.462997
    -434.400     474.711783
    -434.300     474.971133
    -434.200     475.240844
    -434.100     475.520696
    -434.000     475.810447
    -433.900     476.109862
    -433.800     476.418789
    -433.700     476.737103
    -433.600     477.064678
    -433.500     477.401388
    -433.400     477.747107
    -433.300     478.101704
    -433.200     478.465045
    -433.100     478.836987
    -433.000     479.217377
    -432.900     479.605940
    -432.800     480.001935
    -432.700     480.404470
    -432.600     480.812622
    -432.500     481.225449
    -432.400     481.642013
    -432.300     482.061394
    -432.200     482.482711
    -432.100     482.905135
    -432.000     483.327911
    -431.900     483.750515
    -431.800     484.173085
    -431.700     484.595896
    -431.600     485.019193
    -431.500     485.443175
    -431.400     485.867992
    -431.300     486.293730
    -431.200     486.720405
    -431.100     487.147951
    -431.000     487.576217
    -430.900     488.004878
    -430.800     488.433254
    -430.700     488.860606
    -430.600     489.286230
    -430.500     489.709471
    -430.400     490.129725
    -430.300     490.546454
    -430.200     490.959182
    -430.100     491.367507
    -430.000     491.771095
    -429.900     492.169654
    -429.800     492.562795
    -429.700     492.950074
    -429.600     493.331024
    -429.500     493.705163
    -429.400     494.071999
    -429.300     494.431039
    -429.200     494.781800
    -429.100     495.123811
    -429.000     495.456622
    -428.900     495.779907
    -428.800     496.093748
    -428.700     496.398329
    -428.600     496.693830
    -428.500     496.980425
    -428.400     497.258278
    -428.300     497.527535
    -428.200     497.788328
    -428.100     498.040763
    -428.000     498.284924
    -427.900     498.520790
    -427.800     498.748033
    -427.700     498.966272
    -427.600     499.175149
    -427.500     499.374341
    -427.400     499.563555
    -427.300     499.742535
    -427.200     499.911057
    -427.100     500.068935
    -427.000     500.216014
    -426.900     500.352181
    -426.800     500.477380
    -426.700     500.591591
    -426.600     500.694826
    -426.500     500.787127
    -426.400     500.868573
    -426.300     500.939275
    -426.200     500.999381
    -426.100     501.049072
    -426.000     501.088564
    -425.900     501.118122
    -425.800     501.138088
    -425.700     501.148797
    -425.600     501.150547
    -425.500     501.143602
    -425.400     501.128189
    -425.300     501.104497
    -425.200     501.072674
    -425.100     501.032829
    -425.000     500.985031
    -424.900     500.929327
    -424.800     500.865842
    -424.700     500.794794
    -424.600     500.716483
    -424.500     500.631286
    -424.400     500.539651
    -424.300     500.442095
    -424.200     500.339193
    -424.100     500.231570
    -424.000     500.119894
    -423.900     500.004750
    -423.800     499.886251
    -423.700     499.764349
    -423.600     499.638957
    -423.500     499.509951
    -423.400     499.377184
    -423.300     499.240488
    -423.200     499.099688
    -423.100     498.954605
    -423.000     498.805071
    -422.900     498.651107
    -422.800     498.493464
    -422.700     498.333104
    -422.600     498.171017
    -422.500     498.008199
    -422.400     497.845643
    -422.300     497.684316
    -422.200     497.525147
    -422.100     497.369015
    -422.000     497.216733
    -421.900     497.068886
    -421.800     496.925405
    -421.700     496.786072
    -421.600     496.650689
    -421.500     496.519086
    -421.400     496.391121
    -421.300     496.266690
    -421.200     496.145729
    -421.100     496.028217
    -421.000     495.914182
    -420.900     495.803764
    -420.800     495.697384
    -420.700     495.595517
    -420.600     495.498625
    -420.500     495.407146
    -420.400     495.321500
    -420.300     495.242085
    -420.200     495.169275
    -420.100     495.103422
    -420.000     495.044854
    -419.900     494.993874
    -419.800     494.950757
    -419.700     494.915751
    -419.600     494.889083
    -419.500     494.870949
    -419.400     494.861516
    -419.300     494.860910
    -419.200     494.869222
    -419.100     494.886502
    -419.000     494.912757
    -418.900     494.947989
    -418.800     494.992314
    -418.700     495.045897
    -418.600     495.108924
    -418.500     495.181599
    -418.400     495.264144
    -418.300     495.356796
    -418.200     495.459808
    -418.100     495.573441
    -418.000     495.697969
    -417.900     495.833551
    -417.800     495.979854
    -417.700     496.136397
    -417.600     496.302667
    -417.500     496.478130
    -417.400     496.662228
    -417.300     496.854393
    -417.200     497.054045
    -417.100     497.260608
    -417.000     497.473511
    -416.900     497.692390
    -416.800     497.917652
    -416.700     498.149875
    -416.600     498.389609
    -416.500     498.637368
    -416.400     498.893625
    -416.300     499.158804
    -416.200     499.433276
    -416.100     499.717349
    -416.000     500.011268
    -415.900     500.315039
    -415.800     500.627960
    -415.700     500.949165
    -415.600     501.277804
    -415.500     501.613044
    -415.400     501.954085
    -415.300     502.300158
    -415.200     502.650542
    -415.100     503.004564
    -415.000     503.361611
    -414.900     503.721195
    -414.800     504.083097
    -414.700     504.447129
    -414.600     504.813066
    -414.500     505.180644
    -414.400     505.549564
    -414.300     505.919491
    -414.200     506.290057
    -414.100     506.660865
    -414.000     507.031486
    -413.900     507.401524
    -413.800     507.770785
    -413.700     508.139128
    -413.600     508.506403
    -413.500     508.872454
    -413.400     509.237112
    -413.300     509.600193
    -413.200     509.961495
    -413.100     510.320795
    -413.000     510.677842
    -412.900     511.032276
    -412.800     511.383376
    -412.700     511.730346
    -412.600     512.072403
    -412.500     512.408791
    -412.400     512.738787
    -412.300     513.061708
    -412.200     513.376917
    -412.100     513.683832
    -412.000     513.981928
    -411.900     514.270759
    -411.800     514.549976
    -411.700     514.819228
    -411.600     515.078144
    -411.500     515.326335
    -411.400     515.563399
    -411.300     515.788926
    -411.200     516.002501
    -411.100     516.203711
    -411.000     516.392145
    -410.900     516.567479
    -410.800     516.729697
    -410.700     516.878859
    -410.600     517.015018
    -410.500     517.138210
    -410.400     517.248451
    -410.300     517.345727
    -410.200     517.429992
    -410.100     517.501159
    -410.000     517.559096
    -409.900     517.603518
    -409.800     517.633722
    -409.700     517.648954
    -409.600     517.648528
    -409.500     517.631837
    -409.400     517.598369
    -409.300     517.547706
    -409.200     517.479535
    -409.100     517.393650
    -409.000     517.289951
    -408.900     517.168489
    -408.800     517.029552
    -408.700     516.873439
    -408.600     516.700401
    -408.500     516.510638
    -408.400     516.304303
    -408.300     516.081500
    -408.200     515.842285
    -408.100     515.586668
    -408.000     515.314618
    -407.900     515.026084
    -407.800     514.721089
    -407.700     514.399719
    -407.600     514.062105
    -407.500     513.708424
    -407.400     513.338890
    -407.300     512.953758
    -407.200     512.553315
    -407.100     512.137873
    -407.000     511.707767
    -406.900     511.263322
    -406.800     510.804767
    -406.700     510.332332
    -406.600     509.846276
    -406.500     509.346886
    -406.400     508.834480
    -406.300     508.309408
    -406.200     507.772050
    -406.100     507.222813
    -406.000     506.662135
    -405.900     506.090438
    -405.800     505.508003
    -405.700     504.915063
    -405.600     504.311836
    -405.500     503.698529
    -405.400     503.075341
    -405.300     502.442462
    -405.200     501.800073
    -405.100     501.148353
    -405.000     500.487481
    -404.900     499.817770
    -404.800     499.140099
    -404.700     498.455515
    -404.600     497.765088
    -404.500     497.069906
    -404.400     496.371059
    -404.300     495.669628
    -404.200     494.966677
    -404.100     494.263233
    -404.000     493.560282
    -403.900     492.858585
    -403.800     492.158180
    -403.700     491.458941
    -403.600     490.760761
    -403.500     490.063554
    -403.400     489.367269
    -403.300     488.671891
    -403.200     487.977455
    -403.100     487.284046
    -403.000     486.591811
    -402.900     485.901091
    -402.800     485.212774
    -402.700     484.527870
    -402.600     483.847367
    -402.500     483.172222
    -402.400     482.503356
    -402.300     481.841636
    -402.200     481.187878
    -402.100     480.542834
    -402.000     479.907188
    -401.900     479.281516
    -401.800     478.666203
    -401.700     478.061591
    -401.600     477.468020
    -401.500     476.885824
    -401.400     476.315328
    -401.300     475.756847
    -401.200     475.210682
    -401.100     474.677116
    -401.000     474.156417
    -400.900     473.648835
    -400.800     473.154644
    -400.700     472.674140
    -400.600     472.207643
    -400.500     471.755493
    -400.400     471.318051
    -400.300     470.895701
    -400.200     470.488846
    -400.100     470.097913
    -400.000     469.723345
    -399.900     469.365551
    -399.800     469.024709
    -399.700     468.700893
    -399.600     468.394123
    -399.500     468.104369
    -399.400     467.831546
    -399.300     467.575520
    -399.200     467.336113
    -399.100     467.113101
    -399.000     466.906224
    -398.900     466.715321
    -398.800     466.540750
    -398.700     466.383003
    -398.600     466.242570
    -398.500     466.119929
    -398.400     466.015543
    -398.300     465.929855
    -398.200     465.863279
    -398.100     465.816198
    -398.000     465.788958
    -397.900     465.781700
    -397.800     465.793873
    -397.700     465.824749
    -397.600     465.873600
    -397.500     465.939702
    -397.400     466.022340
    -397.300     466.120812
    -397.200     466.234439
    -397.100     466.362566
    -397.000     466.504570
    -396.900     466.659989
    -396.800     466.828881
    -396.700     467.011409
    -396.600     467.207713
    -396.500     467.417906
    -396.400     467.642072
    -396.300     467.880265
    -396.200     468.132508
    -396.100     468.398794
    -396.000     468.679082
    -395.900     468.973237
    -395.800     469.280842
    -395.700     469.601379
    -395.600     469.934292
    -395.500     470.278989
    -395.400     470.634846
    -395.300     471.001210
    -395.200     471.377408
    -395.100     471.762747
    -395.000     472.156522
    -394.900     472.558044
    -394.800     472.966722
    -394.700     473.382025
    -394.600     473.803468
    -394.500     474.230609
    -394.400     474.663054
    -394.300     475.100452
    -394.200     475.542501
    -394.100     475.988944
    -394.000     476.439572
    -393.900     476.894172
    -393.800     477.352345
    -393.700     477.813587
    -393.600     478.277339
    -393.500     478.742983
    -393.400     479.209859
    -393.300     479.677262
    -393.200     480.144454
    -393.100     480.610670
    -393.000     481.075124
    -392.900     481.537113
    -392.800     481.996326
    -392.700     482.452576
    -392.600     482.905696
    -392.500     483.355542
    -392.400     483.801983
    -392.300     484.244899
    -392.200     484.684172
    -392.100     485.119687
    -392.000     485.551322
    -391.900     485.978825
    -391.800     486.401467
    -391.700     486.818421
    -391.600     487.228894
    -391.500     487.632143
    -391.400     488.027484
    -391.300     488.414305
    -391.200     488.792073
    -391.100     489.160341
    -391.000     489.518755
    -390.900     489.867112
    -390.800     490.205486
    -390.700     490.533975
    -390.600     490.852627
    -390.500     491.161441
    -390.400     491.460363
    -390.300     491.749289
    -390.200     492.028061
    -390.100     492.296470
    -390.000     492.554257
    -389.900     492.801144
    -389.800     493.036956
    -389.700     493.261593
    -389.600     493.475010
    -389.500     493.677215
    -389.400     493.868269
    -389.300     494.048283
    -389.200     494.217414
    -389.100     494.375860
    -389.000     494.523859
    -388.900     494.661606
    -388.800     494.789038
    -388.700     494.906034
    -388.600     495.012490
    -388.500     495.108324
    -388.400     495.193476
    -388.300     495.267913
    -388.200     495.331632
    -388.100     495.384657
    -388.000     495.427044
    -387.900     495.458909
    -387.800     495.480515
    -387.700     495.492158
    -387.600     495.494140
    -387.500     495.486770
    -387.400     495.470359
    -387.300     495.445221
    -387.200     495.411675
    -387.100     495.370043
    -387.000     495.320647
    -386.900     495.263854
    -386.800     495.200195
    -386.700     495.130231
    -386.600     495.054504
    -386.500     494.973535
    -386.400     494.887819
    -386.300     494.797821
    -386.200     494.703971
    -386.100     494.606664
    -386.000     494.506252
    -385.900     494.402963
    -385.800     494.296702
    -385.700     494.187362
    -385.600     494.074915
    -385.500     493.959414
    -385.400     493.840993
    -385.300     493.719869
    -385.200     493.596339
    -385.100     493.470782
    -385.000     493.343652
    -384.900     493.215541
    -384.800     493.087291
    -384.700     492.959733
    -384.600     492.833603
    -384.500     492.709546
    -384.400     492.588110
    -384.300     492.469742
    -384.200     492.354788
    -384.100     492.243490
    -384.000     492.135986
    -383.900     492.032335
    -383.800     491.932655
    -383.700     491.837141
    -383.600     491.746045
    -383.500     491.659676
    -383.400     491.578390
    -383.300     491.502591
    -383.200     491.432721
    -383.100     491.369256
    -383.000     491.312704
    -382.900     491.263513
    -382.800     491.221816
    -382.700     491.187644
    -382.600     491.161012
    -382.500     491.141918
    -382.400     491.130353
    -382.300     491.126304
    -382.200     491.129759
    -382.100     491.140711
    -382.000     491.159160
    -381.900     491.185200
    -381.800     491.219236
    -381.700     491.261712
    -381.600     491.313023
    -381.500     491.373508
    -381.400     491.443446
    -381.300     491.523051
    -381.200     491.612474
    -381.100     491.711798
    -381.000     491.821043
    -380.900     491.940164
    -380.800     492.069071
    -380.700     492.207670
    -380.600     492.355870
    -380.500     492.513581
    -380.400     492.680704
    -380.300     492.857132
    -380.200     493.042746
    -380.100     493.237413
    -380.000     493.440980
    -379.900     493.653252
    -379.800     493.873929
    -379.700     494.102709
    -379.600     494.339323
    -379.500     494.583538
    -379.400     494.835168
    -379.300     495.094074
    -379.200     495.360168
    -379.100     495.633418
    -379.000     495.913847
    -378.900     496.201520
    -378.800     496.496448
    -378.700     496.798534
    -378.600     497.107577
    -378.500     497.423268
    -378.400     497.745199
    -378.300     498.072869
    -378.200     498.405696
    -378.100     498.743033
    -378.000     499.084182
    -377.900     499.428485
    -377.800     499.775570
    -377.700     500.125199
    -377.600     500.477199
    -377.500     500.831454
    -377.400     501.187904
    -377.300     501.546528
    -377.200     501.907340
    -377.100     502.270378
    -377.000     502.635689
    -376.900     503.003174
    -376.800     503.372137
    -376.700     503.741709
    -376.600     504.111017
    -376.500     504.479197
    -376.400     504.845415
    -376.300     505.208891
    -376.200     505.568915
    -376.100     505.924868
    -376.000     506.276233
    -375.900     506.622685
    -375.800     506.964253
    -375.700     507.301028
    -375.600     507.633068
    -375.500     507.960400
    -375.400     508.283001
    -375.300     508.600803
    -375.200     508.913675
    -375.100     509.221418
    -375.000     509.523759
    -374.900     509.820261
    -374.800     510.110137
    -374.700     510.392574
    -374.600     510.666832
    -374.500     510.932266
    -374.400     511.188336
    -374.300     511.434618
    -374.200     511.670807
    -374.100     511.896715
    -374.000     512.112270
    -373.900     512.317458
    -373.800     512.512161
    -373.700     512.696195
    -373.600     512.869361
    -373.500     513.031456
    -373.400     513.182288
    -373.300     513.321691
    -373.200     513.449529
    -373.100     513.565708
    -373.000     513.670174
    -372.900     513.762905
    -372.800     513.843844
    -372.700     513.912882
    -372.600     513.969871
    -372.500     514.014623
    -372.400     514.046912
    -372.300     514.066484
    -372.200     514.073048
    -372.100     514.066289
    -372.000     514.045864
    -371.900     514.011490
    -371.800     513.963240
    -371.700     513.901330
    -371.600     513.826052
    -371.500     513.737776
    -371.400     513.636942
    -371.300     513.524061
    -371.200     513.399695
    -371.100     513.264449
    -371.000     513.118944
    -370.900     512.963621
    -370.800     512.798186
    -370.700     512.622170
    -370.600     512.435124
    -370.500     512.236637
    -370.400     512.026352
    -370.300     511.803976
    -370.200     511.569296
    -370.100     511.322192
    -370.000     511.062649
    -369.900     510.790884
    -369.800     510.507677
    -369.700     510.213948
    -369.600     509.910617
    -369.500     509.598595
    -369.400     509.278762
    -369.300     508.951959
    -369.200     508.618968
    -369.100     508.280497
    -369.000     507.937171
    -368.900     507.589395
    -368.800     507.237045
    -368.700     506.879905
    -368.600     506.517805
    -368.500     506.150628
    -368.400     505.778320
    -368.300     505.400889
    -368.200     505.018418
    -368.100     504.631060
    -368.000     504.239048
    -367.900     503.842728
    -367.800     503.442649
    -367.700     503.039430
    -367.600     502.633717
    -367.500     502.226180
    -367.400     501.817508
    -367.300     501.408403
    -367.200     500.999582
    -367.100     500.591766
    -367.000     500.185683
    -366.900     499.782016
    -366.800     499.381238
    -366.700     498.983737
    -366.600     498.589853
    -366.500     498.199870
    -366.400     497.814011
    -366.300     497.432428
    -366.200     497.055199
    -366.100     496.682324
    -366.000     496.313724
    -365.900     495.949317
    -365.800     495.589305
    -365.700     495.234021
    -365.600     494.883868
    -365.500     494.539319
    -365.400     494.200910
    -365.300     493.869242
    -365.200     493.544976
    -365.100     493.228831
    -365.000     492.921576
    -364.900     492.623906
    -364.800     492.336050
    -364.700     492.058074
    -364.600     491.790000
    -364.500     491.531802
    -364.400     491.283414
    -364.300     491.044731
    -364.200     490.815617
    -364.100     490.595911
    -364.000     490.385436
    -363.900     490.184112
    -363.800     489.992286
    -363.700     489.810380
    -363.600     489.638783
    -363.500     489.477840
    -363.400     489.327848
    -363.300     489.189048
    -363.200     489.061629
    -363.100     488.945716
    -363.000     488.841376
    -362.900     488.748587
    -362.800     488.667201
    -362.700     488.597052
    -362.600     488.537995
    -362.500     488.489901
    -362.400     488.452658
    -362.300     488.426169
    -362.200     488.410358
    -362.100     488.405161
    -362.000     488.410532
    -361.900     488.426397
    -361.800     488.452522
    -361.700     488.488618
    -361.600     488.534384
    -361.500     488.589511
    -361.400     488.653683
    -361.300     488.726584
    -361.200     488.807902
    -361.100     488.897334
    -361.000     488.994592
    -360.900     489.099463
    -360.800     489.211933
    -360.700     489.331974
    -360.600     489.459475
    -360.500     489.594241
    -360.400     489.735995
    -360.300     489.884376
    -360.200     490.038942
    -360.100     490.199168
    -360.000     490.364451
    -359.900     490.534127
    -359.800     490.707579
    -359.700     490.884264
    -359.600     491.063708
    -359.500     491.245509
    -359.400     491.429337
    -359.300     491.614936
    -359.200     491.802125
    -359.100     491.990796
    -359.000     492.180917
    -358.900     492.372431
    -358.800     492.564926
    -358.700     492.757835
    -358.600     492.950523
    -358.500     493.142296
    -358.400     493.332405
    -358.300     493.520062
    -358.200     493.704439
    -358.100     493.884683
    -358.000     494.059918
    -357.900     494.229385
    -357.800     494.392814
    -357.700     494.550070
    -357.600     494.701026
    -357.500     494.845556
    -357.400     494.983531
    -357.300     495.114812
    -357.200     495.239251
    -357.100     495.356680
    -357.000     495.466909
    -356.900     495.569644
    -356.800     495.664259
    -356.700     495.750069
    -356.600     495.826424
    -356.500     495.892718
    -356.400     495.948390
    -356.300     495.992938
    -356.200     496.025912
    -356.100     496.046925
    -356.000     496.055651
    -355.900     496.051832
    -355.800     496.035283
    -355.700     496.005835
    -355.600     495.963320
    -355.500     495.907577
    -355.400     495.838457
    -355.300     495.755821
    -355.200     495.659548
    -355.100     495.549536
    -355.000     495.425703
    -354.900     495.288006
    -354.800     495.136476
    -354.700     494.971144
    -354.600     494.792017
    -354.500     494.599078
    -354.400     494.392281
    -354.300     494.171548
    -354.200     493.936768
    -354.100     493.687793
    -354.000     493.424437
    -353.900     493.146504
    -353.800     492.853912
    -353.700     492.546706
    -353.600     492.225038
    -353.500     491.889171
    -353.400     491.539475
    -353.300     491.176426
    -353.200     490.800597
    -353.100     490.412649
    -353.000     490.013322
    -352.900     489.603307
    -352.800     489.182858
    -352.700     488.752081
    -352.600     488.311044
    -352.500     487.859782
    -352.400     487.398302
    -352.300     486.926591
    -352.200     486.444619
    -352.100     485.952348
    -352.000     485.449738
    -351.900     484.936909
    -351.800     484.414603
    -351.700     483.883752
    -351.600     483.345316
    -351.500     482.800272
    -351.400     482.249606
    -351.300     481.694301
    -351.200     481.135323
    -351.100     480.573611
    -351.000     480.010065
    -350.900     479.445405
    -350.800     478.879798
    -350.700     478.313320
    -350.600     477.746095
    -350.500     477.178301
    -350.400     476.610169
    -350.300     476.041992
    -350.200     475.474123
    -350.100     474.906977
    -350.000     474.341037
    -349.900     473.776922
    -349.800     473.215570
    -349.700     472.657987
    -349.600     472.105169
    -349.500     471.558090
    -349.400     471.017696
    -349.300     470.484899
    -349.200     469.960566
    -349.100     469.445513
    -349.000     468.940504
    -348.900     468.446191
    -348.800     467.962992
    -348.700     467.491266
    -348.600     467.031364
    -348.500     466.583630
    -348.400     466.148400
    -348.300     465.725998
    -348.200     465.316739
    -348.100     464.920925
    -348.000     464.538846
    -347.900     464.170841
    -347.800     463.817499
    -347.700     463.479507
    -347.600     463.157587
    -347.500     462.852493
    -347.400     462.565005
    -347.300     462.295925
    -347.200     462.046073
    -347.100     461.816285
    -347.000     461.607406
    -346.900     461.420178
    -346.800     461.254885
    -346.700     461.111651
    -346.600     460.990557
    -346.500     460.891629
    -346.400     460.814847
    -346.300     460.760147
    -346.200     460.727417
    -346.100     460.716507
    -346.000     460.727231
    -345.900     460.759496
    -345.800     460.813701
    -345.700     460.890363
    -345.600     460.989994
    -345.500     461.113085
    -345.400     461.260107
    -345.300     461.431501
    -345.200     461.627675
    -345.100     461.849000
    -345.000     462.095803
    -344.900     462.368273
    -344.800     462.666185
    -344.700     462.989220
    -344.600     463.337064
    -344.500     463.709414
    -344.400     464.105978
    -344.300     464.526478
    -344.200     464.970655
    -344.100     465.438264
    -344.000     465.929087
    -343.900     466.442953
    -343.800     466.979816
    -343.700     467.539612
    -343.600     468.122223
    -343.500     468.727481
    -343.400     469.355164
    -343.300     470.004998
    -343.200     470.676661
    -343.100     471.369789
    -343.000     472.083973
    -342.900     472.818792
    -342.800     473.573885
    -342.700     474.348883
    -342.600     475.143389
    -342.500     475.956977
    -342.400     476.789189
    -342.300     477.639541
    -342.200     478.507517
    -342.100     479.392574
    -342.000     480.294143
    -341.900     481.211615
    -341.800     482.144303
    -341.700     483.091501
    -341.600     484.052501
    -341.500     485.026599
    -341.400     486.013094
    -341.300     487.011293
    -341.200     488.020513
    -341.100     489.040085
    -341.000     490.069357
    -340.900     491.107703
    -340.800     492.154522
    -340.700     493.209199
    -340.600     494.271091
    -340.500     495.339533
    -340.400     496.413836
    -340.300     497.493297
    -340.200     498.577194
    -340.100     499.664794
    -340.000     500.755353
    -339.900     501.848113
    -339.800     502.942256
    -339.700     504.036899
    -339.600     505.131106
    -339.500     506.223886
    -339.400     507.314202
    -339.300     508.400972
    -339.200     509.483075
    -339.100     510.559354
    -339.000     511.628620
    -338.900     512.689730
    -338.800     513.741824
    -338.700     514.784172
    -338.600     515.816107
    -338.500     516.837030
    -338.400     517.846414
    -338.300     518.843808
    -338.200     519.828834
    -338.100     520.801191
    -338.000     521.760656
    -337.900     522.706975
    -337.800     523.639472
    -337.700     524.557307
    -337.600     525.459566
    -337.500     526.345273
    -337.400     527.213390
    -337.300     528.062823
    -337.200     528.892423
    -337.100     529.700994
    -337.000     530.487296
    -336.900     531.250163
    -336.800     531.988893
    -336.700     532.702936
    -336.600     533.391792
    -336.500     534.055012
    -336.400     534.692197
    -336.300     535.302999
    -336.200     535.887124
    -336.100     536.444327
    -336.000     536.974413
    -335.900     537.477175
    -335.800     537.952197
    -335.700     538.399020
    -335.600     538.817206
    -335.500     539.206337
    -335.400     539.566021
    -335.300     539.895892
    -335.200     540.195614
    -335.100     540.464882
    -335.000     540.703421
    -334.900     540.911000
    -334.800     541.087468
    -334.700     541.232707
    -334.600     541.346621
    -334.500     541.429137
    -334.400     541.480208
    -334.300     541.499815
    -334.200     541.487964
    -334.100     541.444693
    -334.000     541.370064
    -333.900     541.264160
    -333.800     541.127040
    -333.700     540.958749
    -333.600     540.759320
    -333.500     540.528774
    -333.400     540.267117
    -333.300     539.974342
    -333.200     539.650427
    -333.100     539.295331
    -333.000     538.909000
    -332.900     538.491436
    -332.800     538.042972
    -332.700     537.564126
    -332.600     537.055534
    -332.500     536.517947
    -332.400     535.952226
    -332.300     535.359336
    -332.200     534.740335
    -332.100     534.096366
    -332.000     533.428641
    -331.900     532.738288
    -331.800     532.025854
    -331.700     531.291673
    -331.600     530.536013
    -331.500     529.759074
    -331.400     528.961002
    -331.300     528.141889
    -331.200     527.301787
    -331.100     526.440708
    -331.000     525.558637
    -330.900     524.655706
    -330.800     523.732718
    -330.700     522.790711
    -330.600     521.830781
    -330.500     520.854080
    -330.400     519.861803
    -330.300     518.855176
    -330.200     517.835445
    -330.100     516.803865
    -330.000     515.761687
    -329.900     514.710061
    -329.800     513.649776
    -329.700     512.581554
    -329.600     511.506134
    -329.500     510.424276
    -329.400     509.336756
    -329.300     508.244368
    -329.200     507.147921
    -329.100     506.048239
    -329.000     504.946155
    -328.900     503.842500
    -328.800     502.738062
    -328.700     501.633601
    -328.600     500.529861
    -328.500     499.427570
    -328.400     498.327435
    -328.300     497.230147
    -328.200     496.136378
    -328.100     495.046782
    -328.000     493.961996
    -327.900     492.882714
    -327.800     491.809923
    -327.700     490.744673
    -327.600     489.688002
    -327.500     488.640924
    -327.400     487.604422
    -327.300     486.579441
    -327.200     485.566881
    -327.100     484.567590
    -327.000     483.582362
    -326.900     482.611884
    -326.800     481.656644
    -326.700     480.717113
    -326.600     479.793803
    -326.500     478.887264
    -326.400     477.998084
    -326.300     477.126895
    -326.200     476.274364
    -326.100     475.441203
    -326.000     474.628163
    -325.900     473.836011
    -325.800     473.065434
    -325.700     472.317033
    -325.600     471.591341
    -325.500     470.888810
    -325.400     470.209819
    -325.300     469.554665
    -325.200     468.923566
    -325.100     468.316665
    -325.000     467.734027
    -324.900     467.175721
    -324.800     466.642069
    -324.700     466.133470
    -324.600     465.650327
    -324.500     465.193046
    -324.400     464.762029
    -324.300     464.357672
    -324.200     463.980359
    -324.100     463.630461
    -324.000     463.308333
    -323.900     463.014261
    -323.800     462.748325
    -323.700     462.510561
    -323.600     462.301009
    -323.500     462.119721
    -323.400     461.966758
    -323.300     461.842194
    -323.200     461.746120
    -323.100     461.678642
    -323.000     461.639886
    -322.900     461.629970
    -322.800     461.648873
    -322.700     461.696473
    -322.600     461.772568
    -322.500     461.876876
    -322.400     462.009038
    -322.300     462.168622
    -322.200     462.355128
    -322.100     462.567993
    -322.000     462.806601
    -321.900     463.070379
    -321.800     463.359071
    -321.700     463.672508
    -321.600     464.010516
    -321.500     464.372917
    -321.400     464.759524
    -321.300     465.170140
    -321.200     465.604553
    -321.100     466.062537
    -321.000     466.543848
    -320.900     467.048159
    -320.800     467.574887
    -320.700     468.123402
    -320.600     468.693097
    -320.500     469.283388
    -320.400     469.893724
    -320.300     470.523586
    -320.200     471.172492
    -320.100     471.840000
    -320.000     472.525714
    -319.900     473.229231
    -319.800     473.949944
    -319.700     474.687095
    -319.600     475.439814
    -319.500     476.207130
    -319.400     476.987978
    -319.300     477.781205
    -319.200     478.585581
    -319.100     479.399812
    -319.000     480.222548
    -318.900     481.052526
    -318.800     481.888982
    -318.700     482.731329
    -318.600     483.579030
    -318.500     484.431595
    -318.400     485.288579
    -318.300     486.149579
    -318.200     487.014228
    -318.100     487.882198
    -318.000     488.753189
    -317.900     489.626802
    -317.800     490.502130
    -317.700     491.378110
    -317.600     492.253660
    -317.500     493.127685
    -317.400     493.999085
    -317.300     494.866766
    -317.200     495.729645
    -317.100     496.586657
    -317.000     497.436766
    -316.900     498.279000
    -316.800     499.112531
    -316.700     499.936542
    -316.600     500.750194
    -316.500     501.552628
    -316.400     502.342970
    -316.300     503.120336
    -316.200     503.883837
    -316.100     504.632577
    -316.000     505.365667
    -315.900     506.082265
    -315.800     506.781725
    -315.700     507.463467
    -315.600     508.126939
    -315.500     508.771613
    -315.400     509.396985
    -315.300     510.002576
    -315.200     510.587931
    -315.100     511.152617
    -315.000     511.696220
    -314.900     512.218287
    -314.800     512.718147
    -314.700     513.195116
    -314.600     513.648560
    -314.500     514.077913
    -314.400     514.482677
    -314.300     514.862432
    -314.200     515.216842
    -314.100     515.545657
    -314.000     515.848715
    -313.900     516.125920
    -313.800     516.377125
    -313.700     516.602115
    -313.600     516.800625
    -313.500     516.972329
    -313.400     517.116847
    -313.300     517.233742
    -313.200     517.322523
    -313.100     517.382647
    -313.000     517.413517
    -312.900     517.414607
    -312.800     517.385856
    -312.700     517.327425
    -312.600     517.239596
    -312.500     517.122771
    -312.400     516.977469
    -312.300     516.804323
    -312.200     516.604070
    -312.100     516.377542
    -312.000     516.125656
    -311.900     515.849250
    -311.800     515.548593
    -311.700     515.223792
    -311.600     514.874937
    -311.500     514.502102
    -311.400     514.105357
    -311.300     513.684767
    -311.200     513.240398
    -311.100     512.772322
    -311.000     512.280622
    -310.900     511.765486
    -310.800     511.227484
    -310.700     510.667307
    -310.600     510.085679
    -310.500     509.483348
    -310.400     508.861083
    -310.300     508.219672
    -310.200     507.559909
    -310.100     506.882594
    -310.000     506.188525
    -309.900     505.478479
    -309.800     504.753199
    -309.700     504.013439
    -309.600     503.259972
    -309.500     502.493590
    -309.400     501.715100
    -309.300     500.925317
    -309.200     500.125065
    -309.100     499.315166
    -309.000     498.496444
    -308.900     497.669682
    -308.800     496.835564
    -308.700     495.994800
    -308.600     495.148154
    -308.500     494.296445
    -308.400     493.440540
    -308.300     492.581354
    -308.200     491.719839
    -308.100     490.856985
    -308.000     489.993808
    -307.900     489.131338
    -307.800     488.270531
    -307.700     487.412266
    -307.600     486.557356
    -307.500     485.706540
    -307.400     484.860487
    -307.300     484.019794
    -307.200     483.184985
    -307.100     482.356511
    -307.000     481.534748
    -306.900     480.720069
    -306.800     479.913092
    -306.700     479.114568
    -306.600     478.325319
    -306.500     477.546232
    -306.400     476.778253
    -306.300     476.022380
    -306.200     475.279655
    -306.100     474.551159
    -306.000     473.838005
    -305.900     473.141251
    -305.800     472.461631
    -305.700     471.799766
    -305.600     471.156233
    -305.500     470.531568
    -305.400     469.926262
    -305.300     469.340760
    -305.200     468.775461
    -305.100     468.230714
    -305.000     467.706822
    -304.900     467.204070
    -304.800     466.722820
    -304.700     466.263443
    -304.600     465.826292
    -304.500     465.411693
    -304.400     465.019949
    -304.300     464.651330
    -304.200     464.306077
    -304.100     463.984396
    -304.000     463.686460
    -303.900     463.412441
    -303.800     463.162642
    -303.700     462.937419
    -303.600     462.737145
    -303.500     462.562212
    -303.400     462.413024
    -303.300     462.289999
    -303.200     462.193565
    -303.100     462.124155
    -303.000     462.082211
    -302.900     462.068115
    -302.800     462.081978
    -302.700     462.123807
    -302.600     462.193558
    -302.500     462.291136
    -302.400     462.416397
    -302.300     462.569145
    -302.200     462.749137
    -302.100     462.956084
    -302.000     463.189655
    -301.900     463.449498
    -301.800     463.735319
    -301.700     464.046831
    -301.600     464.383736
    -301.500     464.745722
    -301.400     465.132465
    -301.300     465.543630
    -301.200     465.978867
    -301.100     466.437816
    -301.000     466.920107
    -300.900     467.425424
    -300.800     467.953686
    -300.700     468.504854
    -300.600     469.078865
    -300.500     469.675633
    -300.400     470.295044
    -300.300     470.936954
    -300.200     471.601192
    -300.100     472.287554
    -300.000     472.995804
    -299.900     473.725577
    -299.800     474.476088
    -299.700     475.246450
    -299.600     476.035779
    -299.500     476.843199
    -299.400     477.667846
    -299.300     478.508873
    -299.200     479.365455
    -299.100     480.236794
    -299.000     481.122126
    -298.900     482.020789
    -298.800     482.932396
    -298.700     483.856559
    -298.600     484.792818
    -298.500     485.740634
    -298.400     486.699399
    -298.300     487.668430
    -298.200     488.646977
    -298.100     489.634223
    -298.000     490.629290
    -297.900     491.631247
    -297.800     492.639172
    -297.700     493.652185
    -297.600     494.669451
    -297.500     495.690186
    -297.400     496.713650
    -297.300     497.739158
    -297.200     498.766072
    -297.100     499.793808
    -297.000     500.821838
    -296.900     501.849659
    -296.800     502.876681
    -296.700     503.902258
    -296.600     504.925701
    -296.500     505.946284
    -296.400     506.963250
    -296.300     507.975807
    -296.200     508.983137
    -296.100     509.984392
    -296.000     510.978705
    -295.900     511.965165
    -295.800     512.942770
    -295.700     513.910488
    -295.600     514.867289
    -295.500     515.812146
    -295.400     516.744046
    -295.300     517.661994
    -295.200     518.565025
    -295.100     519.452205
    -295.000     520.322641
    -294.900     521.175578
    -294.800     522.010673
    -294.700     522.827692
    -294.600     523.626414
    -294.500     524.406624
    -294.400     525.168112
    -294.300     525.910670
    -294.200     526.634088
    -294.100     527.338151
    -294.000     528.022638
    -293.900     528.687207
    -293.800     529.331076
    -293.700     529.953373
    -293.600     530.553260
    -293.500     531.129944
    -293.400     531.682678
    -293.300     532.210776
    -293.200     532.713615
    -293.100     533.190641
    -293.000     533.641373
    -292.900     534.065460
    -292.800     534.462804
    -292.700     534.833335
    -292.600     535.176945
    -292.500     535.493492
    -292.400     535.782789
    -292.300     536.044614
    -292.200     536.278700
    -292.100     536.484741
    -292.000     536.662391
    -291.900     536.811300
    -291.800     536.931263
    -291.700     537.022193
    -291.600     537.084093
    -291.500     537.117060
    -291.400     537.121288
    -291.300     537.097063
    -291.200     537.044765
    -291.100     536.964861
    -291.000     536.857900
    -290.900     536.724441
    -290.800     536.564799
    -290.700     536.379203
    -290.600     536.167854
    -290.500     535.930931
    -290.400     535.668594
    -290.300     535.380984
    -290.200     535.068228
    -290.100     534.730440
    -290.000     534.367728
    -289.900     533.980200
    -289.800     533.568005
    -289.700     533.131315
    -289.600     532.670320
    -289.500     532.185227
    -289.400     531.676260
    -289.300     531.143655
    -289.200     530.587663
    -289.100     530.008546
    -289.000     529.406575
    -288.900     528.782134
    -288.800     528.136038
    -288.700     527.469257
    -288.600     526.782806
    -288.500     526.077746
    -288.400     525.355175
    -288.300     524.616221
    -288.200     523.862034
    -288.100     523.093778
    -288.000     522.312623
    -287.900     521.519578
    -287.800     520.715021
    -287.700     519.899170
    -287.600     519.072235
    -287.500     518.234430
    -287.400     517.385971
    -287.300     516.527086
    -287.200     515.658011
    -287.100     514.779002
    -287.000     513.890333
    -286.900     512.992387
    -286.800     512.085904
    -286.700     511.171690
    -286.600     510.250527
    -286.500     509.323170
    -286.400     508.390342
    -286.300     507.452731
    -286.200     506.510991
    -286.100     505.565736
    -286.000     504.617541
    -285.900     503.666988
    -285.800     502.714856
    -285.700     501.762029
    -285.600     500.809439
    -285.500     499.858065
    -285.400     498.908920
    -285.300     497.963045
    -285.200     497.021502
    -285.100     496.085359
    -285.000     495.155689
    -284.900     494.233412
    -284.800     493.318859
    -284.700     492.412180
    -284.600     491.513490
    -284.500     490.622876
    -284.400     489.740399
    -284.300     488.866101
    -284.200     488.000006
    -284.100     487.142131
    -284.000     486.292483
    -283.900     485.451182
    -283.800     484.618811
    -283.700     483.796058
    -283.600     482.983602
    -283.500     482.182099
    -283.400     481.392184
    -283.300     480.614466
    -283.200     479.849519
    -283.100     479.097886
    -283.000     478.360067
    -282.900     477.636518
    -282.800     476.927633
    -282.700     476.233809
    -282.600     475.555460
    -282.500     474.893012
    -282.400     474.246897
    -282.300     473.617553
    -282.200     473.005418
    -282.100     472.410927
    -282.000     471.834510
    -281.900     471.276502
    -281.800     470.736867
    -281.700     470.215464
    -281.600     469.712134
    -281.500     469.226702
    -281.400     468.758982
    -281.300     468.308780
    -281.200     467.875896
    -281.100     467.460126
    -281.000     467.061267
    -280.900     466.679209
    -280.800     466.314200
    -280.700     465.966546
    -280.600     465.636511
    -280.500     465.324315
    -280.400     465.030127
    -280.300     464.754063
    -280.200     464.496186
    -280.100     464.256501
    -280.000     464.034958
    -279.900     463.831439
    -279.800     463.645762
    -279.700     463.477773
    -279.600     463.327370
    -279.500     463.194500
    -279.400     463.079159
    -279.300     462.981389
    -279.200     462.901278
    -279.100     462.838960
    -279.000     462.794607
    -278.900     462.768366
    -278.800     462.760122
    -278.700     462.769643
    -278.600     462.796631
    -278.500     462.840728
    -278.400     462.901518
    -278.300     462.978530
    -278.200     463.071244
    -278.100     463.179094
    -278.000     463.301478
    -277.900     463.437809
    -277.800     463.587688
    -277.700     463.750777
    -277.600     463.926747
    -277.500     464.115280
    -277.400     464.316068
    -277.300     464.528807
    -277.200     464.753203
    -277.100     464.988963
    -277.000     465.235798
    -276.900     465.493485
    -276.800     465.762043
    -276.700     466.041564
    -276.600     466.332142
    -276.500     466.633879
    -276.400     466.946880
    -276.300     467.271250
    -276.200     467.607090
    -276.100     467.954500
    -276.000     468.313568
    -275.900     468.684215
    -275.800     469.065697
    -275.700     469.457092
    -275.600     469.857466
    -275.500     470.265874
    -275.400     470.681378
    -275.300     471.103044
    -275.200     471.529958
    -275.100     471.961228
    -275.000     472.395996
    -274.900     472.833615
    -274.800     473.274159
    -274.700     473.717855
    -274.600     474.164909
    -274.500     474.615494
    -274.400     475.069753
    -274.300     475.527791
    -274.200     475.989671
    -274.100     476.455413
    -274.000     476.924988
    -273.900     477.398240
    -273.800     477.874694
    -273.700     478.353839
    -273.600     478.835215
    -273.500     479.318414
    -273.400     479.803083
    -273.300     480.288924
    -273.200     480.775698
    -273.100     481.263228
    -273.000     481.751394
    -272.900     482.240112
    -272.800     482.729202
    -272.700     483.218414
    -272.600     483.707448
    -272.500     484.195955
    -272.400     484.683542
    -272.300     485.169770
    -272.200     485.654161
    -272.100     486.136197
    -272.000     486.615325
    -271.900     487.091024
    -271.800     487.563011
    -271.700     488.031087
    -271.600     488.495081
    -271.500     488.954848
    -271.400     489.410273
    -271.300     489.861268
    -271.200     490.307772
    -271.100     490.749757
    -271.000     491.187221
    -270.900     491.620210
    -270.800     492.048861
    -270.700     492.473332
    -270.600     492.893781
    -270.500     493.310370
    -270.400     493.723252
    -270.300     494.132579
    -270.200     494.538494
    -270.100     494.941131
    -270.000     495.340613
    -269.900     495.736925
    -269.800     496.129545
    -269.700     496.517814
    -269.600     496.901072
    -269.500     497.278662
    -269.400     497.649932
    -269.300     498.014247
    -269.200     498.370985
    -269.100     498.719551
    -269.000     499.059373
    -268.900     499.390072
    -268.800     499.711929
    -268.700     500.025383
    -268.600     500.330862
    -268.500     500.628777
    -268.400     500.919523
    -268.300     501.203471
    -268.200     501.480970
    -268.100     501.752339
    -268.000     502.017870
    -267.900     502.277736
    -267.800     502.531763
    -267.700     502.779714
    -267.600     503.021390
    -267.500     503.256628
    -267.400     503.485304
    -267.300     503.707334
    -267.200     503.922673
    -267.100     504.131317
    -267.000     504.333303
    -266.900     504.528658
    -266.800     504.717236
    -266.700     504.898816
    -266.600     505.073142
    -266.500     505.239928
    -266.400     505.398855
    -266.300     505.549578
    -266.200     505.691723
    -266.100     505.824894
    -266.000     505.948671
    -265.900     506.062728
    -265.800     506.167179
    -265.700     506.262266
    -265.600     506.348250
    -265.500     506.425406
    -265.400     506.494024
    -265.300     506.554407
    -265.200     506.606862
    -265.100     506.651703
    -265.000     506.689247
    -264.900     506.719732
    -264.800     506.743104
    -264.700     506.759246
    -264.600     506.768057
    -264.500     506.769456
    -264.400     506.763376
    -264.300     506.749774
    -264.200     506.728622
    -264.100     506.699913
    -264.000     506.663659
    -263.900     506.619876
    -263.800     506.568525
    -263.700     506.509534
    -263.600     506.442815
    -263.500     506.368261
    -263.400     506.285750
    -263.300     506.195145
    -263.200     506.096295
    -263.100     505.989036
    -263.000     505.873193
    -262.900     505.748629
    -262.800     505.615398
    -262.700     505.473608
    -262.600     505.323381
    -262.500     505.164844
    -262.400     504.998133
    -262.300     504.823385
    -262.200     504.640742
    -262.100     504.450347
    -262.000     504.252338
    -261.900     504.046878
    -261.800     503.834235
    -261.700     503.614740
    -261.600     503.388764
    -261.500     503.156712
    -261.400     502.919024
    -261.300     502.676170
    -261.200     502.428648
    -261.100     502.176976
    -261.000     501.921695
    -260.900     501.663211
    -260.800     501.401338
    -260.700     501.135698
    -260.600     500.865867
    -260.500     500.591382
    -260.400     500.311746
    -260.300     500.026434
    -260.200     499.734897
    -260.100     499.436570
    -260.000     499.130881
    -259.900     498.817477
    -259.800     498.496940
    -259.700     498.170126
    -259.600     497.837940
    -259.500     497.501327
    -259.400     497.161260
    -259.300     496.818734
    -259.200     496.474755
    -259.100     496.130328
    -259.000     495.786451
    -258.900     495.443925
    -258.800     495.102813
    -258.700     494.762993
    -258.600     494.424338
    -258.500     494.086727
    -258.400     493.750042
    -258.300     493.414175
    -258.200     493.079032
    -258.100     492.744534
    -258.000     492.410623
    -257.900     492.077332
    -257.800     491.744983
    -257.700     491.413959
    -257.600     491.084633
    -257.500     490.757360
    -257.400     490.432484
    -257.300     490.110329
    -257.200     489.791203
    -257.100     489.475396
    -257.000     489.163178
    -256.900     488.854826
    -256.800     488.550712
    -256.700     488.251243
    -256.600     487.956841
    -256.500     487.667936
    -256.400     487.384968
    -256.300     487.108381
    -256.200     486.838627
    -256.100     486.576157
    -256.000     486.321426
    -255.900     486.074886
    -255.800     485.836971
    -255.700     485.608114
    -255.600     485.388746
    -255.500     485.179294
    -255.400     484.980182
    -255.300     484.791827
    -255.200     484.614642
    -255.100     484.449029
    -255.000     484.295382
    -254.900     484.154009
    -254.800     484.024879
    -254.700     483.907867
    -254.600     483.802832
    -254.500     483.709619
    -254.400     483.628062
    -254.300     483.557983
    -254.200     483.499202
    -254.100     483.451532
    -254.000     483.414786
    -253.900     483.388936
    -253.800     483.374586
    -253.700     483.372496
    -253.600     483.383416
    -253.500     483.408089
    -253.400     483.447239
    -253.300     483.501573
    -253.200     483.571776
    -253.100     483.658506
    -253.000     483.762393
    -252.900     483.883890
    -252.800     484.022836
    -252.700     484.178920
    -252.600     484.351828
    -252.500     484.541251
    -252.400     484.746885
    -252.300     484.968436
    -252.200     485.205620
    -252.100     485.458171
    -252.000     485.725842
    -251.900     486.008469
    -251.800     486.306143
    -251.700     486.618979
    -251.600     486.947046
    -251.500     487.290365
    -251.400     487.648913
    -251.300     488.022619
    -251.200     488.411367
    -251.100     488.814997
    -251.000     489.233309
    -250.900     489.666083
    -250.800     490.113176
    -250.700     490.574474
    -250.600     491.049873
    -250.500     491.539282
    -250.400     492.042622
    -250.300     492.559820
    -250.200     493.090816
    -250.100     493.635554
    -250.000     494.193987
    -249.900     494.766032
    -249.800     495.351440
    -249.700     495.949889
    -249.600     496.561034
    -249.500     497.184500
    -249.400     497.819893
    -249.300     498.466796
    -249.200     499.124776
    -249.100     499.793385
    -249.000     500.472166
    -248.900     501.160615
    -248.800     501.858073
    -248.700     502.563810
    -248.600     503.277070
    -248.500     503.997069
    -248.400     504.723004
    -248.300     505.454056
    -248.200     506.189395
    -248.100     506.928186
    -248.000     507.669596
    -247.900     508.412899
    -247.800     509.157783
    -247.700     509.904035
    -247.600     510.651432
    -247.500     511.399743
    -247.400     512.148721
    -247.300     512.898102
    -247.200     513.647604
    -247.100     514.396918
    -247.000     515.145711
    -246.900     515.893515
    -246.800     516.639432
    -246.700     517.382460
    -246.600     518.121606
    -246.500     518.855892
    -246.400     519.584361
    -246.300     520.306088
    -246.200     521.020178
    -246.100     521.725782
    -246.000     522.422093
    -245.900     523.108363
    -245.800     523.783883
    -245.700     524.447914
    -245.600     525.099677
    -245.500     525.738357
    -245.400     526.363100
    -245.300     526.973020
    -245.200     527.567198
    -245.100     528.144688
    -245.000     528.704516
    -244.900     529.245743
    -244.800     529.767666
    -244.700     530.269672
    -244.600     530.751185
    -244.500     531.211670
    -244.400     531.650634
    -244.300     532.067626
    -244.200     532.462240
    -244.100     532.834114
    -244.000     533.182930
    -243.900     533.508376
    -243.800     533.810018
    -243.700     534.087388
    -243.600     534.340020
    -243.500     534.567449
    -243.400     534.769215
    -243.300     534.944858
    -243.200     535.093923
    -243.100     535.215958
    -243.000     535.310511
    -242.900     535.377051
    -242.800     535.414711
    -242.700     535.422555
    -242.600     535.399677
    -242.500     535.345200
    -242.400     535.258282
    -242.300     535.138124
    -242.200     534.983972
    -242.100     534.795119
    -242.000     534.570909
    -241.900     534.310936
    -241.800     534.015643
    -241.700     533.685706
    -241.600     533.321837
    -241.500     532.924770
    -241.400     532.495264
    -241.300     532.034091
    -241.200     531.542036
    -241.100     531.019886
    -241.000     530.468425
    -240.900     529.888217
    -240.800     529.278986
    -240.700     528.640279
    -240.600     527.971682
    -240.500     527.272821
    -240.400     526.543373
    -240.300     525.783059
    -240.200     524.991654
    -240.100     524.168985
    -240.000     523.314933
    -239.900     522.429553
    -239.800     521.513434
    -239.700     520.567316
    -239.600     519.591969
    -239.500     518.588183
    -239.400     517.556770
    -239.300     516.498558
    -239.200     515.414383
    -239.100     514.305088
    -239.000     513.171515
    -238.900     512.014516
    -238.800     510.835011
    -238.700     509.633960
    -238.600     508.412348
    -238.500     507.171178
    -238.400     505.911468
    -238.300     504.634245
    -238.200     503.340537
    -238.100     502.031371
    -238.000     500.707762
    -237.900     499.370675
    -237.800     498.020935
    -237.700     496.659389
    -237.600     495.286940
    -237.500     493.904549
    -237.400     492.513229
    -237.300     491.114036
    -237.200     489.708074
    -237.100     488.296478
    -237.000     486.880417
    -236.900     485.461047
    -236.800     484.039374
    -236.700     482.616327
    -236.600     481.192789
    -236.500     479.769600
    -236.400     478.347557
    -236.300     476.927412
    -236.200     475.509880
    -236.100     474.095636
    -236.000     472.685319
    -235.900     471.279704
    -235.800     469.880241
    -235.700     468.488605
    -235.600     467.106519
    -235.500     465.735738
    -235.400     464.378035
    -235.300     463.035183
    -235.200     461.708941
    -235.100     460.401037
    -235.000     459.113158
    -234.900     457.846746
    -234.800     456.602453
    -234.700     455.380723
    -234.600     454.181993
    -234.500     453.006696
    -234.400     451.855259
    -234.300     450.728116
    -234.200     449.625706
    -234.100     448.548476
    -234.000     447.496889
    -233.900     446.471518
    -233.800     445.473324
    -233.700     444.503337
    -233.600     443.562552
    -233.500     442.651920
    -233.400     441.772344
    -233.300     440.924675
    -233.200     440.109709
    -233.100     439.328182
    -233.000     438.580773
    -232.900     437.868131
    -232.800     437.190994
    -232.700     436.550128
    -232.600     435.946299
    -232.500     435.380266
    -232.400     434.852771
    -232.300     434.364539
    -232.200     433.916273
    -232.100     433.508644
    -232.000     433.142295
    -231.900     432.817759
    -231.800     432.535226
    -231.700     432.294787
    -231.600     432.096513
    -231.500     431.940452
    -231.400     431.826631
    -231.300     431.755059
    -231.200     431.725729
    -231.100     431.738619
    -231.000     431.793693
    -230.900     431.890906
    -230.800     432.030180
    -230.700     432.211390
    -230.600     432.434366
    -230.500     432.698888
    -230.400     433.004691
    -230.300     433.351463
    -230.200     433.738850
    -230.100     434.166459
    -230.000     434.633864
    -229.900     435.140735
    -229.800     435.687230
    -229.700     436.273617
    -229.600     436.900139
    -229.500     437.567012
    -229.400     438.274423
    -229.300     439.022519
    -229.200     439.811409
    -229.100     440.641159
    -229.000     441.511785
    -228.900     442.423058
    -228.800     443.373910
    -228.700     444.363044
    -228.600     445.389143
    -228.500     446.450874
    -228.400     447.546904
    -228.300     448.675905
    -228.200     449.836568
    -228.100     451.027612
    -228.000     452.247800
    -227.900     453.496081
    -227.800     454.771946
    -227.700     456.074949
    -227.600     457.404561
    -227.500     458.760165
    -227.400     460.141058
    -227.300     461.546451
    -227.200     462.975470
    -227.100     464.427157
    -227.000     465.900474
    -226.900     467.394328
    -226.800     468.907680
    -226.700     470.439529
    -226.600     471.988899
    -226.500     473.554843
    -226.400     475.136436
    -226.300     476.732786
    -226.200     478.343026
    -226.100     479.966321
    -226.000     481.601864
    -225.900     483.248752
    -225.800     484.905567
    -225.700     486.570706
    -225.600     488.242507
    -225.500     489.919264
    -225.400     491.599235
    -225.300     493.280659
    -225.200     494.961764
    -225.100     496.640784
    -225.000     498.315966
    -224.900     499.985694
    -224.800     501.648805
    -224.700     503.304228
    -224.600     504.950872
    -224.500     506.587632
    -224.400     508.213391
    -224.300     509.827019
    -224.200     511.427382
    -224.100     513.013344
    -224.000     514.583769
    -223.900     516.137556
    -223.800     517.673742
    -223.700     519.191409
    -223.600     520.689656
    -223.500     522.167593
    -223.400     523.624348
    -223.300     525.059060
    -223.200     526.470882
    -223.100     527.858979
    -223.000     529.222526
    -222.900     530.560572
    -222.800     531.871644
    -222.700     533.154144
    -222.600     534.406504
    -222.500     535.627196
    -222.400     536.814746
    -222.300     537.967751
    -222.200     539.084882
    -222.100     540.164902
    -222.000     541.206669
    -221.900     542.209274
    -221.800     543.172392
    -221.700     544.095823
    -221.600     544.979346
    -221.500     545.822716
    -221.400     546.625664
    -221.300     547.387894
    -221.200     548.109081
    -221.100     548.788872
    -221.000     549.426885
    -220.900     550.022709
    -220.800     550.575945
    -220.700     551.086277
    -220.600     551.553480
    -220.500     551.977427
    -220.400     552.358089
    -220.300     552.695532
    -220.200     552.989921
    -220.100     553.241510
    -220.000     553.450641
    -219.900     553.617605
    -219.800     553.742232
    -219.700     553.824224
    -219.600     553.863287
    -219.500     553.859136
    -219.400     553.811495
    -219.300     553.720107
    -219.200     553.584733
    -219.100     553.405162
    -219.000     553.181211
    -218.900     552.912880
    -218.800     552.600809
    -218.700     552.245835
    -218.600     551.848838
    -218.500     551.410736
    -218.400     550.932481
    -218.300     550.415053
    -218.200     549.859452
    -218.100     549.266692
    -218.000     548.637792
    -217.900     547.973718
    -217.800     547.275234
    -217.700     546.543098
    -217.600     545.778113
    -217.500     544.981131
    -217.400     544.153045
    -217.300     543.294789
    -217.200     542.407332
    -217.100     541.491674
    -217.000     540.548840
    -216.900     539.579820
    -216.800     538.585391
    -216.700     537.566294
    -216.600     536.523286
    -216.500     535.457139
    -216.400     534.368646
    -216.300     533.258611
    -216.200     532.127858
    -216.100     530.977225
    -216.000     529.807561
    -215.900     528.619793
    -215.800     527.415102
    -215.700     526.194737
    -215.600     524.959943
    -215.500     523.711964
    -215.400     522.452028
    -215.300     521.181349
    -215.200     519.901119
    -215.100     518.612502
    -215.000     517.316632
    -214.900     516.014647
    -214.800     514.707848
    -214.700     513.397617
    -214.600     512.085373
    -214.500     510.772564
    -214.400     509.460657
    -214.300     508.151127
    -214.200     506.845448
    -214.100     505.545083
    -214.000     504.251474
    -213.900     502.965872
    -213.800     501.688841
    -213.700     500.420751
    -213.600     499.161940
    -213.500     497.912727
    -213.400     496.673412
    -213.300     495.444285
    -213.200     494.225630
    -213.100     493.017733
    -213.000     491.820885
    -212.900     490.635590
    -212.800     489.463175
    -212.700     488.305177
    -212.600     487.163130
    -212.500     486.038549
    -212.400     484.932920
    -212.300     483.847688
    -212.200     482.784247
    -212.100     481.743933
    -212.000     480.728011
    -211.900     479.737538
    -211.800     478.772961
    -211.700     477.834573
    -211.600     476.922657
    -211.500     476.037482
    -211.400     475.179306
    -211.300     474.348377
    -211.200     473.544932
    -211.100     472.769196
    -211.000     472.021387
    -210.900     471.301764
    -210.800     470.610778
    -210.700     469.948916
    -210.600     469.316642
    -210.500     468.714400
    -210.400     468.142609
    -210.300     467.601662
    -210.200     467.091928
    -210.100     466.613749
    -210.000     466.167439
    -209.900     465.753283
    -209.800     465.371500
    -209.700     465.022274
    -209.600     464.705757
    -209.500     464.422071
    -209.400     464.171303
    -209.300     463.953509
    -209.200     463.768710
    -209.100     463.616895
    -209.000     463.498024
    -208.900     463.412078
    -208.800     463.359231
    -208.700     463.339688
    -208.600     463.353633
    -208.500     463.401231
    -208.400     463.482617
    -208.300     463.597901
    -208.200     463.747165
    -208.100     463.930462
    -208.000     464.147817
    -207.900     464.399097
    -207.800     464.683641
    -207.700     465.000630
    -207.600     465.349223
    -207.500     465.728555
    -207.400     466.137748
    -207.300     466.575909
    -207.200     467.042144
    -207.100     467.535557
    -207.000     468.055262
    -206.900     468.600547
    -206.800     469.171331
    -206.700     469.767666
    -206.600     470.389575
    -206.500     471.037048
    -206.400     471.710040
    -206.300     472.408466
    -206.200     473.132202
    -206.100     473.881084
    -206.000     474.654901
    -205.900     475.453276
    -205.800     476.275307
    -205.700     477.119934
    -205.600     477.986071
    -205.500     478.872606
    -205.400     479.778411
    -205.300     480.702348
    -205.200     481.643277
    -205.100     482.600062
    -205.000     483.571580
    -204.900     484.556772
    -204.800     485.554766
    -204.700     486.564734
    -204.600     487.585845
    -204.500     488.617270
    -204.400     489.658181
    -204.300     490.707759
    -204.200     491.765190
    -204.100     492.829674
    -204.000     493.900423
    -203.900     494.976640
    -203.800     496.057423
    -203.700     497.141796
    -203.600     498.228732
    -203.500     499.317156
    -203.400     500.405954
    -203.300     501.493976
    -203.200     502.580041
    -203.100     503.662945
    -203.000     504.741463
    -202.900     505.814422
    -202.800     506.880894
    -202.700     507.940047
    -202.600     508.991083
    -202.500     510.033242
    -202.400     511.065800
    -202.300     512.088072
    -202.200     513.099410
    -202.100     514.099206
    -202.000     515.086886
    -201.900     516.061778
    -201.800     517.022664
    -201.700     517.968164
    -201.600     518.896874
    -201.500     519.807381
    -201.400     520.698269
    -201.300     521.568133
    -201.200     522.415589
    -201.100     523.239282
    -201.000     524.037891
    -200.900     524.810284
    -200.800     525.555919
    -200.700     526.274422
    -200.600     526.965435
    -200.500     527.628625
    -200.400     528.263676
    -200.300     528.870294
    -200.200     529.448206
    -200.100     529.997153
    -200.000     530.516899
    -199.900     531.007154
    -199.800     531.467382
    -199.700     531.897001
    -199.600     532.295453
    -199.500     532.662207
    -199.400     532.996760
    -199.300     533.298640
    -199.200     533.567403
    -199.100     533.802634
    -199.000     534.003947
    -198.900     534.170928
    -198.800     534.302972
    -198.700     534.399461
    -198.600     534.459832
    -198.500     534.483583
    -198.400     534.470279
    -198.300     534.419558
    -198.200     534.331135
    -198.100     534.204801
    -198.000     534.040429
    -197.900     533.838073
    -197.800     533.598246
    -197.700     533.321564
    -197.600     533.008638
    -197.500     532.660068
    -197.400     532.276439
    -197.300     531.858323
    -197.200     531.406272
    -197.100     530.920819
    -197.000     530.402473
    -196.900     529.851680
    -196.800     529.268735
    -196.700     528.653962
    -196.600     528.007754
    -196.500     527.330579
    -196.400     526.622975
    -196.300     525.885546
    -196.200     525.118957
    -196.100     524.323929
    -196.000     523.501234
    -195.900     522.651598
    -195.800     521.775442
    -195.700     520.873120
    -195.600     519.945003
    -195.500     518.991487
    -195.400     518.012986
    -195.300     517.009944
    -195.200     515.982826
    -195.100     514.932130
    -195.000     513.858377
    -194.900     512.762277
    -194.800     511.645174
    -194.700     510.508582
    -194.600     509.354022
    -194.500     508.183011
    -194.400     506.997058
    -194.300     505.797648
    -194.200     504.586239
    -194.100     503.364251
    -194.000     502.133051
    -193.900     500.893838
    -193.800     499.647332
    -193.700     498.394165
    -193.600     497.135008
    -193.500     495.870565
    -193.400     494.601574
    -193.300     493.328805
    -193.200     492.053060
    -193.100     490.775167
    -193.000     489.495981
    -192.900     488.216394
    -192.800     486.937368
    -192.700     485.659889
    -192.600     484.384948
    -192.500     483.113540
    -192.400     481.846659
    -192.300     480.585296
    -192.200     479.330434
    -192.100     478.083047
    -192.000     476.844096
    -191.900     475.614564
    -191.800     474.395572
    -191.700     473.188246
    -191.600     471.993677
    -191.500     470.812912
    -191.400     469.646947
    -191.300     468.496723
    -191.200     467.363119
    -191.100     466.246951
    -191.000     465.148964
    -190.900     464.069839
    -190.800     463.010257
    -190.700     461.970951
    -190.600     460.952701
    -190.500     459.956331
    -190.400     458.982701
    -190.300     458.032703
    -190.200     457.107254
    -190.100     456.207290
    -190.000     455.333764
    -189.900     454.487510
    -189.800     453.668845
    -189.700     452.877907
    -189.600     452.114782
    -189.500     451.379503
    -189.400     450.672060
    -189.300     449.992398
    -189.200     449.340428
    -189.100     448.716026
    -189.000     448.119042
    -188.900     447.549506
    -188.800     447.008248
    -188.700     446.496298
    -188.600     446.014671
    -188.500     445.564360
    -188.400     445.146321
    -188.300     444.761466
    -188.200     444.410653
    -188.100     444.094682
    -188.000     443.814286
    -187.900     443.569952
    -187.800     443.361408
    -187.700     443.188201
    -187.600     443.049881
    -187.500     442.946006
    -187.400     442.876142
    -187.300     442.839868
    -187.200     442.836772
    -187.100     442.866461
    -187.000     442.928557
    -186.900     443.022767
    -186.800     443.149081
    -186.700     443.307528
    -186.600     443.498104
    -186.500     443.720774
    -186.400     443.975470
    -186.300     444.262090
    -186.200     444.580504
    -186.100     444.930552
    -186.000     445.312049
    -185.900     445.724804
    -185.800     446.168672
    -185.700     446.643485
    -185.600     447.149038
    -185.500     447.685080
    -185.400     448.251314
    -185.300     448.847399
    -185.200     449.472946
    -185.100     450.127520
    -185.000     450.810642
    -184.900     451.521788
    -184.800     452.260386
    -184.700     453.025870
    -184.600     453.817692
    -184.500     454.635315
    -184.400     455.478223
    -184.300     456.345912
    -184.200     457.237900
    -184.100     458.153718
    -184.000     459.092920
    -183.900     460.054987
    -183.800     461.039045
    -183.700     462.044084
    -183.600     463.069045
    -183.500     464.112827
    -183.400     465.174292
    -183.300     466.252276
    -183.200     467.345593
    -183.100     468.453051
    -183.000     469.573453
    -182.900     470.705797
    -182.800     471.849807
    -182.700     473.005383
    -182.600     474.172404
    -182.500     475.350726
    -182.400     476.540176
    -182.300     477.740544
    -182.200     478.951581
    -182.100     480.172988
    -182.000     481.404413
    -181.900     482.645271
    -181.800     483.894243
    -181.700     485.149835
    -181.600     486.410565
    -181.500     487.674978
    -181.400     488.941654
    -181.300     490.209222
    -181.200     491.476369
    -181.100     492.741853
    -181.000     494.004509
    -180.900     495.263337
    -180.800     496.517673
    -180.700     497.766901
    -180.600     499.010360
    -180.500     500.247353
    -180.400     501.477147
    -180.300     502.698973
    -180.200     503.912030
    -180.100     505.115491
    -180.000     506.308498
    -179.900     507.490241
    -179.800     508.660158
    -179.700     509.817771
    -179.600     510.962610
    -179.500     512.094221
    -179.400     513.212159
    -179.300     514.315985
    -179.200     515.405267
    -179.100     516.479574
    -179.000     517.538478
    -178.900     518.581429
    -178.800     519.607399
    -178.700     520.615257
    -178.600     521.603892
    -178.500     522.572232
    -178.400     523.519242
    -178.300     524.443943
    -178.200     525.345411
    -178.100     526.222791
    -178.000     527.075294
    -177.900     527.902289
    -177.800     528.703510
    -177.700     529.478774
    -177.600     530.227896
    -177.500     530.950692
    -177.400     531.646975
    -177.300     532.316563
    -177.200     532.959278
    -177.100     533.574947
    -177.000     534.163403
    -176.900     534.724497
    -176.800     535.258117
    -176.700     535.764163
    -176.600     536.242534
    -176.500     536.693127
    -176.400     537.115834
    -176.300     537.510542
    -176.200     537.877132
    -176.100     538.215475
    -176.000     538.525430
    -175.900     538.806815
    -175.800     539.059347
    -175.700     539.282777
    -175.600     539.476940
    -175.500     539.641753
    -175.400     539.777225
    -175.300     539.883450
    -175.200     539.960614
    -175.100     540.008993
    -175.000     540.028945
    -174.900     540.020878
    -174.800     539.985092
    -174.700     539.921815
    -174.600     539.831227
    -174.500     539.713462
    -174.400     539.568611
    -174.300     539.396723
    -174.200     539.197810
    -174.100     538.971850
    -174.000     538.718790
    -173.900     538.438678
    -173.800     538.132086
    -173.700     537.799770
    -173.600     537.442551
    -173.500     537.061307
    -173.400     536.656970
    -173.300     536.230514
    -173.200     535.782953
    -173.100     535.315330
    -173.000     534.828707
    -172.900     534.323990
    -172.800     533.801417
    -172.700     533.261046
    -172.600     532.702931
    -172.500     532.127122
    -172.400     531.533671
    -172.300     530.922637
    -172.200     530.294086
    -172.100     529.648098
    -172.000     528.984774
    -171.900     528.304349
    -171.800     527.607540
    -171.700     526.895213
    -171.600     526.168257
    -171.500     525.427581
    -171.400     524.674111
    -171.300     523.908782
    -171.200     523.132536
    -171.100     522.346307
    -171.000     521.551028
    -170.900     520.747586
    -170.800     519.936738
    -170.700     519.119189
    -170.600     518.295618
    -170.500     517.466674
    -170.400     516.632980
    -170.300     515.795129
    -170.200     514.953682
    -170.100     514.109169
    -170.000     513.262086
    -169.900     512.412870
    -169.800     511.561835
    -169.700     510.709315
    -169.600     509.855687
    -169.500     509.001380
    -169.400     508.146866
    -169.300     507.292664
    -169.200     506.439334
    -169.100     505.587478
    -169.000     504.737738
    -168.900     503.890787
    -168.800     503.047283
    -168.700     502.207834
    -168.600     501.372992
    -168.500     500.543255
    -168.400     499.719068
    -168.300     498.900816
    -168.200     498.088830
    -168.100     497.283384
    -168.000     496.484698
    -167.900     495.693013
    -167.800     494.908867
    -167.700     494.132900
    -167.600     493.365778
    -167.500     492.608187
    -167.400     491.860827
    -167.300     491.124404
    -167.200     490.399632
    -167.100     489.687218
    -167.000     488.987866
    -166.900     488.302139
    -166.800     487.630075
    -166.700     486.971572
    -166.600     486.326514
    -166.500     485.694776
    -166.400     485.076227
    -166.300     484.470733
    -166.200     483.878158
    -166.100     483.298366
    -166.000     482.731226
    -165.900     482.176703
    -165.800     481.635139
    -165.700     481.106962
    -165.600     480.592590
    -165.500     480.092431
    -165.400     479.606877
    -165.300     479.136307
    -165.200     478.681082
    -165.100     478.241546
    -165.000     477.818023
    -164.900     477.410806
    -164.800     477.020101
    -164.700     476.646078
    -164.600     476.288874
    -164.500     475.948598
    -164.400     475.625321
    -164.300     475.319082
    -164.200     475.029877
    -164.100     474.757667
    -164.000     474.502371
    -163.900     474.263836
    -163.800     474.041757
    -163.700     473.835821
    -163.600     473.645748
    -163.500     473.471291
    -163.400     473.312238
    -163.300     473.168416
    -163.200     473.039686
    -163.100     472.925947
    -163.000     472.827135
    -162.900     472.743250
    -162.800     472.674399
    -162.700     472.620676
    -162.600     472.582131
    -162.500     472.558767
    -162.400     472.550543
    -162.300     472.557372
    -162.200     472.579124
    -162.100     472.615630
    -162.000     472.666678
    -161.900     472.732046
    -161.800     472.811579
    -161.700     472.905142
    -161.600     473.012601
    -161.500     473.133821
    -161.400     473.268663
    -161.300     473.416987
    -161.200     473.578648
    -161.100     473.753496
    -161.000     473.941374
    -160.900     474.142076
    -160.800     474.355208
    -160.700     474.580343
    -160.600     474.817062
    -160.500     475.064958
    -160.400     475.323639
    -160.300     475.592727
    -160.200     475.871863
    -160.100     476.160707
    -160.000     476.458937
    -159.900     476.766288
    -159.800     477.082615
    -159.700     477.407785
    -159.600     477.741640
    -159.500     478.084000
    -159.400     478.434661
    -159.300     478.793398
    -159.200     479.159964
    -159.100     479.534095
    -159.000     479.915508
    -158.900     480.303918
    -158.800     480.699081
    -158.700     481.100761
    -158.600     481.508707
    -158.500     481.922663
    -158.400     482.342361
    -158.300     482.767522
    -158.200     483.197861
    -158.100     483.633083
    -158.000     484.072883
    -157.900     484.516912
    -157.800     484.964675
    -157.700     485.415668
    -157.600     485.869412
    -157.500     486.325461
    -157.400     486.783404
    -157.300     487.242867
    -157.200     487.703514
    -157.100     488.165051
    -157.000     488.627229
    -156.900     489.089844
    -156.800     489.552723
    -156.700     490.015655
    -156.600     490.478384
    -156.500     490.940606
    -156.400     491.401975
    -156.300     491.862102
    -156.200     492.320555
    -156.100     492.776863
    -156.000     493.230518
    -155.900     493.681038
    -155.800     494.128174
    -155.700     494.571772
    -155.600     495.011703
    -155.500     495.447872
    -155.400     495.880211
    -155.300     496.308681
    -155.200     496.733267
    -155.100     497.153979
    -155.000     497.570849
    -154.900     497.983815
    -154.800     498.392363
    -154.700     498.795858
    -154.600     499.193657
    -154.500     499.585119
    -154.400     499.969603
    -154.300     500.346482
    -154.200     500.715139
    -154.100     501.074977
    -154.000     501.425419
    -153.900     501.766007
    -153.800     502.096670
    -153.700     502.417434
    -153.600     502.728325
    -153.500     503.029373
    -153.400     503.320604
    -153.300     503.602048
    -153.200     503.873734
    -153.100     504.135689
    -153.000     504.387941
    -152.900     504.630479
    -152.800     504.863144
    -152.700     505.085729
    -152.600     505.298012
    -152.500     505.499759
    -152.400     505.690715
    -152.300     505.870610
    -152.200     506.039152
    -152.100     506.196026
    -152.000     506.340897
    -151.900     506.473383
    -151.800     506.593037
    -151.700     506.699446
    -151.600     506.792266
    -151.500     506.871224
    -151.400     506.936125
    -151.300     506.986857
    -151.200     507.023389
    -151.100     507.045773
    -151.000     507.054145
    -150.900     507.048726
    -150.800     507.029776
    -150.700     506.997504
    -150.600     506.952052
    -150.500     506.893495
    -150.400     506.821837
    -150.300     506.737013
    -150.200     506.638891
    -150.100     506.527269
    -150.000     506.401879
    -149.900     506.262436
    -149.800     506.108814
    -149.700     505.940988
    -149.600     505.759006
    -149.500     505.562978
    -149.400     505.353085
    -149.300     505.129568
    -149.200     504.892727
    -149.100     504.642916
    -149.000     504.380539
    -148.900     504.105948
    -148.800     503.819166
    -148.700     503.520127
    -148.600     503.208761
    -148.500     502.885001
    -148.400     502.548782
    -148.300     502.200045
    -148.200     501.838740
    -148.100     501.464823
    -148.000     501.078266
    -147.900     500.679125
    -147.800     500.267765
    -147.700     499.844632
    -147.600     499.410178
    -147.500     498.964859
    -147.400     498.509134
    -147.300     498.043458
    -147.200     497.568283
    -147.100     497.084052
    -147.000     496.591200
    -146.900     496.090128
    -146.800     495.581166
    -146.700     495.064625
    -146.600     494.540822
    -146.500     494.010076
    -146.400     493.472706
    -146.300     492.929029
    -146.200     492.379361
    -146.100     491.824012
    -146.000     491.263286
    -145.900     490.697454
    -145.800     490.126695
    -145.700     489.551213
    -145.600     488.971271
    -145.500     488.387190
    -145.400     487.799345
    -145.300     487.208167
    -145.200     486.614136
    -145.100     486.017785
    -145.000     485.419693
    -144.900     484.820494
    -144.800     484.220867
    -144.700     483.621453
    -144.600     483.022833
    -144.500     482.425531
    -144.400     481.830008
    -144.300     481.236664
    -144.200     480.645836
    -144.100     480.057797
    -144.000     479.472759
    -143.900     478.890927
    -143.800     478.312714
    -143.700     477.738644
    -143.600     477.169295
    -143.500     476.605302
    -143.400     476.047343
    -143.300     475.496141
    -143.200     474.952456
    -143.100     474.417080
    -143.000     473.890832
    -142.900     473.374444
    -142.800     472.868226
    -142.700     472.372370
    -142.600     471.887059
    -142.500     471.412469
    -142.400     470.948775
    -142.300     470.496146
    -142.200     470.054757
    -142.100     469.624785
    -142.000     469.206416
    -141.900     468.799936
    -141.800     468.405998
    -141.700     468.025326
    -141.600     467.658614
    -141.500     467.306522
    -141.400     466.969670
    -141.300     466.648633
    -141.200     466.343936
    -141.100     466.056054
    -141.000     465.785402
    -140.900     465.532328
    -140.800     465.297079
    -140.700     465.079907
    -140.600     464.881089
    -140.500     464.700925
    -140.400     464.539737
    -140.300     464.397867
    -140.200     464.275678
    -140.100     464.173549
    -140.000     464.091875
    -139.900     464.031020
    -139.800     463.991157
    -139.700     463.972401
    -139.600     463.974845
    -139.500     463.998572
    -139.400     464.043646
    -139.300     464.110121
    -139.200     464.198039
    -139.100     464.307435
    -139.000     464.438336
    -138.900     464.590812
    -138.800     464.765113
    -138.700     464.961504
    -138.600     465.180218
    -138.500     465.421452
    -138.400     465.685367
    -138.300     465.972084
    -138.200     466.281685
    -138.100     466.614213
    -138.000     466.969672
    -137.900     467.348051
    -137.800     467.749393
    -137.700     468.173750
    -137.600     468.621162
    -137.500     469.091658
    -137.400     469.585252
    -137.300     470.101940
    -137.200     470.641704
    -137.100     471.204505
    -137.000     471.790285
    -136.900     472.398872
    -136.800     473.029708
    -136.700     473.682155
    -136.600     474.355591
    -136.500     475.049419
    -136.400     475.763069
    -136.300     476.496002
    -136.200     477.247716
    -136.100     478.017747
    -136.000     478.805679
    -135.900     479.611254
    -135.800     480.434673
    -135.700     481.276162
    -135.600     482.135840
    -135.500     483.013723
    -135.400     483.909716
    -135.300     484.823615
    -135.200     485.755110
    -135.100     486.703778
    -135.000     487.669093
    -134.900     488.650360
    -134.800     489.646583
    -134.700     490.656746
    -134.600     491.679891
    -134.500     492.715121
    -134.400     493.761604
    -134.300     494.818576
    -134.200     495.885340
    -134.100     496.961274
    -134.000     498.045826
    -133.900     499.138521
    -133.800     500.238891
    -133.700     501.346422
    -133.600     502.460540
    -133.500     503.580623
    -133.400     504.705994
    -133.300     505.835931
    -133.200     506.969667
    -133.100     508.106395
    -133.000     509.245270
    -132.900     510.385437
    -132.800     511.526109
    -132.700     512.666492
    -132.600     513.805764
    -132.500     514.943077
    -132.400     516.077559
    -132.300     517.208314
    -132.200     518.334427
    -132.100     519.454968
    -132.000     520.568989
    -131.900     521.675550
    -131.800     522.773777
    -131.700     523.862832
    -131.600     524.941905
    -131.500     526.010211
    -131.400     527.066995
    -131.300     528.111530
    -131.200     529.143122
    -131.100     530.161111
    -131.000     531.164866
    -130.900     532.153710
    -130.800     533.126652
    -130.700     534.082608
    -130.600     535.020484
    -130.500     535.939186
    -130.400     536.837627
    -130.300     537.714736
    -130.200     538.569464
    -130.100     539.400791
    -130.000     540.207736
    -129.900     540.989457
    -129.800     541.745533
    -129.700     542.475626
    -129.600     543.179372
    -129.500     543.856376
    -129.400     544.506211
    -129.300     545.128406
    -129.200     545.722452
    -129.100     546.287790
    -129.000     546.823815
    -128.900     547.329819
    -128.800     547.804891
    -128.700     548.248138
    -128.600     548.658756
    -128.500     549.036035
    -128.400     549.379366
    -128.300     549.688246
    -128.200     549.962281
    -128.100     550.201188
    -128.000     550.404793
    -127.900     550.572987
    -127.800     550.705556
    -127.700     550.802230
    -127.600     550.862714
    -127.500     550.886692
    -127.400     550.873827
    -127.300     550.823768
    -127.200     550.736149
    -127.100     550.610595
    -127.000     550.446721
    -126.900     550.244243
    -126.800     550.003292
    -126.700     549.724138
    -126.600     549.407086
    -126.500     549.052471
    -126.400     548.660661
    -126.300     548.232046
    -126.200     547.767037
    -126.100     547.266061
    -126.000     546.729553
    -125.900     546.157882
    -125.800     545.551143
    -125.700     544.909413
    -125.600     544.232829
    -125.500     543.521589
    -125.400     542.775951
    -125.300     541.996233
    -125.200     541.182808
    -125.100     540.336109
    -125.000     539.456615
    -124.900     538.544863
    -124.800     537.601456
    -124.700     536.627033
    -124.600     535.622254
    -124.500     534.587808
    -124.400     533.524402
    -124.300     532.432769
    -124.200     531.313658
    -124.100     530.167838
    -124.000     528.996094
    -123.900     527.799283
    -123.800     526.578507
    -123.700     525.334919
    -123.600     524.069661
    -123.500     522.783855
    -123.400     521.478602
    -123.300     520.154972
    -123.200     518.814007
    -123.100     517.456709
    -123.000     516.084038
    -122.900     514.696871
    -122.800     513.295923
    -122.700     511.881936
    -122.600     510.455732
    -122.500     509.018202
    -122.400     507.570307
    -122.300     506.113070
    -122.200     504.647573
    -122.100     503.174951
    -122.000     501.696387
    -121.900     500.213112
    -121.800     498.726402
    -121.700     497.237510
    -121.600     495.747652
    -121.500     494.258002
    -121.400     492.769688
    -121.300     491.283794
    -121.200     489.801354
    -121.100     488.323350
    -121.000     486.850711
    -120.900     485.384366
    -120.800     483.925413
    -120.700     482.475014
    -120.600     481.034338
    -120.500     479.604554
    -120.400     478.186828
    -120.300     476.782312
    -120.200     475.392143
    -120.100     474.017432
    -120.000     472.659263
    -119.900     471.318646
    -119.800     469.996409
    -119.700     468.693341
    -119.600     467.410235
    -119.500     466.147882
    -119.400     464.907073
    -119.300     463.688593
    -119.200     462.493224
    -119.100     461.321740
    -119.000     460.174907
    -118.900     459.053498
    -118.800     457.958339
    -118.700     456.890251
    -118.600     455.850026
    -118.500     454.838432
    -118.400     453.856204
    -118.300     452.904050
    -118.200     451.982643
    -118.100     451.092628
    -118.000     450.234616
    -117.900     449.409221
    -117.800     448.617135
    -117.700     447.859040
    -117.600     447.135573
    -117.500     446.447316
    -117.400     445.794791
    -117.300     445.178456
    -117.200     444.598702
    -117.100     444.055847
    -117.000     443.550139
    -116.900     443.081720
    -116.800     442.650561
    -116.700     442.256618
    -116.600     441.899879
    -116.500     441.580361
    -116.400     441.298116
    -116.300     441.053231
    -116.200     440.845830
    -116.100     440.676071
    -116.000     440.544154
    -115.900     440.450331
    -115.800     440.394921
    -115.700     440.378191
    -115.600     440.400327
    -115.500     440.461428
    -115.400     440.561513
    -115.300     440.700518
    -115.200     440.878298
    -115.100     441.094635
    -115.000     441.349241
    -114.900     441.641746
    -114.800     441.971644
    -114.700     442.338394
    -114.600     442.741440
    -114.500     443.180218
    -114.400     443.654149
    -114.300     444.162647
    -114.200     444.705115
    -114.100     445.280953
    -114.000     445.889553
    -113.900     446.530358
    -113.800     447.203005
    -113.700     447.907156
    -113.600     448.642454
    -113.500     449.408518
    -113.400     450.204945
    -113.300     451.031313
    -113.200     451.887175
    -113.100     452.772069
    -113.000     453.685511
    -112.900     454.626906
    -112.800     455.595241
    -112.700     456.589377
    -112.600     457.608143
    -112.500     458.650345
    -112.400     459.714779
    -112.300     460.800233
    -112.200     461.905502
    -112.100     463.029394
    -112.000     464.170741
    -111.900     465.328503
    -111.800     466.502012
    -111.700     467.690643
    -111.600     468.893717
    -111.500     470.110495
    -111.400     471.340180
    -111.300     472.581918
    -111.200     473.834797
    -111.100     475.097846
    -111.000     476.370039
    -110.900     477.650235
    -110.800     478.937039
    -110.700     480.229021
    -110.600     481.524779
    -110.500     482.822958
    -110.400     484.122253
    -110.300     485.421419
    -110.200     486.719281
    -110.100     488.014741
    -110.000     489.306784
    -109.900     490.594496
    -109.800     491.877051
    -109.700     493.153599
    -109.600     494.423247
    -109.500     495.685068
    -109.400     496.938095
    -109.300     498.181332
    -109.200     499.413750
    -109.100     500.634296
    -109.000     501.841891
    -108.900     503.035429
    -108.800     504.213760
    -108.700     505.375726
    -108.600     506.520174
    -108.500     507.645965
    -108.400     508.751978
    -108.300     509.837117
    -108.200     510.900315
    -108.100     511.940539
    -108.000     512.956792
    -107.900     513.948165
    -107.800     514.913972
    -107.700     515.853612
    -107.600     516.766530
    -107.500     517.652215
    -107.400     518.510210
    -107.300     519.340107
    -107.200     520.141553
    -107.100     520.914248
    -107.000     521.657945
    -106.900     522.372367
    -106.800     523.056932
    -106.700     523.710989
    -106.600     524.333895
    -106.500     524.925029
    -106.400     525.483797
    -106.300     526.009634
    -106.200     526.502015
    -106.100     526.960454
    -106.000     527.384509
    -105.900     527.773861
    -105.800     528.128526
    -105.700     528.448596
    -105.600     528.734158
    -105.500     528.985296
    -105.400     529.202082
    -105.300     529.384577
    -105.200     529.532831
    -105.100     529.646877
    -105.000     529.726730
    -104.900     529.772382
    -104.800     529.783830
    -104.700     529.761171
    -104.600     529.704618
    -104.500     529.614505
    -104.400     529.491286
    -104.300     529.335529
    -104.200     529.147915
    -104.100     528.929228
    -104.000     528.680348
    -103.900     528.402156
    -103.800     528.095241
    -103.700     527.760071
    -103.600     527.397071
    -103.500     527.006627
    -103.400     526.589089
    -103.300     526.144774
    -103.200     525.673975
    -103.100     525.176960
    -103.000     524.653983
    -102.900     524.105383
    -102.800     523.531904
    -102.700     522.934428
    -102.600     522.313875
    -102.500     521.671195
    -102.400     521.007366
    -102.300     520.323379
    -102.200     519.620238
    -102.100     518.898946
    -102.000     518.160497
    -101.900     517.405826
    -101.800     516.635689
    -101.700     515.850850
    -101.600     515.052128
    -101.500     514.240400
    -101.400     513.416590
    -101.300     512.581670
    -101.200     511.736656
    -101.100     510.882596
    -101.000     510.020571
    -100.900     509.151651
    -100.800     508.276766
    -100.700     507.396788
    -100.600     506.512554
    -100.500     505.624873
    -100.400     504.734519
    -100.300     503.842238
    -100.200     502.948742
    -100.100     502.054711
    -100.000     501.160792
     -99.900     500.267648
     -99.800     499.376112
     -99.700     498.487060
     -99.600     497.601362
     -99.500     496.719879
     -99.400     495.843451
     -99.300     494.972903
     -99.200     494.109030
     -99.100     493.252601
     -99.000     492.404349
     -98.900     491.564986
     -98.800     490.735266
     -98.700     489.916002
     -98.600     489.108054
     -98.500     488.312322
     -98.400     487.529745
     -98.300     486.761288
     -98.200     486.007944
     -98.100     485.270721
     -98.000     484.550642
     -97.900     483.848618
     -97.800     483.165082
     -97.700     482.500281
     -97.600     481.854390
     -97.500     481.227515
     -97.400     480.619693
     -97.300     480.030900
     -97.200     479.461047
     -97.100     478.909990
     -97.000     478.377533
     -96.900     477.863606
     -96.800     477.368836
     -96.700     476.894046
     -96.600     476.440072
     -96.500     476.007757
     -96.400     475.597939
     -96.300     475.211442
     -96.200     474.849071
     -96.100     474.511603
     -96.000     474.199782
     -95.900     473.914151
     -95.800     473.654579
     -95.700     473.420773
     -95.600     473.212445
     -95.500     473.029314
     -95.400     472.871113
     -95.300     472.737588
     -95.200     472.628506
     -95.100     472.543654
     -95.000     472.482840
     -94.900     472.445979
     -94.800     472.433299
     -94.700     472.445055
     -94.600     472.481441
     -94.500     472.542585
     -94.400     472.628550
     -94.300     472.739332
     -94.200     472.874858
     -94.100     473.034990
     -94.000     473.219531
     -93.900     473.428221
     -93.800     473.660765
     -93.700     473.916866
     -93.600     474.196221
     -93.500     474.498520
     -93.400     474.823450
     -93.300     475.170685
     -93.200     475.539891
     -93.100     475.930723
     -93.000     476.342821
     -92.900     476.775815
     -92.800     477.229326
     -92.700     477.702987
     -92.600     478.196446
     -92.500     478.709364
     -92.400     479.241421
     -92.300     479.792311
     -92.200     480.361747
     -92.100     480.949461
     -92.000     481.555202
     -91.900     482.178682
     -91.800     482.819359
     -91.700     483.476572
     -91.600     484.149593
     -91.500     484.837628
     -91.400     485.539827
     -91.300     486.255288
     -91.200     486.983063
     -91.100     487.722167
     -91.000     488.471584
     -90.900     489.230401
     -90.800     489.998170
     -90.700     490.774568
     -90.600     491.559274
     -90.500     492.351964
     -90.400     493.152311
     -90.300     493.959979
     -90.200     494.774621
     -90.100     495.595874
     -90.000     496.423355
     -89.900     497.256553
     -89.800     498.094505
     -89.700     498.936157
     -89.600     499.780488
     -89.500     500.626512
     -89.400     501.473286
     -89.300     502.319919
     -89.200     503.165573
     -89.100     504.009476
     -89.000     504.850923
     -88.900     505.689329
     -88.800     506.524314
     -88.700     507.355481
     -88.600     508.182357
     -88.500     509.004392
     -88.400     509.820963
     -88.300     510.631370
     -88.200     511.434844
     -88.100     512.230540
     -88.000     513.017547
     -87.900     513.794905
     -87.800     514.561714
     -87.700     515.317141
     -87.600     516.060416
     -87.500     516.790831
     -87.400     517.507749
     -87.300     518.210605
     -87.200     518.898907
     -87.100     519.572242
     -87.000     520.230274
     -86.900     520.872717
     -86.800     521.499208
     -86.700     522.109350
     -86.600     522.702740
     -86.500     523.278967
     -86.400     523.837621
     -86.300     524.378285
     -86.200     524.900548
     -86.100     525.403997
     -86.000     525.888225
     -85.900     526.352804
     -85.800     526.797202
     -85.700     527.220849
     -85.600     527.623162
     -85.500     528.003548
     -85.400     528.361408
     -85.300     528.696139
     -85.200     529.007142
     -85.100     529.293816
     -85.000     529.555570
     -84.900     529.791919
     -84.800     530.002796
     -84.700     530.188276
     -84.600     530.348477
     -84.500     530.483559
     -84.400     530.593722
     -84.300     530.679205
     -84.200     530.740281
     -84.100     530.777254
     -84.000     530.790459
     -83.900     530.780131
     -83.800     530.746042
     -83.700     530.687866
     -83.600     530.605312
     -83.500     530.498122
     -83.400     530.366082
     -83.300     530.209024
     -83.200     530.026826
     -83.100     529.819422
     -83.000     529.586795
     -82.900     529.329053
     -82.800     529.046617
     -82.700     528.739950
     -82.600     528.409484
     -82.500     528.055609
     -82.400     527.678681
     -82.300     527.279015
     -82.200     526.856886
     -82.100     526.412534
     -82.000     525.946156
     -81.900     525.457913
     -81.800     524.947951
     -81.700     524.416478
     -81.600     523.863766
     -81.500     523.290156
     -81.400     522.696053
     -81.300     522.081921
     -81.200     521.448280
     -81.100     520.795701
     -81.000     520.124798
     -80.900     519.436209
     -80.800     518.730543
     -80.700     518.008406
     -80.600     517.270407
     -80.500     516.517164
     -80.400     515.749302
     -80.300     514.967452
     -80.200     514.172251
     -80.100     513.364343
     -80.000     512.544377
     -79.900     511.712972
     -79.800     510.870618
     -79.700     510.017751
     -79.600     509.154782
     -79.500     508.282098
     -79.400     507.400066
     -79.300     506.509028
     -79.200     505.609307
     -79.100     504.701206
     -79.000     503.785009
     -78.900     502.861079
     -78.800     501.930166
     -78.700     500.993152
     -78.600     500.050960
     -78.500     499.104544
     -78.400     498.154884
     -78.300     497.202975
     -78.200     496.249821
     -78.100     495.296427
     -78.000     494.343790
     -77.900     493.392775
     -77.800     492.443779
     -77.700     491.497078
     -77.600     490.552950
     -77.500     489.611672
     -77.400     488.673528
     -77.300     487.738812
     -77.200     486.807824
     -77.100     485.880880
     -77.000     484.958312
     -76.900     484.040559
     -76.800     483.128430
     -76.700     482.222803
     -76.600     481.324521
     -76.500     480.434393
     -76.400     479.553182
     -76.300     478.681605
     -76.200     477.820324
     -76.100     476.969944
     -76.000     476.131010
     -75.900     475.303954
     -75.800     474.488991
     -75.700     473.686304
     -75.600     472.896100
     -75.500     472.118609
     -75.400     471.354086
     -75.300     470.602810
     -75.200     469.865083
     -75.100     469.141231
     -75.000     468.431605
     -74.900     467.736613
     -74.800     467.056816
     -74.700     466.392807
     -74.600     465.745169
     -74.500     465.114472
     -74.400     464.501270
     -74.300     463.906096
     -74.200     463.329464
     -74.100     462.771863
     -74.000     462.233755
     -73.900     461.715510
     -73.800     461.217190
     -73.700     460.738748
     -73.600     460.280093
     -73.500     459.841092
     -73.400     459.421568
     -73.300     459.021301
     -73.200     458.640032
     -73.100     458.277462
     -73.000     457.933255
     -72.900     457.607162
     -72.800     457.299407
     -72.700     457.010368
     -72.600     456.740456
     -72.500     456.490108
     -72.400     456.259792
     -72.300     456.049993
     -72.200     455.861219
     -72.100     455.693991
     -72.000     455.548842
     -71.900     455.426177
     -71.800     455.325861
     -71.700     455.247592
     -71.600     455.191039
     -71.500     455.155841
     -71.400     455.141613
     -71.300     455.147947
     -71.200     455.174416
     -71.100     455.220579
     -71.000     455.285984
     -70.900     455.370254
     -70.800     455.473319
     -70.700     455.595161
     -70.600     455.735735
     -70.500     455.894964
     -70.400     456.072740
     -70.300     456.268919
     -70.200     456.483328
     -70.100     456.715757
     -70.000     456.965967
     -69.900     457.233678
     -69.800     457.518559
     -69.700     457.820284
     -69.600     458.138550
     -69.500     458.473077
     -69.400     458.823601
     -69.300     459.189881
     -69.200     459.571690
     -69.100     459.968823
     -69.000     460.381088
     -68.900     460.808296
     -68.800     461.250221
     -68.700     461.706607
     -68.600     462.177174
     -68.500     462.661625
     -68.400     463.159644
     -68.300     463.670899
     -68.200     464.195045
     -68.100     464.731727
     -68.000     465.280582
     -67.900     465.841194
     -67.800     466.412952
     -67.700     466.995171
     -67.600     467.587144
     -67.500     468.188141
     -67.400     468.797417
     -67.300     469.414214
     -67.200     470.037769
     -67.100     470.667316
     -67.000     471.302096
     -66.900     471.941484
     -66.800     472.585365
     -66.700     473.233768
     -66.600     473.886737
     -66.500     474.544327
     -66.400     475.206593
     -66.300     475.873595
     -66.200     476.545383
     -66.100     477.221998
     -66.000     477.903462
     -65.900     478.589626
     -65.800     479.279720
     -65.700     479.972816
     -65.600     480.667996
     -65.500     481.364355
     -65.400     482.061009
     -65.300     482.757110
     -65.200     483.451849
     -65.100     484.144466
     -65.000     484.834256
     -64.900     485.520677
     -64.800     486.203610
     -64.700     486.883003
     -64.600     487.558765
     -64.500     488.230761
     -64.400     488.898811
     -64.300     489.562687
     -64.200     490.222113
     -64.100     490.876761
     -64.000     491.526254
     -63.900     492.170155
     -63.800     492.807978
     -63.700     493.439270
     -63.600     494.063630
     -63.500     494.680709
     -63.400     495.290215
     -63.300     495.891912
     -63.200     496.485626
     -63.100     497.071242
     -63.000     497.648704
     -62.900     498.217984
     -62.800     498.778959
     -62.700     499.331460
     -62.600     499.875304
     -62.500     500.410292
     -62.400     500.936214
     -62.300     501.452850
     -62.200     501.959967
     -62.100     502.457326
     -62.000     502.944681
     -61.900     503.421773
     -61.800     503.888302
     -61.700     504.343957
     -61.600     504.788422
     -61.500     505.221375
     -61.400     505.642497
     -61.300     506.051468
     -61.200     506.447970
     -61.100     506.831687
     -61.000     507.202309
     -60.900     507.559618
     -60.800     507.903754
     -60.700     508.234969
     -60.600     508.553546
     -60.500     508.859795
     -60.400     509.154053
     -60.300     509.436679
     -60.200     509.708051
     -60.100     509.968569
     -60.000     510.218645
     -59.900     510.458598
     -59.800     510.688337
     -59.700     510.907672
     -59.600     511.116428
     -59.500     511.314441
     -59.400     511.501567
     -59.300     511.677681
     -59.200     511.842679
     -59.100     511.996484
     -59.000     512.139039
     -58.900     512.270349
     -58.800     512.390543
     -58.700     512.499748
     -58.600     512.598057
     -58.500     512.685524
     -58.400     512.762168
     -58.300     512.827970
     -58.200     512.882878
     -58.100     512.926806
     -58.000     512.959635
     -57.900     512.981298
     -57.800     512.992064
     -57.700     512.992347
     -57.600     512.982633
     -57.500     512.963470
     -57.400     512.935472
     -57.300     512.899304
     -57.200     512.855679
     -57.100     512.805351
     -57.000     512.749106
     -56.900     512.687601
     -56.800     512.620902
     -56.700     512.548889
     -56.600     512.471404
     -56.500     512.388261
     -56.400     512.299245
     -56.300     512.204124
     -56.200     512.102649
     -56.100     511.994564
     -56.000     511.879608
     -55.900     511.757626
     -55.800     511.628874
     -55.700     511.493711
     -55.600     511.352498
     -55.500     511.205590
     -55.400     511.053339
     -55.300     510.896085
     -55.200     510.734157
     -55.100     510.567868
     -55.000     510.397517
     -54.900     510.223376
     -54.800     510.045707
     -54.700     509.864797
     -54.600     509.680955
     -54.500     509.494518
     -54.400     509.305841
     -54.300     509.115300
     -54.200     508.923285
     -54.100     508.730199
     -54.000     508.536453
     -53.900     508.342400
     -53.800     508.148135
     -53.700     507.953679
     -53.600     507.759043
     -53.500     507.564230
     -53.400     507.369237
     -53.300     507.174053
     -53.200     506.978669
     -53.100     506.783070
     -53.000     506.587244
     -52.900     506.391191
     -52.800     506.194958
     -52.700     505.998579
     -52.600     505.802068
     -52.500     505.605410
     -52.400     505.408569
     -52.300     505.211485
     -52.200     505.014076
     -52.100     504.816241
     -52.000     504.617858
     -51.900     504.418897
     -51.800     504.219778
     -51.700     504.021070
     -51.600     503.823383
     -51.500     503.627360
     -51.400     503.433674
     -51.300     503.243017
     -51.200     503.056098
     -51.100     502.873634
     -51.000     502.696347
     -50.900     502.524738
     -50.800     502.358432
     -50.700     502.196808
     -50.600     502.039216
     -50.500     501.884985
     -50.400     501.733428
     -50.300     501.583848
     -50.200     501.435543
     -50.100     501.287813
     -50.000     501.139958
     -49.900     500.991506
     -49.800     500.842846
     -49.700     500.694586
     -49.600     500.547328
     -49.500     500.401666
     -49.400     500.258177
     -49.300     500.117423
     -49.200     499.979941
     -49.100     499.846242
     -49.000     499.716807
     -48.900     499.591963
     -48.800     499.471531
     -48.700     499.355223
     -48.600     499.242769
     -48.500     499.133923
     -48.400     499.028463
     -48.300     498.926189
     -48.200     498.826925
     -48.100     498.730521
     -48.000     498.636853
     -47.900     498.545860
     -47.800     498.457640
     -47.700     498.372316
     -47.600     498.289992
     -47.500     498.210754
     -47.400     498.134667
     -47.300     498.061781
     -47.200     497.992126
     -47.100     497.925716
     -47.000     497.862549
     -46.900     497.802583
     -46.800     497.745654
     -46.700     497.691564
     -46.600     497.640100
     -46.500     497.591035
     -46.400     497.544132
     -46.300     497.499137
     -46.200     497.455789
     -46.100     497.413811
     -46.000     497.372915
     -45.900     497.332907
     -45.800     497.293998
     -45.700     497.256537
     -45.600     497.220904
     -45.500     497.187515
     -45.400     497.156815
     -45.300     497.129279
     -45.200     497.105411
     -45.100     497.085734
     -45.000     497.070797
     -44.900     497.060994
     -44.800     497.056031
     -44.700     497.055408
     -44.600     497.058579
     -44.500     497.064962
     -44.400     497.073941
     -44.300     497.084870
     -44.200     497.097083
     -44.100     497.109897
     -44.000     497.122616
     -43.900     497.134713
     -43.800     497.146342
     -43.700     497.157835
     -43.600     497.169534
     -43.500     497.181783
     -43.400     497.194930
     -43.300     497.209316
     -43.200     497.225280
     -43.100     497.243150
     -43.000     497.263239
     -42.900     497.285765
     -42.800     497.310626
     -42.700     497.337657
     -42.600     497.366712
     -42.500     497.397663
     -42.400     497.430405
     -42.300     497.464855
     -42.200     497.500951
     -42.100     497.538657
     -42.000     497.577960
     -41.900     497.618848
     -41.800     497.661219
     -41.700     497.704922
     -41.600     497.749779
     -41.500     497.795586
     -41.400     497.842117
     -41.300     497.889125
     -41.200     497.936345
     -41.100     497.983499
     -41.000     498.030294
     -40.900     498.076480
     -40.800     498.121998
     -40.700     498.166834
     -40.600     498.210966
     -40.500     498.254368
     -40.400     498.297003
     -40.300     498.338827
     -40.200     498.379787
     -40.100     498.419818
     -40.000     498.458846
     -39.900     498.496803
     -39.800     498.533694
     -39.700     498.569571
     -39.600     498.604524
     -39.500     498.638674
     -39.400     498.672174
     -39.300     498.705209
     -39.200     498.737990
     -39.100     498.770758
     -39.000     498.803778
     -38.900     498.837222
     -38.800     498.870788
     -38.700     498.904011
     -38.600     498.936379
     -38.500     498.967339
     -38.400     498.996298
     -38.300     499.022632
     -38.200     499.045690
     -38.100     499.064796
     -38.000     499.079262
     -37.900     499.088529
     -37.800     499.092627
     -37.700     499.091758
     -37.600     499.086149
     -37.500     499.076049
     -37.400     499.061726
     -37.300     499.043464
     -37.200     499.021561
     -37.100     498.996324
     -37.000     498.968066
     -36.900     498.937018
     -36.800     498.903060
     -36.700     498.865982
     -36.600     498.825581
     -36.500     498.781657
     -36.400     498.734015
     -36.300     498.682468
     -36.200     498.626837
     -36.100     498.566949
     -36.000     498.502644
     -35.900     498.433748
     -35.800     498.360018
     -35.700     498.281182
     -35.600     498.196956
     -35.500     498.107051
     -35.400     498.011171
     -35.300     497.909017
     -35.200     497.800287
     -35.100     497.684680
     -35.000     497.561897
     -34.900     497.431708
     -34.800     497.294155
     -34.700     497.149351
     -34.600     496.997414
     -34.500     496.838468
     -34.400     496.672633
     -34.300     496.500031
     -34.200     496.320777
     -34.100     496.134982
     -34.000     495.942746
     -33.900     495.744136
     -33.800     495.539119
     -33.700     495.327673
     -33.600     495.109807
     -33.500     494.885571
     -33.400     494.655053
     -33.300     494.418379
     -33.200     494.175715
     -33.100     493.927264
     -33.000     493.673266
     -32.900     493.413913
     -32.800     493.149086
     -32.700     492.878556
     -32.600     492.602054
     -32.500     492.319281
     -32.400     492.029904
     -32.300     491.733558
     -32.200     491.429854
     -32.100     491.118378
     -32.000     490.798697
     -31.900     490.470507
     -31.800     490.134094
     -31.700     489.789928
     -31.600     489.438518
     -31.500     489.080409
     -31.400     488.716175
     -31.300     488.346414
     -31.200     487.971740
     -31.100     487.592778
     -31.000     487.210153
     -30.900     486.824371
     -30.800     486.435477
     -30.700     486.043411
     -30.600     485.648132
     -30.500     485.249617
     -30.400     484.847867
     -30.300     484.442902
     -30.200     484.034771
     -30.100     483.623547
     -30.000     483.209329
     -29.900     482.792280
     -29.800     482.372694
     -29.700     481.950887
     -29.600     481.527161
     -29.500     481.101804
     -29.400     480.675089
     -29.300     480.247271
     -29.200     479.818592
     -29.100     479.389273
     -29.000     478.959521
     -28.900     478.529537
     -28.800     478.099566
     -28.700     477.669871
     -28.600     477.240723
     -28.500     476.812399
     -28.400     476.385177
     -28.300     475.959341
     -28.200     475.535170
     -28.100     475.112946
     -28.000     474.692945
     -27.900     474.275485
     -27.800     473.861075
     -27.700     473.450319
     -27.600     473.043865
     -27.500     472.642403
     -27.400     472.246658
     -27.300     471.857385
     -27.200     471.475356
     -27.100     471.101360
     -27.000     470.736194
     -26.900     470.380501
     -26.800     470.034289
     -26.700     469.697356
     -26.600     469.369445
     -26.500     469.050248
     -26.400     468.739418
     -26.300     468.436573
     -26.200     468.141303
     -26.100     467.853177
     -26.000     467.571750
     -25.900     467.296786
     -25.800     467.028926
     -25.700     466.769076
     -25.600     466.518185
     -25.500     466.277239
     -25.400     466.047246
     -25.300     465.829230
     -25.200     465.624223
     -25.100     465.433250
     -25.000     465.257326
     -24.900     465.097265
     -24.800     464.953135
     -24.700     464.824798
     -24.600     464.712095
     -24.500     464.614849
     -24.400     464.532869
     -24.300     464.465951
     -24.200     464.413882
     -24.100     464.376445
     -24.000     464.353415
     -23.900     464.344645
     -23.800     464.350287
     -23.700     464.370559
     -23.600     464.405672
     -23.500     464.455821
     -23.400     464.521190
     -23.300     464.601950
     -23.200     464.698254
     -23.100     464.810244
     -23.000     464.938046
     -22.900     465.081779
     -22.800     465.241584
     -22.700     465.417599
     -22.600     465.609956
     -22.500     465.818775
     -22.400     466.044164
     -22.300     466.286217
     -22.200     466.545012
     -22.100     466.820610
     -22.000     467.113055
     -21.900     467.422365
     -21.800     467.748518
     -21.700     468.091479
     -21.600     468.451213
     -21.500     468.827682
     -21.400     469.220848
     -21.300     469.630670
     -21.200     470.057108
     -21.100     470.500122
     -21.000     470.959671
     -20.900     471.435646
     -20.800     471.927649
     -20.700     472.435178
     -20.600     472.957695
     -20.500     473.494627
     -20.400     474.045374
     -20.300     474.609307
     -20.200     475.185780
     -20.100     475.774127
     -20.000     476.373676
     -19.900     476.983885
     -19.800     477.604748
     -19.700     478.236397
     -19.600     478.878956
     -19.500     479.532543
     -19.400     480.197260
     -19.300     480.873193
     -19.200     481.560406
     -19.100     482.258934
     -19.000     482.968783
     -18.900     483.689807
     -18.800     484.421389
     -18.700     485.162794
     -18.600     485.913295
     -18.500     486.672173
     -18.400     487.438724
     -18.300     488.212268
     -18.200     488.992149
     -18.100     489.777743
     -18.000     490.568467
     -17.900     491.363789
     -17.800     492.163239
     -17.700     492.966316
     -17.600     493.772465
     -17.500     494.581082
     -17.400     495.391518
     -17.300     496.203082
     -17.200     497.015044
     -17.100     497.826638
     -17.000     498.637071
     -16.900     499.445606
     -16.800     500.251828
     -16.700     501.055431
     -16.600     501.856129
     -16.500     502.653663
     -16.400     503.447792
     -16.300     504.238291
     -16.200     505.024951
     -16.100     505.807573
     -16.000     506.585969
     -15.900     507.359867
     -15.800     508.128656
     -15.700     508.891626
     -15.600     509.648058
     -15.500     510.397234
     -15.400     511.138436
     -15.300     511.870952
     -15.200     512.594082
     -15.100     513.307140
     -15.000     514.009456
     -14.900     514.700399
     -14.800     515.379404
     -14.700     516.045914
     -14.600     516.699367
     -14.500     517.339199
     -14.400     517.964849
     -14.300     518.575759
     -14.200     519.171381
     -14.100     519.751180
     -14.000     520.314638
     -13.900     520.861305
     -13.800     521.390964
     -13.700     521.903456
     -13.600     522.398628
     -13.500     522.876327
     -13.400     523.336399
     -13.300     523.778686
     -13.200     524.203024
     -13.100     524.609241
     -13.000     524.997155
     -12.900     525.366545
     -12.800     525.717103
     -12.700     526.048538
     -12.600     526.360608
     -12.500     526.653128
     -12.400     526.925971
     -12.300     527.179069
     -12.200     527.412416
     -12.100     527.626068
     -12.000     527.820144
     -11.900     527.994727
     -11.800     528.149561
     -11.700     528.284260
     -11.600     528.398392
     -11.500     528.491479
     -11.400     528.563002
     -11.300     528.612403
     -11.200     528.639088
     -11.100     528.642430
     -11.000     528.621779
     -10.900     528.576665
     -10.800     528.507462
     -10.700     528.414831
     -10.600     528.299514
     -10.500     528.162333
     -10.400     528.004182
     -10.300     527.826020
     -10.200     527.628858
     -10.100     527.413754
     -10.000     527.181796
      -9.900     526.933890
      -9.800     526.670135
      -9.700     526.390397
      -9.600     526.094519
      -9.500     525.782319
      -9.400     525.453601
      -9.300     525.108156
      -9.200     524.745773
      -9.100     524.366241
      -9.000     523.969357
      -8.900     523.555018
      -8.800     523.123488
      -8.700     522.675151
      -8.600     522.210425
      -8.500     521.729758
      -8.400     521.233629
      -8.300     520.722537
      -8.200     520.197005
      -8.100     519.657569
      -8.000     519.104778
      -7.900     518.539248
      -7.800     517.961830
      -7.700     517.373427
      -7.600     516.774929
      -7.500     516.167209
      -7.400     515.551116
      -7.300     514.927470
      -7.200     514.297059
      -7.100     513.660627
      -7.000     513.018876
      -6.900     512.372374
      -6.800     511.721345
      -6.700     511.065970
      -6.600     510.406484
      -6.500     509.743171
      -6.400     509.076371
      -6.300     508.406474
      -6.200     507.733927
      -6.100     507.059227
      -6.000     506.382926
      -5.900     505.705625
      -5.800     505.027915
      -5.700     504.350331
      -5.600     503.673340
      -5.500     502.997344
      -5.400     502.322684
      -5.300     501.649635
      -5.200     500.978413
      -5.100     500.309173
      -5.000     499.642014
      -4.900     498.977116
      -4.800     498.315179
      -4.700     497.657084
      -4.600     497.003758
      -4.500     496.356167
      -4.400     495.715299
      -4.300     495.082163
      -4.200     494.457772
      -4.100     493.843137
      -4.000     493.239259
      -3.900     492.646951
      -3.800     492.066337
      -3.700     491.497342
      -3.600     490.939873
      -3.500     490.393814
      -3.400     489.859038
      -3.300     489.335409
      -3.200     488.822786
      -3.100     488.321026
      -3.000     487.829990
      -2.900     487.349636
      -2.800     486.880291
      -2.700     486.422352
      -2.600     485.976189
      -2.500     485.542147
      -2.400     485.120537
      -2.300     484.711642
      -2.200     484.315709
      -2.100     483.932955
      -2.000     483.563566
      -1.900     483.207732
      -1.800     482.865776
      -1.700     482.538057
      -1.600     482.224931
      -1.500     481.926750
      -1.400     481.643852
      -1.300     481.376564
      -1.200     481.125194
      -1.100     480.890028
      -1.000     480.671331
      -0.900     480.469243
      -0.800     480.283494
      -0.700     480.113711
      -0.600     479.959518
      -0.500     479.820541
      -0.400     479.696411
      -0.300     479.586770
      -0.200     479.491272
      -0.100     479.409589
       0.000     479.341411
       0.100     479.286493
       0.200     479.244753
       0.300     479.216100
       0.400     479.200391
       0.500     479.197432
       0.600     479.206970
       0.700     479.228707
       0.800     479.262292
       0.900     479.307332
       1.000     479.363392
       1.100     479.430081
       1.200     479.507306
       1.300     479.595083
       1.400     479.693463
       1.500     479.802525
       1.600     479.922376
       1.700     480.053145
       1.800     480.194974
       1.900     480.348017
       2.000     480.512432
       2.100     480.688225
       2.200     480.874798
       2.300     481.071364
       2.400     481.277101
       2.500     481.491163
       2.600     481.712684
       2.700     481.940796
       2.800     482.174636
       2.900     482.413359
       3.000     482.656145
       3.100     482.902302
       3.200     483.151502
       3.300     483.403496
       3.400     483.658025
       3.500     483.914813
       3.600     484.173571
       3.700     484.433994
       3.800     484.695762
       3.900     484.958542
       4.000     485.221984
       4.100     485.485761
       4.200     485.749693
       4.300     486.013653
       4.400     486.277534
       4.500     486.541243
       4.600     486.804701
       4.700     487.067839
       4.800     487.330590
       4.900     487.592890
       5.000     487.854670
       5.100     488.115731
       5.200     488.375356
       5.300     488.632698
       5.400     488.886921
       5.500     489.137206
       5.600     489.382764
       5.700     489.622845
       5.800     489.856752
       5.900     490.083844
       6.000     490.303548
       6.100     490.515441
       6.200     490.719468
       6.300     490.915638
       6.400     491.103932
       6.500     491.284304
       6.600     491.456677
       6.700     491.620943
       6.800     491.776964
       6.900     491.924569
       7.000     492.063556
       7.100     492.193728
       7.200     492.315019
       7.300     492.427446
       7.400     492.531084
       7.500     492.626060
       7.600     492.712554
       7.700     492.790797
       7.800     492.861070
       7.900     492.923696
       8.000     492.979038
       8.100     493.027363
       8.200     493.068409
       8.300     493.101765
       8.400     493.126999
       8.500     493.143667
       8.600     493.151319
       8.700     493.149500
       8.800     493.137756
       8.900     493.115641
       9.000     493.082716
       9.100     493.038681
       9.200     492.983747
       9.300     492.918281
       9.400     492.842684
       9.500     492.757387
       9.600     492.662852
       9.700     492.559568
       9.800     492.448044
       9.900     492.328813
      10.000     492.202419
      10.100     492.069389
      10.200     491.930120
      10.300     491.784962
      10.400     491.634252
      10.500     491.478307
      10.600     491.317428
      10.700     491.151894
      10.800     490.981964
      10.900     490.807877
      11.000     490.629846
      11.100     490.448012
      11.200     490.262298
      11.300     490.072626
      11.400     489.878970
      11.500     489.681363
      11.600     489.479896
      11.700     489.274716
      11.800     489.066030
      11.900     488.854097
      12.000     488.639228
      12.100     488.421835
      12.200     488.202543
      12.300     487.981974
      12.400     487.760683
      12.500     487.539159
      12.600     487.317828
      12.700     487.097048
      12.800     486.877111
      12.900     486.658245
      13.000     486.440615
      13.100     486.224354
      13.200     486.009713
      13.300     485.797042
      13.400     485.586760
      13.500     485.379353
      13.600     485.175360
      13.700     484.975371
      13.800     484.780013
      13.900     484.589943
      14.000     484.405837
      14.100     484.228273
      14.200     484.057379
      14.300     483.893128
      14.400     483.735444
      14.500     483.584215
      14.600     483.439293
      14.700     483.300504
      14.800     483.167657
      14.900     483.040542
      15.000     482.918940
      15.100     482.802731
      15.200     482.692203
      15.300     482.587752
      15.400     482.489780
      15.500     482.398686
      15.600     482.314867
      15.700     482.238708
      15.800     482.170584
      15.900     482.110853
      16.000     482.059855
      16.100     482.017900
      16.200     481.985229
      16.300     481.962059
      16.400     481.948600
      16.500     481.945039
      16.600     481.951545
      16.700     481.968259
      16.800     481.995290
      16.900     482.032715
      17.000     482.080571
      17.100     482.138801
      17.200     482.207087
      17.300     482.285057
      17.400     482.372346
      17.500     482.468608
      17.600     482.573516
      17.700     482.686765
      17.800     482.808079
      17.900     482.937210
      18.000     483.073944
      18.100     483.218149
      18.200     483.369899
      18.300     483.529279
      18.400     483.696330
      18.500     483.871040
      18.600     484.053349
      18.700     484.243146
      18.800     484.440270
      18.900     484.644515
      19.000     484.855630
      19.100     485.073384
      19.200     485.297746
      19.300     485.528769
      19.400     485.766538
      19.500     486.011163
      19.600     486.262778
      19.700     486.521537
      19.800     486.787604
      19.900     487.061152
      20.000     487.342353
      20.100     487.631204
      20.200     487.927019
      20.300     488.228912
      20.400     488.535966
      20.500     488.847247
      20.600     489.161819
      20.700     489.478755
      20.800     489.797153
      20.900     490.116150
      21.000     490.434935
      21.100     490.752934
      21.200     491.070288
      21.300     491.387311
      21.400     491.704308
      21.500     492.021561
      21.600     492.339327
      21.700     492.657825
      21.800     492.977227
      21.900     493.297653
      22.000     493.619157
      22.100     493.941637
      22.200     494.264632
      22.300     494.587627
      22.400     494.910157
      22.500     495.231803
      22.600     495.552202
      22.700     495.871046
      22.800     496.188080
      22.900     496.503108
      23.000     496.815985
      23.100     497.126533
      23.200     497.434266
      23.300     497.738603
      23.400     498.038962
      23.500     498.334773
      23.600     498.625493
      23.700     498.910620
      23.800     499.189704
      23.900     499.462358
      24.000     499.728266
      24.100     499.987239
      24.200     500.239350
      24.300     500.484726
      24.400     500.723490
      24.500     500.955749
      24.600     501.181588
      24.700     501.401065
      24.800     501.614201
      24.900     501.820977
      25.000     502.021327
      25.100     502.215123
      25.200     502.402182
      25.300     502.582390
      25.400     502.755718
      25.500     502.922220
      25.600     503.082023
      25.700     503.235310
      25.800     503.382310
      25.900     503.523270
      26.000     503.658434
      26.100     503.787873
      26.200     503.911032
      26.300     504.027189
      26.400     504.135631
      26.500     504.235691
      26.600     504.326765
      26.700     504.408347
      26.800     504.480031
      26.900     504.541529
      27.000     504.592668
      27.100     504.633543
      27.200     504.664949
      27.300     504.687797
      27.400     504.702937
      27.500     504.711143
      27.600     504.713103
      27.700     504.709408
      27.800     504.700545
      27.900     504.686883
      28.000     504.668666
      28.100     504.645881
      28.200     504.617980
      28.300     504.584402
      28.400     504.544742
      28.500     504.498757
      28.600     504.446375
      28.700     504.387691
      28.800     504.322969
      28.900     504.252625
      29.000     504.177217
      29.100     504.097347
      29.200     504.013360
      29.300     503.925444
      29.400     503.833702
      29.500     503.738166
      29.600     503.638808
      29.700     503.535548
      29.800     503.428266
      29.900     503.316808
      30.000     503.200999
      30.100     503.080724
      30.200     502.956195
      30.300     502.827759
      30.400     502.695815
      30.500     502.560811
      30.600     502.423223
      30.700     502.283553
      30.800     502.142309
      30.900     502.000003
      31.000     501.857133
      31.100     501.714127
      31.200     501.571199
      31.300     501.428531
      31.400     501.286330
      31.500     501.144821
      31.600     501.004248
      31.700     500.864869
      31.800     500.726949
      31.900     500.590760
      32.000     500.456572
      32.100     500.324565
      32.200     500.194579
      32.300     500.066356
      32.400     499.939635
      32.500     499.814155
      32.600     499.689669
      32.700     499.565946
      32.800     499.442784
      32.900     499.320011
      33.000     499.197497
      33.100     499.075285
      33.200     498.953964
      33.300     498.834235
      33.400     498.716765
      33.500     498.602172
      33.600     498.491016
      33.700     498.383785
      33.800     498.280896
      33.900     498.182679
      34.000     498.089383
      34.100     498.001102
      34.200     497.917614
      34.300     497.838666
      34.400     497.764055
      34.500     497.693633
      34.600     497.627307
      34.700     497.565038
      34.800     497.506842
      34.900     497.452790
      35.000     497.403004
      35.100     497.357617
      35.200     497.316609
      35.300     497.279864
      35.400     497.247202
      35.500     497.218378
      35.600     497.193089
      35.700     497.170975
      35.800     497.151627
      35.900     497.134595
      36.000     497.119396
      36.100     497.105649
      36.200     497.093488
      36.300     497.083203
      36.400     497.075114
      36.500     497.069562
      36.600     497.066904
      36.700     497.067509
      36.800     497.071745
      36.900     497.079981
      37.000     497.092570
      37.100     497.109740
      37.200     497.131267
      37.300     497.156794
      37.400     497.185945
      37.500     497.218321
      37.600     497.253518
      37.700     497.291124
      37.800     497.330730
      37.900     497.371935
      38.000     497.414353
      38.100     497.457626
      38.200     497.501441
      38.300     497.545484
      38.400     497.589435
      38.500     497.632971
      38.600     497.675765
      38.700     497.717494
      38.800     497.757842
      38.900     497.796502
      39.000     497.833182
      39.100     497.867698
      39.200     497.900228
      39.300     497.931032
      39.400     497.960351
      39.500     497.988404
      39.600     498.015383
      39.700     498.041439
      39.800     498.066684
      39.900     498.091181
      40.000     498.114934
      40.100     498.137799
      40.200     498.159266
      40.300     498.178760
      40.400     498.195739
      40.500     498.209704
      40.600     498.220211
      40.700     498.226875
      40.800     498.229377
      40.900     498.227471
      41.000     498.220986
      41.100     498.209828
      41.200     498.193937
      41.300     498.173220
      41.400     498.147550
      41.500     498.116762
      41.600     498.080656
      41.700     498.038997
      41.800     497.991523
      41.900     497.937938
      42.000     497.877923
      42.100     497.811200
      42.200     497.737755
      42.300     497.657652
      42.400     497.570977
      42.500     497.477826
      42.600     497.378310
      42.700     497.272550
      42.800     497.160673
      42.900     497.042812
      43.000     496.919102
      43.100     496.789638
      43.200     496.654357
      43.300     496.513169
      43.400     496.365995
      43.500     496.212771
      43.600     496.053449
      43.700     495.887998
      43.800     495.716401
      43.900     495.538662
      44.000     495.354798
      44.100     495.164790
      44.200     494.968410
      44.300     494.765383
      44.400     494.555443
      44.500     494.338336
      44.600     494.113818
      44.700     493.881667
      44.800     493.641676
      44.900     493.393662
      45.000     493.137463
      45.100     492.873077
      45.200     492.601041
      45.300     492.322022
      45.400     492.036673
      45.500     491.745630
      45.600     491.449512
      45.700     491.148911
      45.800     490.844388
      45.900     490.536472
      46.000     490.225651
      46.100     489.912243
      46.200     489.596039
      46.300     489.276734
      46.400     488.954067
      46.500     488.627821
      46.600     488.297826
      46.700     487.963963
      46.800     487.626165
      46.900     487.284419
      47.000     486.938765
      47.100     486.589345
      47.200     486.236496
      47.300     485.880585
      47.400     485.521950
      47.500     485.160907
      47.600     484.797748
      47.700     484.432737
      47.800     484.066113
      47.900     483.698087
      48.000     483.328846
      48.100     482.958590
      48.200     482.587677
      48.300     482.216525
      48.400     481.845572
      48.500     481.475269
      48.600     481.106079
      48.700     480.738471
      48.800     480.372916
      48.900     480.009881
      49.000     479.649828
      49.100     479.293156
      49.200     478.940056
      49.300     478.590680
      49.400     478.245193
      49.500     477.903772
      49.600     477.566606
      49.700     477.233901
      49.800     476.905872
      49.900     476.582749
      50.000     476.264772
      50.100     475.952157
      50.200     475.644974
      50.300     475.343245
      50.400     475.046983
      50.500     474.756192
      50.600     474.470877
      50.700     474.191044
      50.800     473.916706
      50.900     473.647886
      51.000     473.384624
      51.100     473.127107
      51.200     472.876044
      51.300     472.632269
      51.400     472.396602
      51.500     472.169836
      51.600     471.952725
      51.700     471.745971
      51.800     471.550217
      51.900     471.366035
      52.000     471.193924
      52.100     471.034159
      52.200     470.886404
      52.300     470.750205
      52.400     470.625147
      52.500     470.510863
      52.600     470.407035
      52.700     470.313401
      52.800     470.229758
      52.900     470.155966
      53.000     470.091953
      53.100     470.037778
      53.200     469.993798
      53.300     469.960407
      53.400     469.937960
      53.500     469.926772
      53.600     469.927112
      53.700     469.939204
      53.800     469.963228
      53.900     469.999317
      54.000     470.047561
      54.100     470.108024
      54.200     470.180814
      54.300     470.266051
      54.400     470.363853
      54.500     470.474330
      54.600     470.597589
      54.700     470.733722
      54.800     470.882814
      54.900     471.044932
      55.000     471.220130
      55.100     471.408400
      55.200     471.609549
      55.300     471.823339
      55.400     472.049537
      55.500     472.287917
      55.600     472.538255
      55.700     472.800337
      55.800     473.073957
      55.900     473.358917
      56.000     473.655031
      56.100     473.962125
      56.200     474.280041
      56.300     474.608622
      56.400     474.947709
      56.500     475.297143
      56.600     475.656764
      56.700     476.026416
      56.800     476.405945
      56.900     476.795201
      57.000     477.194041
      57.100     477.602373
      57.200     478.020277
      57.300     478.447835
      57.400     478.885076
      57.500     479.331977
      57.600     479.788460
      57.700     480.254393
      57.800     480.729591
      57.900     481.213812
      58.000     481.706763
      58.100     482.208052
      58.200     482.717100
      58.300     483.233330
      58.400     483.756227
      58.500     484.285338
      58.600     484.820269
      58.700     485.360694
      58.800     485.906351
      58.900     486.457044
      59.000     487.012645
      59.100     487.573071
      59.200     488.138173
      59.300     488.707715
      59.400     489.281392
      59.500     489.858824
      59.600     490.439566
      59.700     491.023106
      59.800     491.608873
      59.900     492.196239
      60.000     492.784523