   -1000.000      -0.033760
    -999.900      -0.033546
    -999.800      -0.033299
    -999.700      -0.033021
    -999.600      -0.032711
    -999.500      -0.032371
    -999.400      -0.032001
    -999.300      -0.031603
    -999.200      -0.031178
    -999.100      -0.030727
    -999.000      -0.030250
    -998.900      -0.029750
    -998.800      -0.029225
    -998.700      -0.028675
    -998.600      -0.028100
    -998.500      -0.027499
    -998.400      -0.026871
    -998.300      -0.026217
    -998.200      -0.025536
    -998.100      -0.024828
    -998.000      -0.024092
    -997.900      -0.023329
    -997.800      -0.022538
    -997.700      -0.021721
    -997.600      -0.020880
    -997.500      -0.020014
    -997.400      -0.019124
    -997.300      -0.018213
    -997.200      -0.017280
    -997.100      -0.016326
    -997.000      -0.015352
    -996.900      -0.014360
    -996.800      -0.013350
    -996.700      -0.012321
    -996.600      -0.011276
    -996.500      -0.010215
    -996.400      -0.009139
    -996.300      -0.008048
    -996.200      -0.006943
    -996.100      -0.005826
    -996.000      -0.004698
    -995.900      -0.003558
    -995.800      -0.002409
    -995.700      -0.001250
    -995.600      -0.000084
    -995.500       0.001090
    -995.400       0.002271
    -995.300       0.003456
    -995.200       0.004646
    -995.100       0.005839
    -995.000       0.007034
    -994.900       0.008231
    -994.800       0.009427
    -994.700       0.010623
    -994.600       0.011816
    -994.500       0.013007
    -994.400       0.014194
    -994.300       0.015377
    -994.200       0.016555
    -994.100       0.017727
    -994.000       0.018892
    -993.900       0.020050
    -993.800       0.021199
    -993.700       0.022339
    -993.600       0.023468
    -993.500       0.024584
    -993.400       0.025687
    -993.300       0.026775
    -993.200       0.027846
    -993.100       0.028899
    -993.000       0.029933
    -992.900       0.030946
    -992.800       0.031937
    -992.700       0.032905
    -992.600       0.033851
    -992.500       0.034772
    -992.400       0.035668
    -992.300       0.036539
    -992.200       0.037384
    -992.100       0.038201
    -992.000       0.038991
    -991.900       0.039753
    -991.800       0.040486
    -991.700       0.041190
    -991.600       0.041862
    -991.500       0.042503
    -991.400       0.043112
    -991.300       0.043689
    -991.200       0.044232
    -991.100       0.044741
    -991.000       0.045217
    -990.900       0.045657
    -990.800       0.046063
    -990.700       0.046433
    -990.600       0.046767
    -990.500       0.047063
    -990.400       0.047322
    -990.300       0.047542
    -990.200       0.047722
    -990.100       0.047863
    -990.000       0.047962
    -989.900       0.048020
    -989.800       0.048036
    -989.700       0.048010
    -989.600       0.047941
    -989.500       0.047830
    -989.400       0.047677
    -989.300       0.047482
    -989.200       0.047245
    -989.100       0.046967
    -989.000       0.046648
    -988.900       0.046289
    -988.800       0.045889
    -988.700       0.045449
    -988.600       0.044970
    -988.500       0.044451
    -988.400       0.043894
    -988.300       0.043298
    -988.200       0.042664
    -988.100       0.041992
    -988.000       0.041283
    -987.900       0.040538
    -987.800       0.039756
    -987.700       0.038938
    -987.600       0.038083
    -987.500       0.037192
    -987.400       0.036265
    -987.300       0.035303
    -987.200       0.034305
    -987.100       0.033273
    -987.000       0.032206
    -986.900       0.031105
    -986.800       0.029971
    -986.700       0.028806
    -986.600       0.027611
    -986.500       0.026387
    -986.400       0.025135
    -986.300       0.023858
    -986.200       0.022557
    -986.100       0.021232
    -986.000       0.019886
    -985.900       0.018520
    -985.800       0.017134
    -985.700       0.015730
    -985.600       0.014308
    -985.500       0.012869
    -985.400       0.011415
    -985.300       0.009945
    -985.200       0.008462
    -985.100       0.006966
    -985.000       0.005459
    -984.900       0.003941
    -984.800       0.002414
    -984.700       0.000880
    -984.600      -0.000660
    -984.500      -0.002204
    -984.400      -0.003751
    -984.300      -0.005299
    -984.200      -0.006847
    -984.100      -0.008393
    -984.000      -0.009936
    -983.900      -0.011475
    -983.800      -0.013009
    -983.700      -0.014535
    -983.600      -0.016054
    -983.500      -0.017564
    -983.400      -0.019063
    -983.300      -0.020551
    -983.200      -0.022025
    -983.100      -0.023486
    -983.000      -0.024931
    -982.900      -0.026359
    -982.800      -0.027769
    -982.700      -0.029159
    -982.600      -0.030527
    -982.500      -0.031871
    -982.400      -0.033190
    -982.300      -0.034482
    -982.200      -0.035746
    -982.100      -0.036979
    -982.000      -0.038180
    -981.900      -0.039348
    -981.800      -0.040481
    -981.700      -0.041580
    -981.600      -0.042644
    -981.500      -0.043672
    -981.400      -0.044664
    -981.300      -0.045619
    -981.200      -0.046538
    -981.100      -0.047419
    -981.000      -0.048262
    -980.900      -0.049068
    -980.800      -0.049835
    -980.700      -0.050561
    -980.600      -0.051245
    -980.500      -0.051886
    -980.400      -0.052483
    -980.300      -0.053034
    -980.200      -0.053538
    -980.100      -0.053995
    -980.000      -0.054402
    -979.900      -0.054760
    -979.800      -0.055069
    -979.700      -0.055326
    -979.600      -0.055534
    -979.500      -0.055692
    -979.400      -0.055799
    -979.300      -0.055857
    -979.200      -0.055864
    -979.100      -0.055822
    -979.000      -0.055730
    -978.900      -0.055588
    -978.800      -0.055397
    -978.700      -0.055157
    -978.600      -0.054867
    -978.500      -0.054527
    -978.400      -0.054138
    -978.300      -0.053700
    -978.200      -0.053213
    -978.100      -0.052678
    -978.000      -0.052094
    -977.900      -0.051462
    -977.800      -0.050782
    -977.700      -0.050056
    -977.600      -0.049283
    -977.500      -0.048465
    -977.400      -0.047603
    -977.300      -0.046697
    -977.200      -0.045749
    -977.100      -0.044760
    -977.000      -0.043731
    -976.900      -0.042662
    -976.800      -0.041555
    -976.700      -0.040411
    -976.600      -0.039229
    -976.500      -0.038011
    -976.400      -0.036756
    -976.300      -0.035466
    -976.200      -0.034141
    -976.100      -0.032782
    -976.000      -0.031389
    -975.900      -0.029963
    -975.800      -0.028505
    -975.700      -0.027018
    -975.600      -0.025503
    -975.500      -0.023963
    -975.400      -0.022399
    -975.300      -0.020815
    -975.200      -0.019213
    -975.100      -0.017594
    -975.000      -0.015962
    -974.900      -0.014318
    -974.800      -0.012663
    -974.700      -0.010999
    -974.600      -0.009326
    -974.500      -0.007645
    -974.400      -0.005957
    -974.300      -0.004263
    -974.200      -0.002563
    -974.100      -0.000860
    -974.000       0.000847
    -973.900       0.002557
    -973.800       0.004267
    -973.700       0.005976
    -973.600       0.007683
    -973.500       0.009385
    -973.400       0.011080
    -973.300       0.012767
    -973.200       0.014445
    -973.100       0.016111
    -973.000       0.017764
    -972.900       0.019402
    -972.800       0.021024
    -972.700       0.022628
    -972.600       0.024211
    -972.500       0.025773
    -972.400       0.027311
    -972.300       0.028824
    -972.200       0.030310
    -972.100       0.031768
    -972.000       0.033195
    -971.900       0.034590
    -971.800       0.035953
    -971.700       0.037282
    -971.600       0.038577
    -971.500       0.039837
    -971.400       0.041062
    -971.300       0.042250
    -971.200       0.043401
    -971.100       0.044514
    -971.000       0.045588
    -970.900       0.046623
    -970.800       0.047618
    -970.700       0.048571
    -970.600       0.049482
    -970.500       0.050350
    -970.400       0.051174
    -970.300       0.051953
    -970.200       0.052686
    -970.100       0.053373
    -970.000       0.054013
    -969.900       0.054605
    -969.800       0.055149
    -969.700       0.055645
    -969.600       0.056090
    -969.500       0.056485
    -969.400       0.056829
    -969.300       0.057121
    -969.200       0.057360
    -969.100       0.057547
    -969.000       0.057680
    -968.900       0.057760
    -968.800       0.057786
    -968.700       0.057760
    -968.600       0.057682
    -968.500       0.057553
    -968.400       0.057374
    -968.300       0.057145
    -968.200       0.056866
    -968.100       0.056540
    -968.000       0.056166
    -967.900       0.055745
    -967.800       0.055276
    -967.700       0.054761
    -967.600       0.054198
    -967.500       0.053589
    -967.400       0.052934
    -967.300       0.052232
    -967.200       0.051485
    -967.100       0.050694
    -967.000       0.049858
    -966.900       0.048980
    -966.800       0.048060
    -966.700       0.047099
    -966.600       0.046097
    -966.500       0.045057
    -966.400       0.043977
    -966.300       0.042860
    -966.200       0.041706
    -966.100       0.040515
    -966.000       0.039288
    -965.900       0.038027
    -965.800       0.036731
    -965.700       0.035404
    -965.600       0.034045
    -965.500       0.032658
    -965.400       0.031243
    -965.300       0.029802
    -965.200       0.028337
    -965.100       0.026851
    -965.000       0.025344
    -964.900       0.023818
    -964.800       0.022275
    -964.700       0.020717
    -964.600       0.019143
    -964.500       0.017555
    -964.400       0.015956
    -964.300       0.014345
    -964.200       0.012724
    -964.100       0.011095
    -964.000       0.009458
    -963.900       0.007816
    -963.800       0.006168
    -963.700       0.004518
    -963.600       0.002865
    -963.500       0.001212
    -963.400      -0.000441
    -963.300      -0.002093
    -963.200      -0.003741
    -963.100      -0.005386
    -963.000      -0.007026
    -962.900      -0.008660
    -962.800      -0.010285
    -962.700      -0.011901
    -962.600      -0.013505
    -962.500      -0.015096
    -962.400      -0.016671
    -962.300      -0.018229
    -962.200      -0.019768
    -962.100      -0.021286
    -962.000      -0.022782
    -961.900      -0.024254
    -961.800      -0.025701
    -961.700      -0.027124
    -961.600      -0.028519
    -961.500      -0.029888
    -961.400      -0.031229
    -961.300      -0.032541
    -961.200      -0.033823
    -961.100      -0.035074
    -961.000      -0.036293
    -960.900      -0.037480
    -960.800      -0.038633
    -960.700      -0.039751
    -960.600      -0.040833
    -960.500      -0.041879
    -960.400      -0.042889
    -960.300      -0.043860
    -960.200      -0.044795
    -960.100      -0.045691
    -960.000      -0.046548
    -959.900      -0.047368
    -959.800      -0.048148
    -959.700      -0.048888
    -959.600      -0.049586
    -959.500      -0.050243
    -959.400      -0.050857
    -959.300      -0.051426
    -959.200      -0.051949
    -959.100      -0.052427
    -959.000      -0.052857
    -958.900      -0.053239
    -958.800      -0.053572
    -958.700      -0.053857
    -958.600      -0.054094
    -958.500      -0.054284
    -958.400      -0.054426
    -958.300      -0.054522
    -958.200      -0.054572
    -958.100      -0.054576
    -958.000      -0.054535
    -957.900      -0.054450
    -957.800      -0.054322
    -957.700      -0.054149
    -957.600      -0.053933
    -957.500      -0.053673
    -957.400      -0.053370
    -957.300      -0.053025
    -957.200      -0.052637
    -957.100      -0.052206
    -957.000      -0.051735
    -956.900      -0.051222
    -956.800      -0.050668
    -956.700      -0.050074
    -956.600      -0.049439
    -956.500      -0.048764
    -956.400      -0.048049
    -956.300      -0.047295
    -956.200      -0.046502
    -956.100      -0.045670
    -956.000      -0.044800
    -955.900      -0.043893
    -955.800      -0.042948
    -955.700      -0.041969
    -955.600      -0.040955
    -955.500      -0.039908
    -955.400      -0.038830
    -955.300      -0.037722
    -955.200      -0.036585
    -955.100      -0.035422
    -955.000      -0.034232
    -954.900      -0.033017
    -954.800      -0.031780
    -954.700      -0.030520
    -954.600      -0.029238
    -954.500      -0.027937
    -954.400      -0.026616
    -954.300      -0.025278
    -954.200      -0.023924
    -954.100      -0.022554
    -954.000      -0.021171
    -953.900      -0.019775
    -953.800      -0.018368
    -953.700      -0.016950
    -953.600      -0.015521
    -953.500      -0.014083
    -953.400      -0.012636
    -953.300      -0.011181
    -953.200      -0.009719
    -953.100      -0.008250
    -953.000      -0.006776
    -952.900      -0.005296
    -952.800      -0.003813
    -952.700      -0.002328
    -952.600      -0.000844
    -952.500       0.000637
    -952.400       0.002114
    -952.300       0.003584
    -952.200       0.005046
    -952.100       0.006498
    -952.000       0.007937
    -951.900       0.009364
    -951.800       0.010776
    -951.700       0.012174
    -951.600       0.013556
    -951.500       0.014922
    -951.400       0.016272
    -951.300       0.017605
    -951.200       0.018919
    -951.100       0.020215
    -951.000       0.021492
    -950.900       0.022749
    -950.800       0.023984
    -950.700       0.025197
    -950.600       0.026386
    -950.500       0.027550
    -950.400       0.028688
    -950.300       0.029798
    -950.200       0.030881
    -950.100       0.031934
    -950.000       0.032958
    -949.900       0.033951
    -949.800       0.034912
    -949.700       0.035842
    -949.600       0.036740
    -949.500       0.037605
    -949.400       0.038436
    -949.300       0.039234
    -949.200       0.039997
    -949.100       0.040726
    -949.000       0.041419
    -948.900       0.042076
    -948.800       0.042697
    -948.700       0.043281
    -948.600       0.043827
    -948.500       0.044334
    -948.400       0.044802
    -948.300       0.045231
    -948.200       0.045619
    -948.100       0.045966
    -948.000       0.046273
    -947.900       0.046537
    -947.800       0.046760
    -947.700       0.046942
    -947.600       0.047084
    -947.500       0.047187
    -947.400       0.047250
    -947.300       0.047274
    -947.200       0.047261
    -947.100       0.047211
    -947.000       0.047125
    -946.900       0.047003
    -946.800       0.046846
    -946.700       0.046653
    -946.600       0.046423
    -946.500       0.046157
    -946.400       0.045854
    -946.300       0.045513
    -946.200       0.045136
    -946.100       0.044720
    -946.000       0.044266
    -945.900       0.043775
    -945.800       0.043246
    -945.700       0.042680
    -945.600       0.042080
    -945.500       0.041445
    -945.400       0.040776
    -945.300       0.040076
    -945.200       0.039344
    -945.100       0.038583
    -945.000       0.037793
    -944.900       0.036975
    -944.800       0.036130
    -944.700       0.035260
    -944.600       0.034365
    -944.500       0.033445
    -944.400       0.032502
    -944.300       0.031536
    -944.200       0.030548
    -944.100       0.029539
    -944.000       0.028510
    -943.900       0.027461
    -943.800       0.026394
    -943.700       0.025309
    -943.600       0.024208
    -943.500       0.023090
    -943.400       0.021957
    -943.300       0.020810
    -943.200       0.019649
    -943.100       0.018477
    -943.000       0.017294
    -942.900       0.016100
    -942.800       0.014898
    -942.700       0.013688
    -942.600       0.012472
    -942.500       0.011249
    -942.400       0.010022
    -942.300       0.008792
    -942.200       0.007558
    -942.100       0.006323
    -942.000       0.005087
    -941.900       0.003851
    -941.800       0.002616
    -941.700       0.001383
    -941.600       0.000154
    -941.500      -0.001070
    -941.400      -0.002287
    -941.300      -0.003497
    -941.200      -0.004697
    -941.100      -0.005886
    -941.000      -0.007063
    -940.900      -0.008227
    -940.800      -0.009376
    -940.700      -0.010511
    -940.600      -0.011630
    -940.500      -0.012734
    -940.400      -0.013822
    -940.300      -0.014893
    -940.200      -0.015947
    -940.100      -0.016984
    -940.000      -0.018002
    -939.900      -0.019003
    -939.800      -0.019985
    -939.700      -0.020946
    -939.600      -0.021887
    -939.500      -0.022805
    -939.400      -0.023701
    -939.300      -0.024573
    -939.200      -0.025420
    -939.100      -0.026242
    -939.000      -0.027038
    -938.900      -0.027807
    -938.800      -0.028548
    -938.700      -0.029260
    -938.600      -0.029943
    -938.500      -0.030596
    -938.400      -0.031219
    -938.300      -0.031811
    -938.200      -0.032372
    -938.100      -0.032901
    -938.000      -0.033398
    -937.900      -0.033862
    -937.800      -0.034294
    -937.700      -0.034694
    -937.600      -0.035062
    -937.500      -0.035398
    -937.400      -0.035702
    -937.300      -0.035975
    -937.200      -0.036217
    -937.100      -0.036427
    -937.000      -0.036606
    -936.900      -0.036754
    -936.800      -0.036870
    -936.700      -0.036954
    -936.600      -0.037007
    -936.500      -0.037028
    -936.400      -0.037018
    -936.300      -0.036976
    -936.200      -0.036902
    -936.100      -0.036798
    -936.000      -0.036662
    -935.900      -0.036496
    -935.800      -0.036300
    -935.700      -0.036075
    -935.600      -0.035819
    -935.500      -0.035534
    -935.400      -0.035219
    -935.300      -0.034875
    -935.200      -0.034502
    -935.100      -0.034101
    -935.000      -0.033670
    -934.900      -0.033212
    -934.800      -0.032725
    -934.700      -0.032213
    -934.600      -0.031675
    -934.500      -0.031112
    -934.400      -0.030526
    -934.300      -0.029917
    -934.200      -0.029288
    -934.100      -0.028638
    -934.000      -0.027969
    -933.900      -0.027281
    -933.800      -0.026576
    -933.700      -0.025854
    -933.600      -0.025115
    -933.500      -0.024360
    -933.400      -0.023590
    -933.300      -0.022804
    -933.200      -0.022004
    -933.100      -0.021190
    -933.000      -0.020362
    -932.900      -0.019523
    -932.800      -0.018672
    -932.700      -0.017810
    -932.600      -0.016938
    -932.500      -0.016057
    -932.400      -0.015168
    -932.300      -0.014271
    -932.200      -0.013368
    -932.100      -0.012458
    -932.000      -0.011544
    -931.900      -0.010624
    -931.800      -0.009702
    -931.700      -0.008777
    -931.600      -0.007850
    -931.500      -0.006923
    -931.400      -0.005997
    -931.300      -0.005072
    -931.200      -0.004150
    -931.100      -0.003232
    -931.000      -0.002318
    -930.900      -0.001410
    -930.800      -0.000508
    -930.700       0.000387
    -930.600       0.001275
    -930.500       0.002154
    -930.400       0.003023
    -930.300       0.003882
    -930.200       0.004729
    -930.100       0.005565
    -930.000       0.006387
    -929.900       0.007195
    -929.800       0.007988
    -929.700       0.008768
    -929.600       0.009533
    -929.500       0.010284
    -929.400       0.011021
    -929.300       0.011744
    -929.200       0.012453
    -929.100       0.013148
    -929.000       0.013829
    -928.900       0.014496
    -928.800       0.015149
    -928.700       0.015785
    -928.600       0.016403
    -928.500       0.017002
    -928.400       0.017581
    -928.300       0.018137
    -928.200       0.018671
    -928.100       0.019181
    -928.000       0.019666
    -927.900       0.020125
    -927.800       0.020558
    -927.700       0.020967
    -927.600       0.021352
    -927.500       0.021714
    -927.400       0.022053
    -927.300       0.022371
    -927.200       0.022667
    -927.100       0.022942
    -927.000       0.023198
    -926.900       0.023434
    -926.800       0.023649
    -926.700       0.023845
    -926.600       0.024020
    -926.500       0.024174
    -926.400       0.024307
    -926.300       0.024418
    -926.200       0.024508
    -926.100       0.024577
    -926.000       0.024624
    -925.900       0.024649
    -925.800       0.024652
    -925.700       0.024635
    -925.600       0.024595
    -925.500       0.024535
    -925.400       0.024454
    -925.300       0.024353
    -925.200       0.024231
    -925.100       0.024089
    -925.000       0.023928
    -924.900       0.023748
    -924.800       0.023549
    -924.700       0.023333
    -924.600       0.023099
    -924.500       0.022848
    -924.400       0.022581
    -924.300       0.022298
    -924.200       0.022000
    -924.100       0.021687
    -924.000       0.021360
    -923.900       0.021019
    -923.800       0.020664
    -923.700       0.020296
    -923.600       0.019917
    -923.500       0.019526
    -923.400       0.019124
    -923.300       0.018713
    -923.200       0.018293
    -923.100       0.017865
    -923.000       0.017430
    -922.900       0.016988
    -922.800       0.016540
    -922.700       0.016085
    -922.600       0.015624
    -922.500       0.015156
    -922.400       0.014682
    -922.300       0.014201
    -922.200       0.013714
    -922.100       0.013221
    -922.000       0.012721
    -921.900       0.012216
    -921.800       0.011705
    -921.700       0.011191
    -921.600       0.010673
    -921.500       0.010154
    -921.400       0.009635
    -921.300       0.009116
    -921.200       0.008597
    -921.100       0.008081
    -921.000       0.007568
    -920.900       0.007058
    -920.800       0.006552
    -920.700       0.006049
    -920.600       0.005551
    -920.500       0.005056
    -920.400       0.004566
    -920.300       0.004081
    -920.200       0.003601
    -920.100       0.003127
    -920.000       0.002659
    -919.900       0.002196
    -919.800       0.001741
    -919.700       0.001291
    -919.600       0.000849
    -919.500       0.000412
    -919.400      -0.000017
    -919.300      -0.000441
    -919.200      -0.000858
    -919.100      -0.001269
    -919.000      -0.001673
    -918.900      -0.002071
    -918.800      -0.002462
    -918.700      -0.002846
    -918.600      -0.003222
    -918.500      -0.003588
    -918.400      -0.003946
    -918.300      -0.004294
    -918.200      -0.004631
    -918.100      -0.004958
    -918.000      -0.005273
    -917.900      -0.005577
    -917.800      -0.005870
    -917.700      -0.006151
    -917.600      -0.006422
    -917.500      -0.006682
    -917.400      -0.006932
    -917.300      -0.007172
    -917.200      -0.007402
    -917.100      -0.007622
    -917.000      -0.007833
    -916.900      -0.008034
    -916.800      -0.008225
    -916.700      -0.008408
    -916.600      -0.008582
    -916.500      -0.008747
    -916.400      -0.008904
    -916.300      -0.009052
    -916.200      -0.009192
    -916.100      -0.009323
    -916.000      -0.009447
    -915.900      -0.009563
    -915.800      -0.009670
    -915.700      -0.009770
    -915.600      -0.009862
    -915.500      -0.009946
    -915.400      -0.010022
    -915.300      -0.010091
    -915.200      -0.010153
    -915.100      -0.010208
    -915.000      -0.010257
    -914.900      -0.010299
    -914.800      -0.010335
    -914.700      -0.010364
    -914.600      -0.010388
    -914.500      -0.010406
    -914.400      -0.010417
    -914.300      -0.010423
    -914.200      -0.010422
    -914.100      -0.010416
    -914.000      -0.010402
    -913.900      -0.010382
    -913.800      -0.010357
    -913.700      -0.010326
    -913.600      -0.010291
    -913.500      -0.010252
    -913.400      -0.010211
    -913.300      -0.010168
    -913.200      -0.010124
    -913.100      -0.010080
    -913.000      -0.010037
    -912.900      -0.009996
    -912.800      -0.009955
    -912.700      -0.009915
    -912.600      -0.009876
    -912.500      -0.009836
    -912.400      -0.009795
    -912.300      -0.009753
    -912.200      -0.009709
    -912.100      -0.009662
    -912.000      -0.009612
    -911.900      -0.009558
    -911.800      -0.009501
    -911.700      -0.009442
    -911.600      -0.009381
    -911.500      -0.009318
    -911.400      -0.009255
    -911.300      -0.009192
    -911.200      -0.009130
    -911.100      -0.009069
    -911.000      -0.009010
    -910.900      -0.008953
    -910.800      -0.008900
    -910.700      -0.008849
    -910.600      -0.008800
    -910.500      -0.008754
    -910.400      -0.008710
    -910.300      -0.008668
    -910.200      -0.008629
    -910.100      -0.008590
    -910.000      -0.008554
    -909.900      -0.008518
    -909.800      -0.008484
    -909.700      -0.008450
    -909.600      -0.008417
    -909.500      -0.008384
    -909.400      -0.008352
    -909.300      -0.008320
    -909.200      -0.008288
    -909.100      -0.008256
    -909.000      -0.008225
    -908.900      -0.008193
    -908.800      -0.008162
    -908.700      -0.008131
    -908.600      -0.008100
    -908.500      -0.008069
    -908.400      -0.008038
    -908.300      -0.008008
    -908.200      -0.007976
    -908.100      -0.007944
    -908.000      -0.007912
    -907.900      -0.007878
    -907.800      -0.007844
    -907.700      -0.007808
    -907.600      -0.007771
    -907.500      -0.007733
    -907.400      -0.007694
    -907.300      -0.007654
    -907.200      -0.007613
    -907.100      -0.007571
    -907.000      -0.007527
    -906.900      -0.007483
    -906.800      -0.007438
    -906.700      -0.007391
    -906.600      -0.007342
    -906.500      -0.007290
    -906.400      -0.007235
    -906.300      -0.007176
    -906.200      -0.007112
    -906.100      -0.007044
    -906.000      -0.006970
    -905.900      -0.006890
    -905.800      -0.006804
    -905.700      -0.006712
    -905.600      -0.006614
    -905.500      -0.006510
    -905.400      -0.006400
    -905.300      -0.006283
    -905.200      -0.006162
    -905.100      -0.006034
    -905.000      -0.005901
    -904.900      -0.005762
    -904.800      -0.005617
    -904.700      -0.005467
    -904.600      -0.005311
    -904.500      -0.005149
    -904.400      -0.004983
    -904.300      -0.004810
    -904.200      -0.004632
    -904.100      -0.004449
    -904.000      -0.004260
    -903.900      -0.004066
    -903.800      -0.003866
    -903.700      -0.003659
    -903.600      -0.003446
    -903.500      -0.003226
    -903.400      -0.002997
    -903.300      -0.002761
    -903.200      -0.002517
    -903.100      -0.002263
    -903.000      -0.002001
    -902.900      -0.001729
    -902.800      -0.001448
    -902.700      -0.001158
    -902.600      -0.000861
    -902.500      -0.000555
    -902.400      -0.000243
    -902.300       0.000076
    -902.200       0.000402
    -902.100       0.000734
    -902.000       0.001071
    -901.900       0.001414
    -901.800       0.001761
    -901.700       0.002114
    -901.600       0.002472
    -901.500       0.002834
    -901.400       0.003201
    -901.300       0.003572
    -901.200       0.003946
    -901.100       0.004325
    -901.000       0.004706
    -900.900       0.005090
    -900.800       0.005478
    -900.700       0.005867
    -900.600       0.006260
    -900.500       0.006655
    -900.400       0.007054
    -900.300       0.007454
    -900.200       0.007858
    -900.100       0.008264
    -900.000       0.008673
    -899.900       0.009084
    -899.800       0.009497
    -899.700       0.009910
    -899.600       0.010324
    -899.500       0.010737
    -899.400       0.011149
    -899.300       0.011559
    -899.200       0.011966
    -899.100       0.012369
    -899.000       0.012768
    -898.900       0.013163
    -898.800       0.013552
    -898.700       0.013936
    -898.600       0.014314
    -898.500       0.014685
    -898.400       0.015050
    -898.300       0.015407
    -898.200       0.015758
    -898.100       0.016100
    -898.000       0.016433
    -897.900       0.016758
    -897.800       0.017073
    -897.700       0.017379
    -897.600       0.017675
    -897.500       0.017962
    -897.400       0.018238
    -897.300       0.018504
    -897.200       0.018759
    -897.100       0.019004
    -897.000       0.019237
    -896.900       0.019458
    -896.800       0.019668
    -896.700       0.019864
    -896.600       0.020047
    -896.500       0.020216
    -896.400       0.020369
    -896.300       0.020507
    -896.200       0.020629
    -896.100       0.020734
    -896.000       0.020823
    -895.900       0.020895
    -895.800       0.020949
    -895.700       0.020985
    -895.600       0.021003
    -895.500       0.021003
    -895.400       0.020985
    -895.300       0.020947
    -895.200       0.020890
    -895.100       0.020814
    -895.000       0.020717
    -894.900       0.020600
    -894.800       0.020463
    -894.700       0.020305
    -894.600       0.020128
    -894.500       0.019931
    -894.400       0.019715
    -894.300       0.019480
    -894.200       0.019227
    -894.100       0.018956
    -894.000       0.018668
    -893.900       0.018363
    -893.800       0.018040
    -893.700       0.017700
    -893.600       0.017341
    -893.500       0.016964
    -893.400       0.016568
    -893.300       0.016153
    -893.200       0.015717
    -893.100       0.015262
    -893.000       0.014787
    -892.900       0.014291
    -892.800       0.013775
    -892.700       0.013240
    -892.600       0.012687
    -892.500       0.012115
    -892.400       0.011526
    -892.300       0.010921
    -892.200       0.010301
    -892.100       0.009666
    -892.000       0.009018
    -891.900       0.008356
    -891.800       0.007683
    -891.700       0.006997
    -891.600       0.006301
    -891.500       0.005593
    -891.400       0.004876
    -891.300       0.004148
    -891.200       0.003410
    -891.100       0.002664
    -891.000       0.001908
    -890.900       0.001143
    -890.800       0.000371
    -890.700      -0.000410
    -890.600      -0.001197
    -890.500      -0.001991
    -890.400      -0.002791
    -890.300      -0.003595
    -890.200      -0.004402
    -890.100      -0.005213
    -890.000      -0.006025
    -889.900      -0.006837
    -889.800      -0.007649
    -889.700      -0.008459
    -889.600      -0.009267
    -889.500      -0.010073
    -889.400      -0.010875
    -889.300      -0.011673
    -889.200      -0.012466
    -889.100      -0.013255
    -889.000      -0.014038
    -888.900      -0.014816
    -888.800      -0.015588
    -888.700      -0.016352
    -888.600      -0.017108
    -888.500      -0.017855
    -888.400      -0.018590
    -888.300      -0.019313
    -888.200      -0.020023
    -888.100      -0.020719
    -888.000      -0.021398
    -887.900      -0.022060
    -887.800      -0.022704
    -887.700      -0.023329
    -887.600      -0.023936
    -887.500      -0.024524
    -887.400      -0.025092
    -887.300      -0.025640
    -887.200      -0.026168
    -887.100      -0.026677
    -887.000      -0.027165
    -886.900      -0.027632
    -886.800      -0.028079
    -886.700      -0.028503
    -886.600      -0.028906
    -886.500      -0.029285
    -886.400      -0.029640
    -886.300      -0.029971
    -886.200      -0.030277
    -886.100      -0.030557
    -886.000      -0.030811
    -885.900      -0.031037
    -885.800      -0.031236
    -885.700      -0.031406
    -885.600      -0.031547
    -885.500      -0.031658
    -885.400      -0.031740
    -885.300      -0.031791
    -885.200      -0.031812
    -885.100      -0.031802
    -885.000      -0.031762
    -884.900      -0.031692
    -884.800      -0.031591
    -884.700      -0.031461
    -884.600      -0.031301
    -884.500      -0.031112
    -884.400      -0.030894
    -884.300      -0.030647
    -884.200      -0.030372
    -884.100      -0.030068
    -884.000      -0.029735
    -883.900      -0.029375
    -883.800      -0.028986
    -883.700      -0.028569
    -883.600      -0.028124
    -883.500      -0.027650
    -883.400      -0.027149
    -883.300      -0.026621
    -883.200      -0.026065
    -883.100      -0.025483
    -883.000      -0.024875
    -882.900      -0.024242
    -882.800      -0.023583
    -882.700      -0.022900
    -882.600      -0.022192
    -882.500      -0.021461
    -882.400      -0.020706
    -882.300      -0.019928
    -882.200      -0.019128
    -882.100      -0.018306
    -882.000      -0.017463
    -881.900      -0.016599
    -881.800      -0.015716
    -881.700      -0.014814
    -881.600      -0.013896
    -881.500      -0.012961
    -881.400      -0.012011
    -881.300      -0.011047
    -881.200      -0.010069
    -881.100      -0.009080
    -881.000      -0.008080
    -880.900      -0.007069
    -880.800      -0.006049
    -880.700      -0.005019
    -880.600      -0.003982
    -880.500      -0.002937
    -880.400      -0.001886
    -880.300      -0.000829
    -880.200       0.000232
    -880.100       0.001296
    -880.000       0.002363
    -879.900       0.003430
    -879.800       0.004498
    -879.700       0.005564
    -879.600       0.006629
    -879.500       0.007692
    -879.400       0.008750
    -879.300       0.009805
    -879.200       0.010854
    -879.100       0.011896
    -879.000       0.012932
    -878.900       0.013960
    -878.800       0.014979
    -878.700       0.015988
    -878.600       0.016985
    -878.500       0.017969
    -878.400       0.018940
    -878.300       0.019896
    -878.200       0.020835
    -878.100       0.021758
    -878.000       0.022662
    -877.900       0.023547
    -877.800       0.024413
    -877.700       0.025258
    -877.600       0.026081
    -877.500       0.026882
    -877.400       0.027660
    -877.300       0.028415
    -877.200       0.029145
    -877.100       0.029850
    -877.000       0.030530
    -876.900       0.031182
    -876.800       0.031808
    -876.700       0.032407
    -876.600       0.032977
    -876.500       0.033520
    -876.400       0.034035
    -876.300       0.034520
    -876.200       0.034976
    -876.100       0.035403
    -876.000       0.035799
    -875.900       0.036165
    -875.800       0.036499
    -875.700       0.036801
    -875.600       0.037069
    -875.500       0.037303
    -875.400       0.037503
    -875.300       0.037668
    -875.200       0.037797
    -875.100       0.037891
    -875.000       0.037949
    -874.900       0.037972
    -874.800       0.037960
    -874.700       0.037914
    -874.600       0.037833
    -874.500       0.037719
    -874.400       0.037571
    -874.300       0.037389
    -874.200       0.037174
    -874.100       0.036925
    -874.000       0.036643
    -873.900       0.036327
    -873.800       0.035977
    -873.700       0.035593
    -873.600       0.035176
    -873.500       0.034725
    -873.400       0.034242
    -873.300       0.033728
    -873.200       0.033181
    -873.100       0.032605
    -873.000       0.031998
    -872.900       0.031363
    -872.800       0.030699
    -872.700       0.030007
    -872.600       0.029288
    -872.500       0.028541
    -872.400       0.027769
    -872.300       0.026971
    -872.200       0.026147
    -872.100       0.025299
    -872.000       0.024427
    -871.900       0.023531
    -871.800       0.022612
    -871.700       0.021672
    -871.600       0.020711
    -871.500       0.019729
    -871.400       0.018728
    -871.300       0.017709
    -871.200       0.016672
    -871.100       0.015618
    -871.000       0.014548
    -870.900       0.013464
    -870.800       0.012365
    -870.700       0.011254
    -870.600       0.010133
    -870.500       0.009002
    -870.400       0.007862
    -870.300       0.006717
    -870.200       0.005565
    -870.100       0.004410
    -870.000       0.003253
    -869.900       0.002094
    -869.800       0.000933
    -869.700      -0.000227
    -869.600      -0.001388
    -869.500      -0.002549
    -869.400      -0.003708
    -869.300      -0.004866
    -869.200      -0.006022
    -869.100      -0.007175
    -869.000      -0.008324
    -868.900      -0.009469
    -868.800      -0.010606
    -868.700      -0.011736
    -868.600      -0.012856
    -868.500      -0.013964
    -868.400      -0.015060
    -868.300      -0.016141
    -868.200      -0.017207
    -868.100      -0.018256
    -868.000      -0.019288
    -867.900      -0.020302
    -867.800      -0.021296
    -867.700      -0.022271
    -867.600      -0.023225
    -867.500      -0.024158
    -867.400      -0.025069
    -867.300      -0.025957
    -867.200      -0.026821
    -867.100      -0.027660
    -867.000      -0.028474
    -866.900      -0.029262
    -866.800      -0.030022
    -866.700      -0.030755
    -866.600      -0.031460
    -866.500      -0.032137
    -866.400      -0.032784
    -866.300      -0.033403
    -866.200      -0.033992
    -866.100      -0.034551
    -866.000      -0.035080
    -865.900      -0.035578
    -865.800      -0.036044
    -865.700      -0.036478
    -865.600      -0.036879
    -865.500      -0.037246
    -865.400      -0.037578
    -865.300      -0.037876
    -865.200      -0.038138
    -865.100      -0.038364
    -865.000      -0.038554
    -864.900      -0.038709
    -864.800      -0.038827
    -864.700      -0.038910
    -864.600      -0.038957
    -864.500      -0.038968
    -864.400      -0.038944
    -864.300      -0.038885
    -864.200      -0.038790
    -864.100      -0.038660
    -864.000      -0.038494
    -863.900      -0.038294
    -863.800      -0.038059
    -863.700      -0.037789
    -863.600      -0.037486
    -863.500      -0.037148
    -863.400      -0.036778
    -863.300      -0.036374
    -863.200      -0.035939
    -863.100      -0.035471
    -863.000      -0.034972
    -862.900      -0.034442
    -862.800      -0.033881
    -862.700      -0.033289
    -862.600      -0.032668
    -862.500      -0.032017
    -862.400      -0.031337
    -862.300      -0.030629
    -862.200      -0.029893
    -862.100      -0.029131
    -862.000      -0.028342
    -861.900      -0.027529
    -861.800      -0.026692
    -861.700      -0.025832
    -861.600      -0.024950
    -861.500      -0.024046
    -861.400      -0.023121
    -861.300      -0.022175
    -861.200      -0.021211
    -861.100      -0.020227
    -861.000      -0.019226
    -860.900      -0.018206
    -860.800      -0.017171
    -860.700      -0.016120
    -860.600      -0.015055
    -860.500      -0.013977
    -860.400      -0.012888
    -860.300      -0.011790
    -860.200      -0.010683
    -860.100      -0.009570
    -860.000      -0.008450
    -859.900      -0.007327
    -859.800      -0.006200
    -859.700      -0.005070
    -859.600      -0.003938
    -859.500      -0.002805
    -859.400      -0.001672
    -859.300      -0.000538
    -859.200       0.000594
    -859.100       0.001725
    -859.000       0.002853
    -858.900       0.003978
    -858.800       0.005098
    -858.700       0.006212
    -858.600       0.007318
    -858.500       0.008416
    -858.400       0.009505
    -858.300       0.010583
    -858.200       0.011648
    -858.100       0.012701
    -858.000       0.013740
    -857.900       0.014763
    -857.800       0.015771
    -857.700       0.016761
    -857.600       0.017733
    -857.500       0.018686
    -857.400       0.019619
    -857.300       0.020530
    -857.200       0.021420
    -857.100       0.022287
    -857.000       0.023130
    -856.900       0.023948
    -856.800       0.024742
    -856.700       0.025511
    -856.600       0.026255
    -856.500       0.026972
    -856.400       0.027664
    -856.300       0.028329
    -856.200       0.028967
    -856.100       0.029577
    -856.000       0.030158
    -855.900       0.030711
    -855.800       0.031235
    -855.700       0.031727
    -855.600       0.032189
    -855.500       0.032619
    -855.400       0.033016
    -855.300       0.033380
    -855.200       0.033712
    -855.100       0.034010
    -855.000       0.034275
    -854.900       0.034506
    -854.800       0.034705
    -854.700       0.034869
    -854.600       0.035001
    -854.500       0.035099
    -854.400       0.035164
    -854.300       0.035195
    -854.200       0.035193
    -854.100       0.035158
    -854.000       0.035089
    -853.900       0.034986
    -853.800       0.034850
    -853.700       0.034681
    -853.600       0.034479
    -853.500       0.034245
    -853.400       0.033979
    -853.300       0.033681
    -853.200       0.033351
    -853.100       0.032992
    -853.000       0.032602
    -852.900       0.032182
    -852.800       0.031734
    -852.700       0.031257
    -852.600       0.030753
    -852.500       0.030221
    -852.400       0.029663
    -852.300       0.029079
    -852.200       0.028469
    -852.100       0.027835
    -852.000       0.027177
    -851.900       0.026496
    -851.800       0.025791
    -851.700       0.025063
    -851.600       0.024313
    -851.500       0.023541
    -851.400       0.022748
    -851.300       0.021935
    -851.200       0.021102
    -851.100       0.020250
    -851.000       0.019381
    -850.900       0.018494
    -850.800       0.017593
    -850.700       0.016677
    -850.600       0.015749
    -850.500       0.014811
    -850.400       0.013862
    -850.300       0.012905
    -850.200       0.011941
    -850.100       0.010970
    -850.000       0.009994
    -849.900       0.009014
    -849.800       0.008029
    -849.700       0.007040
    -849.600       0.006048
    -849.500       0.005054
    -849.400       0.004057
    -849.300       0.003059
    -849.200       0.002060
    -849.100       0.001062
    -849.000       0.000065
    -848.900      -0.000930
    -848.800      -0.001921
    -848.700      -0.002907
    -848.600      -0.003887
    -848.500      -0.004859
    -848.400      -0.005822
    -848.300      -0.006775
    -848.200      -0.007716
    -848.100      -0.008646
    -848.000      -0.009562
    -847.900      -0.010463
    -847.800      -0.011350
    -847.700      -0.012222
    -847.600      -0.013077
    -847.500      -0.013916
    -847.400      -0.014737
    -847.300      -0.015541
    -847.200      -0.016326
    -847.100      -0.017093
    -847.000      -0.017840
    -846.900      -0.018568
    -846.800      -0.019276
    -846.700      -0.019963
    -846.600      -0.020627
    -846.500      -0.021270
    -846.400      -0.021888
    -846.300      -0.022483
    -846.200      -0.023053
    -846.100      -0.023597
    -846.000      -0.024114
    -845.900      -0.024605
    -845.800      -0.025069
    -845.700      -0.025505
    -845.600      -0.025913
    -845.500      -0.026294
    -845.400      -0.026647
    -845.300      -0.026973
    -845.200      -0.027270
    -845.100      -0.027539
    -845.000      -0.027781
    -844.900      -0.027994
    -844.800      -0.028180
    -844.700      -0.028336
    -844.600      -0.028464
    -844.500      -0.028564
    -844.400      -0.028634
    -844.300      -0.028676
    -844.200      -0.028689
    -844.100      -0.028673
    -844.000      -0.028630
    -843.900      -0.028559
    -843.800      -0.028460
    -843.700      -0.028335
    -843.600      -0.028182
    -843.500      -0.028002
    -843.400      -0.027796
    -843.300      -0.027563
    -843.200      -0.027304
    -843.100      -0.027018
    -843.000      -0.026706
    -842.900      -0.026367
    -842.800      -0.026003
    -842.700      -0.025614
    -842.600      -0.025201
    -842.500      -0.024765
    -842.400      -0.024306
    -842.300      -0.023826
    -842.200      -0.023325
    -842.100      -0.022805
    -842.000      -0.022267
    -841.900      -0.021710
    -841.800      -0.021137
    -841.700      -0.020546
    -841.600      -0.019939
    -841.500      -0.019315
    -841.400      -0.018676
    -841.300      -0.018020
    -841.200      -0.017350
    -841.100      -0.016665
    -841.000      -0.015966
    -840.900      -0.015254
    -840.800      -0.014530
    -840.700      -0.013795
    -840.600      -0.013049
    -840.500      -0.012295
    -840.400      -0.011533
    -840.300      -0.010764
    -840.200      -0.009989
    -840.100      -0.009208
    -840.000      -0.008424
    -839.900      -0.007636
    -839.800      -0.006845
    -839.700      -0.006052
    -839.600      -0.005258
    -839.500      -0.004464
    -839.400      -0.003670
    -839.300      -0.002876
    -839.200      -0.002085
    -839.100      -0.001296
    -839.000      -0.000511
    -838.900       0.000270
    -838.800       0.001047
    -838.700       0.001818
    -838.600       0.002582
    -838.500       0.003340
    -838.400       0.004090
    -838.300       0.004831
    -838.200       0.005562
    -838.100       0.006283
    -838.000       0.006993
    -837.900       0.007690
    -837.800       0.008375
    -837.700       0.009046
    -837.600       0.009703
    -837.500       0.010345
    -837.400       0.010973
    -837.300       0.011586
    -837.200       0.012183
    -837.100       0.012765
    -837.000       0.013332
    -836.900       0.013883
    -836.800       0.014418
    -836.700       0.014936
    -836.600       0.015436
    -836.500       0.015918
    -836.400       0.016379
    -836.300       0.016821
    -836.200       0.017241
    -836.100       0.017639
    -836.000       0.018015
    -835.900       0.018367
    -835.800       0.018695
    -835.700       0.019001
    -835.600       0.019285
    -835.500       0.019547
    -835.400       0.019788
    -835.300       0.020007
    -835.200       0.020206
    -835.100       0.020384
    -835.000       0.020542
    -834.900       0.020679
    -834.800       0.020796
    -834.700       0.020892
    -834.600       0.020966
    -834.500       0.021017
    -834.400       0.021046
    -834.300       0.021052
    -834.200       0.021035
    -834.100       0.020994
    -834.000       0.020931
    -833.900       0.020844
    -833.800       0.020736
    -833.700       0.020606
    -833.600       0.020455
    -833.500       0.020284
    -833.400       0.020092
    -833.300       0.019882
    -833.200       0.019653
    -833.100       0.019405
    -833.000       0.019139
    -832.900       0.018856
    -832.800       0.018556
    -832.700       0.018239
    -832.600       0.017905
    -832.500       0.017555
    -832.400       0.017190
    -832.300       0.016808
    -832.200       0.016412
    -832.100       0.016000
    -832.000       0.015574
    -831.900       0.015134
    -831.800       0.014679
    -831.700       0.014212
    -831.600       0.013732
    -831.500       0.013239
    -831.400       0.012736
    -831.300       0.012223
    -831.200       0.011700
    -831.100       0.011169
    -831.000       0.010631
    -830.900       0.010087
    -830.800       0.009536
    -830.700       0.008981
    -830.600       0.008420
    -830.500       0.007856
    -830.400       0.007287
    -830.300       0.006714
    -830.200       0.006137
    -830.100       0.005557
    -830.000       0.004974
    -829.900       0.004389
    -829.800       0.003801
    -829.700       0.003213
    -829.600       0.002625
    -829.500       0.002037
    -829.400       0.001452
    -829.300       0.000869
    -829.200       0.000290
    -829.100      -0.000284
    -829.000      -0.000854
    -828.900      -0.001418
    -828.800      -0.001976
    -828.700      -0.002527
    -828.600      -0.003073
    -828.500      -0.003612
    -828.400      -0.004143
    -828.300      -0.004667
    -828.200      -0.005182
    -828.100      -0.005688
    -828.000      -0.006185
    -827.900      -0.006672
    -827.800      -0.007147
    -827.700      -0.007611
    -827.600      -0.008062
    -827.500      -0.008501
    -827.400      -0.008927
    -827.300      -0.009340
    -827.200      -0.009740
    -827.100      -0.010126
    -827.000      -0.010499
    -826.900      -0.010859
    -826.800      -0.011205
    -826.700      -0.011538
    -826.600      -0.011856
    -826.500      -0.012160
    -826.400      -0.012448
    -826.300      -0.012720
    -826.200      -0.012977
    -826.100      -0.013216
    -826.000      -0.013439
    -825.900      -0.013644
    -825.800      -0.013831
    -825.700      -0.014001
    -825.600      -0.014153
    -825.500      -0.014287
    -825.400      -0.014404
    -825.300      -0.014504
    -825.200      -0.014587
    -825.100      -0.014653
    -825.000      -0.014702
    -824.900      -0.014734
    -824.800      -0.014749
    -824.700      -0.014748
    -824.600      -0.014730
    -824.500      -0.014695
    -824.400      -0.014645
    -824.300      -0.014578
    -824.200      -0.014494
    -824.100      -0.014396
    -824.000      -0.014281
    -823.900      -0.014151
    -823.800      -0.014006
    -823.700      -0.013845
    -823.600      -0.013669
    -823.500      -0.013477
    -823.400      -0.013270
    -823.300      -0.013048
    -823.200      -0.012811
    -823.100      -0.012559
    -823.000      -0.012293
    -822.900      -0.012013
    -822.800      -0.011721
    -822.700      -0.011417
    -822.600      -0.011101
    -822.500      -0.010775
    -822.400      -0.010439
    -822.300      -0.010093
    -822.200      -0.009738
    -822.100      -0.009374
    -822.000      -0.009002
    -821.900      -0.008621
    -821.800      -0.008232
    -821.700      -0.007834
    -821.600      -0.007428
    -821.500      -0.007014
    -821.400      -0.006593
    -821.300      -0.006166
    -821.200      -0.005731
    -821.100      -0.005292
    -821.000      -0.004847
    -820.900      -0.004398
    -820.800      -0.003946
    -820.700      -0.003491
    -820.600      -0.003034
    -820.500      -0.002576
    -820.400      -0.002117
    -820.300      -0.001659
    -820.200      -0.001201
    -820.100      -0.000745
    -820.000      -0.000291
    -819.900       0.000162
    -819.800       0.000611
    -819.700       0.001058
    -819.600       0.001501
    -819.500       0.001940
    -819.400       0.002375
    -819.300       0.002806
    -819.200       0.003232
    -819.100       0.003654
    -819.000       0.004070
    -818.900       0.004481
    -818.800       0.004887
    -818.700       0.005286
    -818.600       0.005677
    -818.500       0.006061
    -818.400       0.006437
    -818.300       0.006802
    -818.200       0.007158
    -818.100       0.007503
    -818.000       0.007836
    -817.900       0.008157
    -817.800       0.008466
    -817.700       0.008762
    -817.600       0.009045
    -817.500       0.009315
    -817.400       0.009573
    -817.300       0.009818
    -817.200       0.010050
    -817.100       0.010270
    -817.000       0.010477
    -816.900       0.010672
    -816.800       0.010853
    -816.700       0.011020
    -816.600       0.011173
    -816.500       0.011311
    -816.400       0.011434
    -816.300       0.011542
    -816.200       0.011633
    -816.100       0.011709
    -816.000       0.011769
    -815.900       0.011813
    -815.800       0.011841
    -815.700       0.011854
    -815.600       0.011851
    -815.500       0.011834
    -815.400       0.011803
    -815.300       0.011756
    -815.200       0.011696
    -815.100       0.011621
    -815.000       0.011531
    -814.900       0.011427
    -814.800       0.011309
    -814.700       0.011175
    -814.600       0.011027
    -814.500       0.010864
    -814.400       0.010686
    -814.300       0.010494
    -814.200       0.010287
    -814.100       0.010066
    -814.000       0.009831
    -813.900       0.009581
    -813.800       0.009318
    -813.700       0.009042
    -813.600       0.008754
    -813.500       0.008453
    -813.400       0.008142
    -813.300       0.007819
    -813.200       0.007487
    -813.100       0.007146
    -813.000       0.006797
    -812.900       0.006441
    -812.800       0.006078
    -812.700       0.005708
    -812.600       0.005331
    -812.500       0.004947
    -812.400       0.004557
    -812.300       0.004159
    -812.200       0.003755
    -812.100       0.003344
    -812.000       0.002926
    -811.900       0.002500
    -811.800       0.002068
    -811.700       0.001631
    -811.600       0.001189
    -811.500       0.000744
    -811.400       0.000296
    -811.300      -0.000153
    -811.200      -0.000602
    -811.100      -0.001050
    -811.000      -0.001496
    -810.900      -0.001940
    -810.800      -0.002380
    -810.700      -0.002818
    -810.600      -0.003252
    -810.500      -0.003682
    -810.400      -0.004109
    -810.300      -0.004532
    -810.200      -0.004952
    -810.100      -0.005366
    -810.000      -0.005776
    -809.900      -0.006180
    -809.800      -0.006579
    -809.700      -0.006971
    -809.600      -0.007355
    -809.500      -0.007731
    -809.400      -0.008099
    -809.300      -0.008457
    -809.200      -0.008806
    -809.100      -0.009144
    -809.000      -0.009472
    -808.900      -0.009790
    -808.800      -0.010097
    -808.700      -0.010392
    -808.600      -0.010676
    -808.500      -0.010948
    -808.400      -0.011207
    -808.300      -0.011454
    -808.200      -0.011687
    -808.100      -0.011907
    -808.000      -0.012112
    -807.900      -0.012303
    -807.800      -0.012480
    -807.700      -0.012641
    -807.600      -0.012787
    -807.500      -0.012918
    -807.400      -0.013034
    -807.300      -0.013134
    -807.200      -0.013217
    -807.100      -0.013285
    -807.000      -0.013336
    -806.900      -0.013370
    -806.800      -0.013388
    -806.700      -0.013388
    -806.600      -0.013372
    -806.500      -0.013339
    -806.400      -0.013290
    -806.300      -0.013224
    -806.200      -0.013142
    -806.100      -0.013044
    -806.000      -0.012930
    -805.900      -0.012802
    -805.800      -0.012658
    -805.700      -0.012498
    -805.600      -0.012324
    -805.500      -0.012133
    -805.400      -0.011928
    -805.300      -0.011707
    -805.200      -0.011471
    -805.100      -0.011220
    -805.000      -0.010953
    -804.900      -0.010672
    -804.800      -0.010377
    -804.700      -0.010068
    -804.600      -0.009747
    -804.500      -0.009412
    -804.400      -0.009066
    -804.300      -0.008708
    -804.200      -0.008338
    -804.100      -0.007958
    -804.000      -0.007566
    -803.900      -0.007163
    -803.800      -0.006748
    -803.700      -0.006323
    -803.600      -0.005887
    -803.500      -0.005442
    -803.400      -0.004987
    -803.300      -0.004523
    -803.200      -0.004051
    -803.100      -0.003573
    -803.000      -0.003089
    -802.900      -0.002601
    -802.800      -0.002109
    -802.700      -0.001614
    -802.600      -0.001117
    -802.500      -0.000617
    -802.400      -0.000116
    -802.300       0.000386
    -802.200       0.000890
    -802.100       0.001394
    -802.000       0.001900
    -801.900       0.002406
    -801.800       0.002913
    -801.700       0.003419
    -801.600       0.003924
    -801.500       0.004429
    -801.400       0.004931
    -801.300       0.005431
    -801.200       0.005928
    -801.100       0.006421
    -801.000       0.006909
    -800.900       0.007392
    -800.800       0.007870
    -800.700       0.008341
    -800.600       0.008804
    -800.500       0.009260
    -800.400       0.009707
    -800.300       0.010144
    -800.200       0.010571
    -800.100       0.010987
    -800.000       0.011391
    -799.900       0.011782
    -799.800       0.012161
    -799.700       0.012527
    -799.600       0.012879
    -799.500       0.013219
    -799.400       0.013545
    -799.300       0.013857
    -799.200       0.014156
    -799.100       0.014441
    -799.000       0.014713
    -798.900       0.014971
    -798.800       0.015214
    -798.700       0.015443
    -798.600       0.015657
    -798.500       0.015854
    -798.400       0.016035
    -798.300       0.016200
    -798.200       0.016347
    -798.100       0.016478
    -798.000       0.016591
    -797.900       0.016686
    -797.800       0.016764
    -797.700       0.016825
    -797.600       0.016868
    -797.500       0.016893
    -797.400       0.016901
    -797.300       0.016891
    -797.200       0.016862
    -797.100       0.016815
    -797.000       0.016748
    -796.900       0.016662
    -796.800       0.016557
    -796.700       0.016432
    -796.600       0.016288
    -796.500       0.016125
    -796.400       0.015944
    -796.300       0.015745
    -796.200       0.015529
    -796.100       0.015296
    -796.000       0.015048
    -795.900       0.014784
    -795.800       0.014506
    -795.700       0.014213
    -795.600       0.013905
    -795.500       0.013582
    -795.400       0.013245
    -795.300       0.012893
    -795.200       0.012526
    -795.100       0.012145
    -795.000       0.011749
    -794.900       0.011338
    -794.800       0.010914
    -794.700       0.010477
    -794.600       0.010026
    -794.500       0.009564
    -794.400       0.009090
    -794.300       0.008604
    -794.200       0.008108
    -794.100       0.007602
    -794.000       0.007086
    -793.900       0.006560
    -793.800       0.006026
    -793.700       0.005483
    -793.600       0.004932
    -793.500       0.004375
    -793.400       0.003810
    -793.300       0.003240
    -793.200       0.002665
    -793.100       0.002086
    -793.000       0.001503
    -792.900       0.000918
    -792.800       0.000331
    -792.700      -0.000257
    -792.600      -0.000846
    -792.500      -0.001436
    -792.400      -0.002025
    -792.300      -0.002614
    -792.200      -0.003202
    -792.100      -0.003788
    -792.000      -0.004371
    -791.900      -0.004952
    -791.800      -0.005529
    -791.700      -0.006102
    -791.600      -0.006671
    -791.500      -0.007235
    -791.400      -0.007793
    -791.300      -0.008345
    -791.200      -0.008891
    -791.100      -0.009430
    -791.000      -0.009962
    -790.900      -0.010487
    -790.800      -0.011003
    -790.700      -0.011511
    -790.600      -0.012008
    -790.500      -0.012496
    -790.400      -0.012972
    -790.300      -0.013436
    -790.200      -0.013887
    -790.100      -0.014324
    -790.000      -0.014747
    -789.900      -0.015153
    -789.800      -0.015545
    -789.700      -0.015920
    -789.600      -0.016280
    -789.500      -0.016623
    -789.400      -0.016952
    -789.300      -0.017264
    -789.200      -0.017560
    -789.100      -0.017841
    -789.000      -0.018106
    -788.900      -0.018355
    -788.800      -0.018587
    -788.700      -0.018802
    -788.600      -0.018998
    -788.500      -0.019177
    -788.400      -0.019336
    -788.300      -0.019476
    -788.200      -0.019596
    -788.100      -0.019696
    -788.000      -0.019776
    -787.900      -0.019836
    -787.800      -0.019877
    -787.700      -0.019898
    -787.600      -0.019900
    -787.500      -0.019883
    -787.400      -0.019848
    -787.300      -0.019794
    -787.200      -0.019721
    -787.100      -0.019629
    -787.000      -0.019519
    -786.900      -0.019390
    -786.800      -0.019241
    -786.700      -0.019073
    -786.600      -0.018885
    -786.500      -0.018678
    -786.400      -0.018450
    -786.300      -0.018203
    -786.200      -0.017937
    -786.100      -0.017650
    -786.000      -0.017345
    -785.900      -0.017020
    -785.800      -0.016677
    -785.700      -0.016317
    -785.600      -0.015939
    -785.500      -0.015546
    -785.400      -0.015138
    -785.300      -0.014715
    -785.200      -0.014279
    -785.100      -0.013830
    -785.000      -0.013370
    -784.900      -0.012899
    -784.800      -0.012417
    -784.700      -0.011924
    -784.600      -0.011420
    -784.500      -0.010904
    -784.400      -0.010378
    -784.300      -0.009840
    -784.200      -0.009290
    -784.100      -0.008729
    -784.000      -0.008155
    -783.900      -0.007570
    -783.800      -0.006975
    -783.700      -0.006369
    -783.600      -0.005756
    -783.500      -0.005135
    -783.400      -0.004508
    -783.300      -0.003877
    -783.200      -0.003243
    -783.100      -0.002607
    -783.000      -0.001970
    -782.900      -0.001334
    -782.800      -0.000697
    -782.700      -0.000062
    -782.600       0.000573
    -782.500       0.001207
    -782.400       0.001840
    -782.300       0.002472
    -782.200       0.003102
    -782.100       0.003731
    -782.000       0.004356
    -781.900       0.004979
    -781.800       0.005598
    -781.700       0.006213
    -781.600       0.006821
    -781.500       0.007423
    -781.400       0.008018
    -781.300       0.008604
    -781.200       0.009181
    -781.100       0.009749
    -781.000       0.010307
    -780.900       0.010854
    -780.800       0.011390
    -780.700       0.011915
    -780.600       0.012428
    -780.500       0.012929
    -780.400       0.013417
    -780.300       0.013893
    -780.200       0.014355
    -780.100       0.014804
    -780.000       0.015239
    -779.900       0.015659
    -779.800       0.016064
    -779.700       0.016454
    -779.600       0.016827
    -779.500       0.017184
    -779.400       0.017523
    -779.300       0.017844
    -779.200       0.018145
    -779.100       0.018428
    -779.000       0.018690
    -778.900       0.018931
    -778.800       0.019152
    -778.700       0.019352
    -778.600       0.019531
    -778.500       0.019689
    -778.400       0.019827
    -778.300       0.019946
    -778.200       0.020045
    -778.100       0.020124
    -778.000       0.020186
    -777.900       0.020229
    -777.800       0.020254
    -777.700       0.020260
    -777.600       0.020248
    -777.500       0.020216
    -777.400       0.020164
    -777.300       0.020093
    -777.200       0.020002
    -777.100       0.019889
    -777.000       0.019756
    -776.900       0.019602
    -776.800       0.019426
    -776.700       0.019231
    -776.600       0.019015
    -776.500       0.018779
    -776.400       0.018523
    -776.300       0.018249
    -776.200       0.017957
    -776.100       0.017646
    -776.000       0.017318
    -775.900       0.016972
    -775.800       0.016610
    -775.700       0.016231
    -775.600       0.015836
    -775.500       0.015426
    -775.400       0.015001
    -775.300       0.014561
    -775.200       0.014108
    -775.100       0.013642
    -775.000       0.013164
    -774.900       0.012675
    -774.800       0.012174
    -774.700       0.011663
    -774.600       0.011142
    -774.500       0.010611
    -774.400       0.010070
    -774.300       0.009521
    -774.200       0.008962
    -774.100       0.008396
    -774.000       0.007821
    -773.900       0.007240
    -773.800       0.006651
    -773.700       0.006057
    -773.600       0.005458
    -773.500       0.004854
    -773.400       0.004246
    -773.300       0.003636
    -773.200       0.003022
    -773.100       0.002407
    -773.000       0.001790
    -772.900       0.001172
    -772.800       0.000553
    -772.700      -0.000065
    -772.600      -0.000683
    -772.500      -0.001298
    -772.400      -0.001911
    -772.300      -0.002519
    -772.200      -0.003122
    -772.100      -0.003719
    -772.000      -0.004309
    -771.900      -0.004890
    -771.800      -0.005462
    -771.700      -0.006025
    -771.600      -0.006579
    -771.500      -0.007122
    -771.400      -0.007655
    -771.300      -0.008179
    -771.200      -0.008692
    -771.100      -0.009194
    -771.000      -0.009686
    -770.900      -0.010168
    -770.800      -0.010639
    -770.700      -0.011098
    -770.600      -0.011544
    -770.500      -0.011978
    -770.400      -0.012397
    -770.300      -0.012803
    -770.200      -0.013194
    -770.100      -0.013569
    -770.000      -0.013928
    -769.900      -0.014272
    -769.800      -0.014598
    -769.700      -0.014908
    -769.600      -0.015201
    -769.500      -0.015477
    -769.400      -0.015735
    -769.300      -0.015974
    -769.200      -0.016195
    -769.100      -0.016397
    -769.000      -0.016579
    -768.900      -0.016741
    -768.800      -0.016884
    -768.700      -0.017006
    -768.600      -0.017107
    -768.500      -0.017189
    -768.400      -0.017251
    -768.300      -0.017293
    -768.200      -0.017316
    -768.100      -0.017321
    -768.000      -0.017306
    -767.900      -0.017274
    -767.800      -0.017224
    -767.700      -0.017157
    -767.600      -0.017073
    -767.500      -0.016971
    -767.400      -0.016853
    -767.300      -0.016718
    -767.200      -0.016567
    -767.100      -0.016400
    -767.000      -0.016217
    -766.900      -0.016019
    -766.800      -0.015805
    -766.700      -0.015575
    -766.600      -0.015329
    -766.500      -0.015067
    -766.400      -0.014790
    -766.300      -0.014496
    -766.200      -0.014186
    -766.100      -0.013859
    -766.000      -0.013517
    -765.900      -0.013158
    -765.800      -0.012784
    -765.700      -0.012395
    -765.600      -0.011994
    -765.500      -0.011582
    -765.400      -0.011159
    -765.300      -0.010728
    -765.200      -0.010289
    -765.100      -0.009843
    -765.000      -0.009393
    -764.900      -0.008939
    -764.800      -0.008480
    -764.700      -0.008018
    -764.600      -0.007551
    -764.500      -0.007079
    -764.400      -0.006603
    -764.300      -0.006122
    -764.200      -0.005636
    -764.100      -0.005146
    -764.000      -0.004651
    -763.900      -0.004151
    -763.800      -0.003649
    -763.700      -0.003145
    -763.600      -0.002640
    -763.500      -0.002135
    -763.400      -0.001631
    -763.300      -0.001130
    -763.200      -0.000632
    -763.100      -0.000139
    -763.000       0.000351
    -762.900       0.000835
    -762.800       0.001314
    -762.700       0.001787
    -762.600       0.002255
    -762.500       0.002716
    -762.400       0.003172
    -762.300       0.003620
    -762.200       0.004061
    -762.100       0.004495
    -762.000       0.004921
    -761.900       0.005338
    -761.800       0.005745
    -761.700       0.006143
    -761.600       0.006529
    -761.500       0.006904
    -761.400       0.007267
    -761.300       0.007617
    -761.200       0.007954
    -761.100       0.008276
    -761.000       0.008585
    -760.900       0.008879
    -760.800       0.009158
    -760.700       0.009422
    -760.600       0.009672
    -760.500       0.009908
    -760.400       0.010130
    -760.300       0.010339
    -760.200       0.010534
    -760.100       0.010716
    -760.000       0.010887
    -759.900       0.011044
    -759.800       0.011190
    -759.700       0.011322
    -759.600       0.011440
    -759.500       0.011544
    -759.400       0.011632
    -759.300       0.011705
    -759.200       0.011761
    -759.100       0.011801
    -759.000       0.011822
    -758.900       0.011826
    -758.800       0.011812
    -758.700       0.011780
    -758.600       0.011733
    -758.500       0.011669
    -758.400       0.011590
    -758.300       0.011497
    -758.200       0.011389
    -758.100       0.011269
    -758.000       0.011136
    -757.900       0.010991
    -757.800       0.010834
    -757.700       0.010665
    -757.600       0.010485
    -757.500       0.010294
    -757.400       0.010091
    -757.300       0.009878
    -757.200       0.009654
    -757.100       0.009420
    -757.000       0.009176
    -756.900       0.008924
    -756.800       0.008662
    -756.700       0.008392
    -756.600       0.008114
    -756.500       0.007828
    -756.400       0.007535
    -756.300       0.007234
    -756.200       0.006925
    -756.100       0.006610
    -756.000       0.006287
    -755.900       0.005957
    -755.800       0.005622
    -755.700       0.005281
    -755.600       0.004935
    -755.500       0.004585
    -755.400       0.004232
    -755.300       0.003876
    -755.200       0.003519
    -755.100       0.003160
    -755.000       0.002802
    -754.900       0.002443
    -754.800       0.002086
    -754.700       0.001729
    -754.600       0.001375
    -754.500       0.001022
    -754.400       0.000672
    -754.300       0.000325
    -754.200      -0.000018
    -754.100      -0.000357
    -754.000      -0.000691
    -753.900      -0.001020
    -753.800      -0.001343
    -753.700      -0.001660
    -753.600      -0.001971
    -753.500      -0.002275
    -753.400      -0.002572
    -753.300      -0.002861
    -753.200      -0.003144
    -753.100      -0.003419
    -753.000      -0.003687
    -752.900      -0.003948
    -752.800      -0.004200
    -752.700      -0.004445
    -752.600      -0.004680
    -752.500      -0.004907
    -752.400      -0.005123
    -752.300      -0.005330
    -752.200      -0.005527
    -752.100      -0.005714
    -752.000      -0.005889
    -751.900      -0.006054
    -751.800      -0.006208
    -751.700      -0.006351
    -751.600      -0.006481
    -751.500      -0.006599
    -751.400      -0.006704
    -751.300      -0.006796
    -751.200      -0.006874
    -751.100      -0.006937
    -751.000      -0.006985
    -750.900      -0.007019
    -750.800      -0.007037
    -750.700      -0.007040
    -750.600      -0.007030
    -750.500      -0.007006
    -750.400      -0.006970
    -750.300      -0.006922
    -750.200      -0.006864
    -750.100      -0.006796
    -750.000      -0.006719
    -749.900      -0.006635
    -749.800      -0.006542
    -749.700      -0.006441
    -749.600      -0.006330
    -749.500      -0.006209
    -749.400      -0.006078
    -749.300      -0.005936
    -749.200      -0.005783
    -749.100      -0.005617
    -749.000      -0.005439
    -748.900      -0.005248
    -748.800      -0.005044
    -748.700      -0.004829
    -748.600      -0.004604
    -748.500      -0.004368
    -748.400      -0.004124
    -748.300      -0.003872
    -748.200      -0.003613
    -748.100      -0.003348
    -748.000      -0.003077
    -747.900      -0.002801
    -747.800      -0.002520
    -747.700      -0.002235
    -747.600      -0.001945
    -747.500      -0.001651
    -747.400      -0.001353
    -747.300      -0.001051
    -747.200      -0.000746
    -747.100      -0.000439
    -747.000      -0.000129
    -746.900       0.000182
    -746.800       0.000494
    -746.700       0.000807
    -746.600       0.001121
    -746.500       0.001435
    -746.400       0.001748
    -746.300       0.002059
    -746.200       0.002369
    -746.100       0.002677
    -746.000       0.002981
    -745.900       0.003281
    -745.800       0.003577
    -745.700       0.003869
    -745.600       0.004156
    -745.500       0.004438
    -745.400       0.004716
    -745.300       0.004988
    -745.200       0.005256
    -745.100       0.005518
    -745.000       0.005776
    -744.900       0.006030
    -744.800       0.006278
    -744.700       0.006520
    -744.600       0.006755
    -744.500       0.006982
    -744.400       0.007201
    -744.300       0.007409
    -744.200       0.007606
    -744.100       0.007791
    -744.000       0.007962
    -743.900       0.008118
    -743.800       0.008259
    -743.700       0.008386
    -743.600       0.008499
    -743.500       0.008598
    -743.400       0.008684
    -743.300       0.008757
    -743.200       0.008818
    -743.100       0.008868
    -743.000       0.008907
    -742.900       0.008935
    -742.800       0.008954
    -742.700       0.008961
    -742.600       0.008956
    -742.500       0.008940
    -742.400       0.008911
    -742.300       0.008869
    -742.200       0.008814
    -742.100       0.008745
    -742.000       0.008663
    -741.900       0.008566
    -741.800       0.008454
    -741.700       0.008329
    -741.600       0.008189
    -741.500       0.008036
    -741.400       0.007868
    -741.300       0.007685
    -741.200       0.007489
    -741.100       0.007278
    -741.000       0.007053
    -740.900       0.006813
    -740.800       0.006560
    -740.700       0.006293
    -740.600       0.006013
    -740.500       0.005721
    -740.400       0.005417
    -740.300       0.005102
    -740.200       0.004778
    -740.100       0.004443
    -740.000       0.004101
    -739.900       0.003750
    -739.800       0.003391
    -739.700       0.003025
    -739.600       0.002652
    -739.500       0.002270
    -739.400       0.001882
    -739.300       0.001487
    -739.200       0.001084
    -739.100       0.000676
    -739.000       0.000261
    -738.900      -0.000159
    -738.800      -0.000585
    -738.700      -0.001015
    -738.600      -0.001449
    -738.500      -0.001888
    -738.400      -0.002330
    -738.300      -0.002775
    -738.200      -0.003223
    -738.100      -0.003675
    -738.000      -0.004129
    -737.900      -0.004585
    -737.800      -0.005043
    -737.700      -0.005502
    -737.600      -0.005961
    -737.500      -0.006418
    -737.400      -0.006873
    -737.300      -0.007325
    -737.200      -0.007772
    -737.100      -0.008213
    -737.000      -0.008648
    -736.900      -0.009075
    -736.800      -0.009493
    -736.700      -0.009904
    -736.600      -0.010306
    -736.500      -0.010700
    -736.400      -0.011085
    -736.300      -0.011462
    -736.200      -0.011830
    -736.100      -0.012188
    -736.000      -0.012538
    -735.900      -0.012878
    -735.800      -0.013207
    -735.700      -0.013526
    -735.600      -0.013834
    -735.500      -0.014129
    -735.400      -0.014412
    -735.300      -0.014682
    -735.200      -0.014938
    -735.100      -0.015180
    -735.000      -0.015408
    -734.900      -0.015621
    -734.800      -0.015819
    -734.700      -0.016002
    -734.600      -0.016169
    -734.500      -0.016320
    -734.400      -0.016454
    -734.300      -0.016570
    -734.200      -0.016669
    -734.100      -0.016749
    -734.000      -0.016811
    -733.900      -0.016854
    -733.800      -0.016877
    -733.700      -0.016880
    -733.600      -0.016865
    -733.500      -0.016829
    -733.400      -0.016774
    -733.300      -0.016700
    -733.200      -0.016606
    -733.100      -0.016492
    -733.000      -0.016359
    -732.900      -0.016206
    -732.800      -0.016034
    -732.700      -0.015842
    -732.600      -0.015631
    -732.500      -0.015401
    -732.400      -0.015152
    -732.300      -0.014885
    -732.200      -0.014600
    -732.100      -0.014298
    -732.000      -0.013978
    -731.900      -0.013643
    -731.800      -0.013292
    -731.700      -0.012924
    -731.600      -0.012540
    -731.500      -0.012139
    -731.400      -0.011722
    -731.300      -0.011288
    -731.200      -0.010837
    -731.100      -0.010368
    -731.000      -0.009882
    -730.900      -0.009378
    -730.800      -0.008857
    -730.700      -0.008319
    -730.600      -0.007767
    -730.500      -0.007200
    -730.400      -0.006619
    -730.300      -0.006027
    -730.200      -0.005423
    -730.100      -0.004809
    -730.000      -0.004185
    -729.900      -0.003554
    -729.800      -0.002915
    -729.700      -0.002269
    -729.600      -0.001616
    -729.500      -0.000957
    -729.400      -0.000292
    -729.300       0.000379
    -729.200       0.001055
    -729.100       0.001735
    -729.000       0.002419
    -728.900       0.003107
    -728.800       0.003796
    -728.700       0.004488
    -728.600       0.005181
    -728.500       0.005874
    -728.400       0.006566
    -728.300       0.007257
    -728.200       0.007946
    -728.100       0.008632
    -728.000       0.009315
    -727.900       0.009993
    -727.800       0.010666
    -727.700       0.011333
    -727.600       0.011994
    -727.500       0.012648
    -727.400       0.013295
    -727.300       0.013933
    -727.200       0.014562
    -727.100       0.015181
    -727.000       0.015791
    -726.900       0.016390
    -726.800       0.016978
    -726.700       0.017553
    -726.600       0.018114
    -726.500       0.018661
    -726.400       0.019192
    -726.300       0.019706
    -726.200       0.020202
    -726.100       0.020678
    -726.000       0.021134
    -725.900       0.021568
    -725.800       0.021980
    -725.700       0.022371
    -725.600       0.022739
    -725.500       0.023086
    -725.400       0.023412
    -725.300       0.023716
    -725.200       0.023999
    -725.100       0.024262
    -725.000       0.024505
    -724.900       0.024729
    -724.800       0.024932
    -724.700       0.025113
    -724.600       0.025273
    -724.500       0.025410
    -724.400       0.025523
    -724.300       0.025612
    -724.200       0.025675
    -724.100       0.025711
    -724.000       0.025719
    -723.900       0.025699
    -723.800       0.025651
    -723.700       0.025574
    -723.600       0.025469
    -723.500       0.025335
    -723.400       0.025174
    -723.300       0.024985
    -723.200       0.024769
    -723.100       0.024526
    -723.000       0.024257
    -722.900       0.023962
    -722.800       0.023642
    -722.700       0.023298
    -722.600       0.022929
    -722.500       0.022536
    -722.400       0.022119
    -722.300       0.021679
    -722.200       0.021216
    -722.100       0.020731
    -722.000       0.020224
    -721.900       0.019694
    -721.800       0.019144
    -721.700       0.018571
    -721.600       0.017978
    -721.500       0.017363
    -721.400       0.016728
    -721.300       0.016073
    -721.200       0.015399
    -721.100       0.014705
    -721.000       0.013994
    -720.900       0.013264
    -720.800       0.012518
    -720.700       0.011755
    -720.600       0.010977
    -720.500       0.010184
    -720.400       0.009376
    -720.300       0.008555
    -720.200       0.007721
    -720.100       0.006875
    -720.000       0.006016
    -719.900       0.005146
    -719.800       0.004266
    -719.700       0.003377
    -719.600       0.002479
    -719.500       0.001576
    -719.400       0.000667
    -719.300      -0.000246
    -719.200      -0.001162
    -719.100      -0.002078
    -719.000      -0.002994
    -718.900      -0.003909
    -718.800      -0.004821
    -718.700      -0.005731
    -718.600      -0.006638
    -718.500      -0.007542
    -718.400      -0.008442
    -718.300      -0.009337
    -718.200      -0.010227
    -718.100      -0.011112
    -718.000      -0.011991
    -717.900      -0.012863
    -717.800      -0.013727
    -717.700      -0.014582
    -717.600      -0.015428
    -717.500      -0.016262
    -717.400      -0.017085
    -717.300      -0.017895
    -717.200      -0.018691
    -717.100      -0.019473
    -717.000      -0.020239
    -716.900      -0.020990
    -716.800      -0.021724
    -716.700      -0.022440
    -716.600      -0.023138
    -716.500      -0.023816
    -716.400      -0.024474
    -716.300      -0.025110
    -716.200      -0.025723
    -716.100      -0.026313
    -716.000      -0.026878
    -715.900      -0.027418
    -715.800      -0.027933
    -715.700      -0.028421
    -715.600      -0.028882
    -715.500      -0.029318
    -715.400      -0.029726
    -715.300      -0.030108
    -715.200      -0.030462
    -715.100      -0.030789
    -715.000      -0.031089
    -714.900      -0.031362
    -714.800      -0.031607
    -714.700      -0.031824
    -714.600      -0.032013
    -714.500      -0.032174
    -714.400      -0.032306
    -714.300      -0.032410
    -714.200      -0.032485
    -714.100      -0.032531
    -714.000      -0.032548
    -713.900      -0.032536
    -713.800      -0.032494
    -713.700      -0.032422
    -713.600      -0.032321
    -713.500      -0.032188
    -713.400      -0.032024
    -713.300      -0.031829
    -713.200      -0.031602
    -713.100      -0.031343
    -713.000      -0.031053
    -712.900      -0.030731
    -712.800      -0.030378
    -712.700      -0.029994
    -712.600      -0.029581
    -712.500      -0.029140
    -712.400      -0.028671
    -712.300      -0.028175
    -712.200      -0.027653
    -712.100      -0.027106
    -712.000      -0.026534
    -711.900      -0.025938
    -711.800      -0.025318
    -711.700      -0.024675
    -711.600      -0.024008
    -711.500      -0.023318
    -711.400      -0.022605
    -711.300      -0.021871
    -711.200      -0.021115
    -711.100      -0.020338
    -711.000      -0.019542
    -710.900      -0.018727
    -710.800      -0.017894
    -710.700      -0.017044
    -710.600      -0.016176
    -710.500      -0.015292
    -710.400      -0.014392
    -710.300      -0.013476
    -710.200      -0.012545
    -710.100      -0.011599
    -710.000      -0.010638
    -709.900      -0.009663
    -709.800      -0.008674
    -709.700      -0.007673
    -709.600      -0.006662
    -709.500      -0.005641
    -709.400      -0.004613
    -709.300      -0.003578
    -709.200      -0.002539
    -709.100      -0.001497
    -709.000      -0.000453
    -708.900       0.000591
    -708.800       0.001634
    -708.700       0.002676
    -708.600       0.003716
    -708.500       0.004754
    -708.400       0.005788
    -708.300       0.006818
    -708.200       0.007844
    -708.100       0.008865
    -708.000       0.009880
    -707.900       0.010888
    -707.800       0.011890
    -707.700       0.012883
    -707.600       0.013869
    -707.500       0.014845
    -707.400       0.015811
    -707.300       0.016766
    -707.200       0.017711
    -707.100       0.018644
    -707.000       0.019564
    -706.900       0.020471
    -706.800       0.021363
    -706.700       0.022239
    -706.600       0.023098
    -706.500       0.023938
    -706.400       0.024758
    -706.300       0.025557
    -706.200       0.026334
    -706.100       0.027087
    -706.000       0.027816
    -705.900       0.028520
    -705.800       0.029199
    -705.700       0.029852
    -705.600       0.030480
    -705.500       0.031082
    -705.400       0.031658
    -705.300       0.032208
    -705.200       0.032731
    -705.100       0.033227
    -705.000       0.033697
    -704.900       0.034138
    -704.800       0.034551
    -704.700       0.034935
    -704.600       0.035291
    -704.500       0.035617
    -704.400       0.035914
    -704.300       0.036181
    -704.200       0.036419
    -704.100       0.036626
    -704.000       0.036805
    -703.900       0.036953
    -703.800       0.037072
    -703.700       0.037160
    -703.600       0.037218
    -703.500       0.037243
    -703.400       0.037237
    -703.300       0.037198
    -703.200       0.037127
    -703.100       0.037021
    -703.000       0.036883
    -702.900       0.036709
    -702.800       0.036503
    -702.700       0.036263
    -702.600       0.035991
    -702.500       0.035687
    -702.400       0.035352
    -702.300       0.034987
    -702.200       0.034592
    -702.100       0.034167
    -702.000       0.033714
    -701.900       0.033233
    -701.800       0.032725
    -701.700       0.032188
    -701.600       0.031625
    -701.500       0.031035
    -701.400       0.030418
    -701.300       0.029775
    -701.200       0.029107
    -701.100       0.028414
    -701.000       0.027697
    -700.900       0.026956
    -700.800       0.026192
    -700.700       0.025405
    -700.600       0.024596
    -700.500       0.023765
    -700.400       0.022913
    -700.300       0.022041
    -700.200       0.021148
    -700.100       0.020236
    -700.000       0.019305
    -699.900       0.018356
    -699.800       0.017389
    -699.700       0.016405
    -699.600       0.015406
    -699.500       0.014393
    -699.400       0.013365
    -699.300       0.012325
    -699.200       0.011272
    -699.100       0.010209
    -699.000       0.009135
    -698.900       0.008052
    -698.800       0.006961
    -698.700       0.005863
    -698.600       0.004759
    -698.500       0.003650
    -698.400       0.002538
    -698.300       0.001424
    -698.200       0.000309
    -698.100      -0.000805
    -698.000      -0.001916
    -697.900      -0.003024
    -697.800      -0.004128
    -697.700      -0.005228
    -697.600      -0.006323
    -697.500      -0.007413
    -697.400      -0.008498
    -697.300      -0.009577
    -697.200      -0.010651
    -697.100      -0.011719
    -697.000      -0.012781
    -696.900      -0.013837
    -696.800      -0.014885
    -696.700      -0.015924
    -696.600      -0.016952
    -696.500      -0.017969
    -696.400      -0.018971
    -696.300      -0.019957
    -696.200      -0.020927
    -696.100      -0.021878
    -696.000      -0.022809
    -695.900      -0.023719
    -695.800      -0.024606
    -695.700      -0.025472
    -695.600      -0.026314
    -695.500      -0.027133
    -695.400      -0.027928
    -695.300      -0.028699
    -695.200      -0.029446
    -695.100      -0.030167
    -695.000      -0.030864
    -694.900      -0.031534
    -694.800      -0.032179
    -694.700      -0.032798
    -694.600      -0.033389
    -694.500      -0.033954
    -694.400      -0.034491
    -694.300      -0.035000
    -694.200      -0.035480
    -694.100      -0.035932
    -694.000      -0.036356
    -693.900      -0.036749
    -693.800      -0.037113
    -693.700      -0.037445
    -693.600      -0.037747
    -693.500      -0.038016
    -693.400      -0.038252
    -693.300      -0.038456
    -693.200      -0.038626
    -693.100      -0.038763
    -693.000      -0.038866
    -692.900      -0.038934
    -692.800      -0.038969
    -692.700      -0.038970
    -692.600      -0.038937
    -692.500      -0.038871
    -692.400      -0.038770
    -692.300      -0.038637
    -692.200      -0.038470
    -692.100      -0.038269
    -692.000      -0.038036
    -691.900      -0.037769
    -691.800      -0.037468
    -691.700      -0.037136
    -691.600      -0.036771
    -691.500      -0.036375
    -691.400      -0.035948
    -691.300      -0.035490
    -691.200      -0.035004
    -691.100      -0.034488
    -691.000      -0.033945
    -690.900      -0.033375
    -690.800      -0.032778
    -690.700      -0.032154
    -690.600      -0.031504
    -690.500      -0.030827
    -690.400      -0.030125
    -690.300      -0.029397
    -690.200      -0.028643
    -690.100      -0.027863
    -690.000      -0.027059
    -689.900      -0.026229
    -689.800      -0.025376
    -689.700      -0.024498
    -689.600      -0.023599
    -689.500      -0.022678
    -689.400      -0.021736
    -689.300      -0.020775
    -689.200      -0.019796
    -689.100      -0.018800
    -689.000      -0.017787
    -688.900      -0.016760
    -688.800      -0.015719
    -688.700      -0.014665
    -688.600      -0.013599
    -688.500      -0.012524
    -688.400      -0.011438
    -688.300      -0.010345
    -688.200      -0.009244
    -688.100      -0.008137
    -688.000      -0.007025
    -687.900      -0.005908
    -687.800      -0.004787
    -687.700      -0.003663
    -687.600      -0.002536
    -687.500      -0.001407
    -687.400      -0.000277
    -687.300       0.000855
    -687.200       0.001986
    -687.100       0.003116
    -687.000       0.004243
    -686.900       0.005368
    -686.800       0.006489
    -686.700       0.007604
    -686.600       0.008711
    -686.500       0.009811
    -686.400       0.010901
    -686.300       0.011981
    -686.200       0.013050
    -686.100       0.014106
    -686.000       0.015149
    -685.900       0.016178
    -685.800       0.017193
    -685.700       0.018192
    -685.600       0.019175
    -685.500       0.020141
    -685.400       0.021089
    -685.300       0.022018
    -685.200       0.022927
    -685.100       0.023815
    -685.000       0.024681
    -684.900       0.025524
    -684.800       0.026343
    -684.700       0.027138
    -684.600       0.027908
    -684.500       0.028652
    -684.400       0.029370
    -684.300       0.030061
    -684.200       0.030726
    -684.100       0.031363
    -684.000       0.031972
    -683.900       0.032553
    -683.800       0.033105
    -683.700       0.033629
    -683.600       0.034123
    -683.500       0.034589
    -683.400       0.035024
    -683.300       0.035429
    -683.200       0.035804
    -683.100       0.036149
    -683.000       0.036462
    -682.900       0.036745
    -682.800       0.036995
    -682.700       0.037214
    -682.600       0.037400
    -682.500       0.037552
    -682.400       0.037671
    -682.300       0.037756
    -682.200       0.037807
    -682.100       0.037823
    -682.000       0.037804
    -681.900       0.037751
    -681.800       0.037663
    -681.700       0.037541
    -681.600       0.037386
    -681.500       0.037198
    -681.400       0.036979
    -681.300       0.036727
    -681.200       0.036445
    -681.100       0.036132
    -681.000       0.035788
    -680.900       0.035416
    -680.800       0.035014
    -680.700       0.034583
    -680.600       0.034124
    -680.500       0.033637
    -680.400       0.033121
    -680.300       0.032579
    -680.200       0.032010
    -680.100       0.031416
    -680.000       0.030795
    -679.900       0.030151
    -679.800       0.029482
    -679.700       0.028788
    -679.600       0.028071
    -679.500       0.027331
    -679.400       0.026567
    -679.300       0.025780
    -679.200       0.024970
    -679.100       0.024138
    -679.000       0.023284
    -678.900       0.022409
    -678.800       0.021513
    -678.700       0.020599
    -678.600       0.019668
    -678.500       0.018721
    -678.400       0.017760
    -678.300       0.016787
    -678.200       0.015803
    -678.100       0.014810
    -678.000       0.013808
    -677.900       0.012800
    -677.800       0.011786
    -677.700       0.010766
    -677.600       0.009740
    -677.500       0.008710
    -677.400       0.007674
    -677.300       0.006635
    -677.200       0.005591
    -677.100       0.004545
    -677.000       0.003495
    -676.900       0.002444
    -676.800       0.001392
    -676.700       0.000340
    -676.600      -0.000711
    -676.500      -0.001759
    -676.400      -0.002804
    -676.300      -0.003844
    -676.200      -0.004879
    -676.100      -0.005907
    -676.000      -0.006927
    -675.900      -0.007939
    -675.800      -0.008941
    -675.700      -0.009932
    -675.600      -0.010912
    -675.500      -0.011879
    -675.400      -0.012833
    -675.300      -0.013772
    -675.200      -0.014696
    -675.100      -0.015604
    -675.000      -0.016495
    -674.900      -0.017369
    -674.800      -0.018225
    -674.700      -0.019062
    -674.600      -0.019881
    -674.500      -0.020679
    -674.400      -0.021457
    -674.300      -0.022214
    -674.200      -0.022949
    -674.100      -0.023662
    -674.000      -0.024351
    -673.900      -0.025016
    -673.800      -0.025656
    -673.700      -0.026272
    -673.600      -0.026864
    -673.500      -0.027430
    -673.400      -0.027972
    -673.300      -0.028489
    -673.200      -0.028982
    -673.100      -0.029449
    -673.000      -0.029893
    -672.900      -0.030311
    -672.800      -0.030705
    -672.700      -0.031072
    -672.600      -0.031412
    -672.500      -0.031724
    -672.400      -0.032007
    -672.300      -0.032261
    -672.200      -0.032485
    -672.100      -0.032678
    -672.000      -0.032840
    -671.900      -0.032970
    -671.800      -0.033069
    -671.700      -0.033137
    -671.600      -0.033176
    -671.500      -0.033186
    -671.400      -0.033168
    -671.300      -0.033122
    -671.200      -0.033048
    -671.100      -0.032948
    -671.000      -0.032821
    -670.900      -0.032669
    -670.800      -0.032491
    -670.700      -0.032288
    -670.600      -0.032058
    -670.500      -0.031804
    -670.400      -0.031524
    -670.300      -0.031219
    -670.200      -0.030889
    -670.100      -0.030535
    -670.000      -0.030158
    -669.900      -0.029757
    -669.800      -0.029332
    -669.700      -0.028885
    -669.600      -0.028416
    -669.500      -0.027925
    -669.400      -0.027412
    -669.300      -0.026878
    -669.200      -0.026323
    -669.100      -0.025748
    -669.000      -0.025153
    -668.900      -0.024538
    -668.800      -0.023906
    -668.700      -0.023255
    -668.600      -0.022587
    -668.500      -0.021904
    -668.400      -0.021205
    -668.300      -0.020491
    -668.200      -0.019763
    -668.100      -0.019023
    -668.000      -0.018270
    -667.900      -0.017505
    -667.800      -0.016729
    -667.700      -0.015944
    -667.600      -0.015149
    -667.500      -0.014347
    -667.400      -0.013537
    -667.300      -0.012722
    -667.200      -0.011901
    -667.100      -0.011077
    -667.000      -0.010250
    -666.900      -0.009420
    -666.800      -0.008589
    -666.700      -0.007756
    -666.600      -0.006922
    -666.500      -0.006087
    -666.400      -0.005250
    -666.300      -0.004413
    -666.200      -0.003575
    -666.100      -0.002736
    -666.000      -0.001898
    -665.900      -0.001061
    -665.800      -0.000225
    -665.700       0.000608
    -665.600       0.001436
    -665.500       0.002259
    -665.400       0.003075
    -665.300       0.003884
    -665.200       0.004684
    -665.100       0.005475
    -665.000       0.006256
    -664.900       0.007026
    -664.800       0.007785
    -664.700       0.008532
    -664.600       0.009268
    -664.500       0.009990
    -664.400       0.010700
    -664.300       0.011396
    -664.200       0.012078
    -664.100       0.012744
    -664.000       0.013395
    -663.900       0.014030
    -663.800       0.014648
    -663.700       0.015250
    -663.600       0.015836
    -663.500       0.016405
    -663.400       0.016958
    -663.300       0.017495
    -663.200       0.018016
    -663.100       0.018520
    -663.000       0.019009
    -662.900       0.019483
    -662.800       0.019940
    -662.700       0.020380
    -662.600       0.020802
    -662.500       0.021206
    -662.400       0.021589
    -662.300       0.021953
    -662.200       0.022296
    -662.100       0.022618
    -662.000       0.022917
    -661.900       0.023194
    -661.800       0.023448
    -661.700       0.023681
    -661.600       0.023891
    -661.500       0.024081
    -661.400       0.024249
    -661.300       0.024396
    -661.200       0.024524
    -661.100       0.024631
    -661.000       0.024719
    -660.900       0.024787
    -660.800       0.024837
    -660.700       0.024869
    -660.600       0.024882
    -660.500       0.024876
    -660.400       0.024853
    -660.300       0.024813
    -660.200       0.024754
    -660.100       0.024678
    -660.000       0.024585
    -659.900       0.024474
    -659.800       0.024346
    -659.700       0.024200
    -659.600       0.024037
    -659.500       0.023856
    -659.400       0.023658
    -659.300       0.023442
    -659.200       0.023210
    -659.100       0.022962
    -659.000       0.022697
    -658.900       0.022418
    -658.800       0.022124
    -658.700       0.021816
    -658.600       0.021494
    -658.500       0.021160
    -658.400       0.020813
    -658.300       0.020454
    -658.200       0.020082
    -658.100       0.019700
    -658.000       0.019306
    -657.900       0.018900
    -657.800       0.018484
    -657.700       0.018057
    -657.600       0.017621
    -657.500       0.017176
    -657.400       0.016723
    -657.300       0.016261
    -657.200       0.015793
    -657.100       0.015319
    -657.000       0.014839
    -656.900       0.014355
    -656.800       0.013867
    -656.700       0.013374
    -656.600       0.012877
    -656.500       0.012377
    -656.400       0.011874
    -656.300       0.011367
    -656.200       0.010857
    -656.100       0.010344
    -656.000       0.009828
    -655.900       0.009310
    -655.800       0.008790
    -655.700       0.008268
    -655.600       0.007745
    -655.500       0.007221
    -655.400       0.006697
    -655.300       0.006173
    -655.200       0.005650
    -655.100       0.005128
    -655.000       0.004607
    -654.900       0.004089
    -654.800       0.003573
    -654.700       0.003060
    -654.600       0.002550
    -654.500       0.002046
    -654.400       0.001546
    -654.300       0.001052
    -654.200       0.000564
    -654.100       0.000082
    -654.000      -0.000392
    -653.900      -0.000859
    -653.800      -0.001318
    -653.700      -0.001771
    -653.600      -0.002217
    -653.500      -0.002656
    -653.400      -0.003089
    -653.300      -0.003516
    -653.200      -0.003937
    -653.100      -0.004352
    -653.000      -0.004761
    -652.900      -0.005164
    -652.800      -0.005561
    -652.700      -0.005950
    -652.600      -0.006331
    -652.500      -0.006705
    -652.400      -0.007070
    -652.300      -0.007426
    -652.200      -0.007774
    -652.100      -0.008112
    -652.000      -0.008441
    -651.900      -0.008760
    -651.800      -0.009070
    -651.700      -0.009371
    -651.600      -0.009662
    -651.500      -0.009944
    -651.400      -0.010217
    -651.300      -0.010479
    -651.200      -0.010733
    -651.100      -0.010976
    -651.000      -0.011210
    -650.900      -0.011433
    -650.800      -0.011647
    -650.700      -0.011852
    -650.600      -0.012047
    -650.500      -0.012234
    -650.400      -0.012411
    -650.300      -0.012580
    -650.200      -0.012741
    -650.100      -0.012893
    -650.000      -0.013038
    -649.900      -0.013175
    -649.800      -0.013305
    -649.700      -0.013427
    -649.600      -0.013541
    -649.500      -0.013648
    -649.400      -0.013748
    -649.300      -0.013841
    -649.200      -0.013926
    -649.100      -0.014005
    -649.000      -0.014077
    -648.900      -0.014142
    -648.800      -0.014200
    -648.700      -0.014252
    -648.600      -0.014296
    -648.500      -0.014333
    -648.400      -0.014362
    -648.300      -0.014384
    -648.200      -0.014398
    -648.100      -0.014405
    -648.000      -0.014403
    -647.900      -0.014394
    -647.800      -0.014377
    -647.700      -0.014354
    -647.600      -0.014324
    -647.500      -0.014290
    -647.400      -0.014251
    -647.300      -0.014208
    -647.200      -0.014162
    -647.100      -0.014112
    -647.000      -0.014060
    -646.900      -0.014005
    -646.800      -0.013948
    -646.700      -0.013888
    -646.600      -0.013825
    -646.500      -0.013758
    -646.400      -0.013688
    -646.300      -0.013613
    -646.200      -0.013534
    -646.100      -0.013451
    -646.000      -0.013363
    -645.900      -0.013270
    -645.800      -0.013172
    -645.700      -0.013070
    -645.600      -0.012964
    -645.500      -0.012854
    -645.400      -0.012739
    -645.300      -0.012622
    -645.200      -0.012500
    -645.100      -0.012376
    -645.000      -0.012248
    -644.900      -0.012116
    -644.800      -0.011982
    -644.700      -0.011845
    -644.600      -0.011706
    -644.500      -0.011563
    -644.400      -0.011419
    -644.300      -0.011272
    -644.200      -0.011123
    -644.100      -0.010971
    -644.000      -0.010818
    -643.900      -0.010663
    -643.800      -0.010505
    -643.700      -0.010345
    -643.600      -0.010182
    -643.500      -0.010017
    -643.400      -0.009848
    -643.300      -0.009676
    -643.200      -0.009501
    -643.100      -0.009322
    -643.000      -0.009139
    -642.900      -0.008952
    -642.800      -0.008762
    -642.700      -0.008567
    -642.600      -0.008369
    -642.500      -0.008166
    -642.400      -0.007960
    -642.300      -0.007749
    -642.200      -0.007534
    -642.100      -0.007315
    -642.000      -0.007092
    -641.900      -0.006865
    -641.800      -0.006634
    -641.700      -0.006399
    -641.600      -0.006161
    -641.500      -0.005919
    -641.400      -0.005673
    -641.300      -0.005425
    -641.200      -0.005173
    -641.100      -0.004917
    -641.000      -0.004658
    -640.900      -0.004395
    -640.800      -0.004129
    -640.700      -0.003857
    -640.600      -0.003582
    -640.500      -0.003302
    -640.400      -0.003017
    -640.300      -0.002727
    -640.200      -0.002433
    -640.100      -0.002134
    -640.000      -0.001830
    -639.900      -0.001522
    -639.800      -0.001210
    -639.700      -0.000894
    -639.600      -0.000574
    -639.500      -0.000250
    -639.400       0.000078
    -639.300       0.000410
    -639.200       0.000746
    -639.100       0.001087
    -639.000       0.001432
    -638.900       0.001782
    -638.800       0.002137
    -638.700       0.002496
    -638.600       0.002859
    -638.500       0.003226
    -638.400       0.003596
    -638.300       0.003969
    -638.200       0.004344
    -638.100       0.004721
    -638.000       0.005100
    -637.900       0.005480
    -637.800       0.005860
    -637.700       0.006241
    -637.600       0.006623
    -637.500       0.007005
    -637.400       0.007388
    -637.300       0.007772
    -637.200       0.008157
    -637.100       0.008543
    -637.000       0.008929
    -636.900       0.009316
    -636.800       0.009704
    -636.700       0.010092
    -636.600       0.010480
    -636.500       0.010868
    -636.400       0.011255
    -636.300       0.011641
    -636.200       0.012026
    -636.100       0.012409
    -636.000       0.012790
    -635.900       0.013169
    -635.800       0.013544
    -635.700       0.013915
    -635.600       0.014282
    -635.500       0.014644
    -635.400       0.015001
    -635.300       0.015351
    -635.200       0.015695
    -635.100       0.016031
    -635.000       0.016360
    -634.900       0.016682
    -634.800       0.016996
    -634.700       0.017302
    -634.600       0.017601
    -634.500       0.017892
    -634.400       0.018175
    -634.300       0.018449
    -634.200       0.018716
    -634.100       0.018973
    -634.000       0.019221
    -633.900       0.019460
    -633.800       0.019689
    -633.700       0.019907
    -633.600       0.020113
    -633.500       0.020308
    -633.400       0.020491
    -633.300       0.020662
    -633.200       0.020820
    -633.100       0.020965
    -633.000       0.021097
    -632.900       0.021215
    -632.800       0.021320
    -632.700       0.021411
    -632.600       0.021487
    -632.500       0.021548
    -632.400       0.021594
    -632.300       0.021624
    -632.200       0.021637
    -632.100       0.021634
    -632.000       0.021615
    -631.900       0.021578
    -631.800       0.021523
    -631.700       0.021452
    -631.600       0.021364
    -631.500       0.021258
    -631.400       0.021136
    -631.300       0.020998
    -631.200       0.020842
    -631.100       0.020670
    -631.000       0.020481
    -630.900       0.020275
    -630.800       0.020053
    -630.700       0.019813
    -630.600       0.019556
    -630.500       0.019282
    -630.400       0.018990
    -630.300       0.018681
    -630.200       0.018354
    -630.100       0.018009
    -630.000       0.017647
    -629.900       0.017268
    -629.800       0.016871
    -629.700       0.016456
    -629.600       0.016025
    -629.500       0.015576
    -629.400       0.015111
    -629.300       0.014628
    -629.200       0.014130
    -629.100       0.013615
    -629.000       0.013084
    -628.900       0.012538
    -628.800       0.011976
    -628.700       0.011400
    -628.600       0.010809
    -628.500       0.010204
    -628.400       0.009586
    -628.300       0.008955
    -628.200       0.008310
    -628.100       0.007653
    -628.000       0.006984
    -627.900       0.006302
    -627.800       0.005609
    -627.700       0.004906
    -627.600       0.004192
    -627.500       0.003468
    -627.400       0.002736
    -627.300       0.001995
    -627.200       0.001246
    -627.100       0.000491
    -627.000      -0.000270
    -626.900      -0.001037
    -626.800      -0.001809
    -626.700      -0.002585
    -626.600      -0.003366
    -626.500      -0.004152
    -626.400      -0.004941
    -626.300      -0.005733
    -626.200      -0.006529
    -626.100      -0.007328
    -626.000      -0.008129
    -625.900      -0.008932
    -625.800      -0.009735
    -625.700      -0.010537
    -625.600      -0.011338
    -625.500      -0.012136
    -625.400      -0.012929
    -625.300      -0.013718
    -625.200      -0.014501
    -625.100      -0.015277
    -625.000      -0.016045
    -624.900      -0.016805
    -624.800      -0.017556
    -624.700      -0.018299
    -624.600      -0.019033
    -624.500      -0.019757
    -624.400      -0.020471
    -624.300      -0.021174
    -624.200      -0.021867
    -624.100      -0.022548
    -624.000      -0.023216
    -623.900      -0.023871
    -623.800      -0.024512
    -623.700      -0.025138
    -623.600      -0.025748
    -623.500      -0.026342
    -623.400      -0.026918
    -623.300      -0.027476
    -623.200      -0.028015
    -623.100      -0.028535
    -623.000      -0.029035
    -622.900      -0.029515
    -622.800      -0.029973
    -622.700      -0.030410
    -622.600      -0.030826
    -622.500      -0.031219
    -622.400      -0.031590
    -622.300      -0.031938
    -622.200      -0.032262
    -622.100      -0.032563
    -622.000      -0.032840
    -621.900      -0.033093
    -621.800      -0.033320
    -621.700      -0.033522
    -621.600      -0.033698
    -621.500      -0.033847
    -621.400      -0.033968
    -621.300      -0.034062
    -621.200      -0.034127
    -621.100      -0.034163
    -621.000      -0.034169
    -620.900      -0.034146
    -620.800      -0.034093
    -620.700      -0.034011
    -620.600      -0.033901
    -620.500      -0.033763
    -620.400      -0.033597
    -620.300      -0.033404
    -620.200      -0.033183
    -620.100      -0.032937
    -620.000      -0.032664
    -619.900      -0.032365
    -619.800      -0.032039
    -619.700      -0.031686
    -619.600      -0.031305
    -619.500      -0.030896
    -619.400      -0.030457
    -619.300      -0.029990
    -619.200      -0.029493
    -619.100      -0.028967
    -619.000      -0.028412
    -618.900      -0.027827
    -618.800      -0.027215
    -618.700      -0.026576
    -618.600      -0.025910
    -618.500      -0.025219
    -618.400      -0.024504
    -618.300      -0.023766
    -618.200      -0.023004
    -618.100      -0.022221
    -618.000      -0.021416
    -617.900      -0.020590
    -617.800      -0.019744
    -617.700      -0.018878
    -617.600      -0.017992
    -617.500      -0.017086
    -617.400      -0.016162
    -617.300      -0.015221
    -617.200      -0.014261
    -617.100      -0.013285
    -617.000      -0.012292
    -616.900      -0.011284
    -616.800      -0.010261
    -616.700      -0.009225
    -616.600      -0.008174
    -616.500      -0.007112
    -616.400      -0.006037
    -616.300      -0.004952
    -616.200      -0.003858
    -616.100      -0.002754
    -616.000      -0.001644
    -615.900      -0.000526
    -615.800       0.000596
    -615.700       0.001723
    -615.600       0.002853
    -615.500       0.003985
    -615.400       0.005119
    -615.300       0.006253
    -615.200       0.007387
    -615.100       0.008520
    -615.000       0.009651
    -614.900       0.010780
    -614.800       0.011905
    -614.700       0.013025
    -614.600       0.014140
    -614.500       0.015248
    -614.400       0.016348
    -614.300       0.017438
    -614.200       0.018518
    -614.100       0.019585
    -614.000       0.020639
    -613.900       0.021679
    -613.800       0.022704
    -613.700       0.023712
    -613.600       0.024704
    -613.500       0.025679
    -613.400       0.026636
    -613.300       0.027574
    -613.200       0.028493
    -613.100       0.029392
    -613.000       0.030270
    -612.900       0.031127
    -612.800       0.031960
    -612.700       0.032770
    -612.600       0.033555
    -612.500       0.034313
    -612.400       0.035045
    -612.300       0.035750
    -612.200       0.036425
    -612.100       0.037072
    -612.000       0.037689
    -611.900       0.038276
    -611.800       0.038833
    -611.700       0.039358
    -611.600       0.039851
    -611.500       0.040312
    -611.400       0.040739
    -611.300       0.041133
    -611.200       0.041492
    -611.100       0.041816
    -611.000       0.042103
    -610.900       0.042355
    -610.800       0.042569
    -610.700       0.042747
    -610.600       0.042888
    -610.500       0.042992
    -610.400       0.043059
    -610.300       0.043089
    -610.200       0.043082
    -610.100       0.043039
    -610.000       0.042959
    -609.900       0.042842
    -609.800       0.042688
    -609.700       0.042498
    -609.600       0.042270
    -609.500       0.042004
    -609.400       0.041701
    -609.300       0.041361
    -609.200       0.040984
    -609.100       0.040569
    -609.000       0.040118
    -608.900       0.039631
    -608.800       0.039108
    -608.700       0.038549
    -608.600       0.037954
    -608.500       0.037325
    -608.400       0.036661
    -608.300       0.035963
    -608.200       0.035230
    -608.100       0.034464
    -608.000       0.033664
    -607.900       0.032832
    -607.800       0.031968
    -607.700       0.031073
    -607.600       0.030148
    -607.500       0.029195
    -607.400       0.028214
    -607.300       0.027207
    -607.200       0.026175
    -607.100       0.025118
    -607.000       0.024039
    -606.900       0.022938
    -606.800       0.021814
    -606.700       0.020670
    -606.600       0.019505
    -606.500       0.018320
    -606.400       0.017116
    -606.300       0.015894
    -606.200       0.014654
    -606.100       0.013398
    -606.000       0.012126
    -605.900       0.010839
    -605.800       0.009540
    -605.700       0.008229
    -605.600       0.006909
    -605.500       0.005580
    -605.400       0.004243
    -605.300       0.002901
    -605.200       0.001554
    -605.100       0.000204
    -605.000      -0.001148
    -604.900      -0.002502
    -604.800      -0.003855
    -604.700      -0.005207
    -604.600      -0.006558
    -604.500      -0.007904
    -604.400      -0.009246
    -604.300      -0.010582
    -604.200      -0.011911
    -604.100      -0.013231
    -604.000      -0.014542
    -603.900      -0.015842
    -603.800      -0.017129
    -603.700      -0.018404
    -603.600      -0.019664
    -603.500      -0.020908
    -603.400      -0.022135
    -603.300      -0.023344
    -603.200      -0.024534
    -603.100      -0.025703
    -603.000      -0.026850
    -602.900      -0.027975
    -602.800      -0.029075
    -602.700      -0.030151
    -602.600      -0.031201
    -602.500      -0.032225
    -602.400      -0.033222
    -602.300      -0.034191
    -602.200      -0.035131
    -602.100      -0.036042
    -602.000      -0.036924
    -601.900      -0.037774
    -601.800      -0.038593
    -601.700      -0.039379
    -601.600      -0.040130
    -601.500      -0.040846
    -601.400      -0.041525
    -601.300      -0.042167
    -601.200      -0.042770
    -601.100      -0.043334
    -601.000      -0.043857
    -600.900      -0.044339
    -600.800      -0.044781
    -600.700      -0.045183
    -600.600      -0.045544
    -600.500      -0.045866
    -600.400      -0.046147
    -600.300      -0.046390
    -600.200      -0.046593
    -600.100      -0.046756
    -600.000      -0.046880
    -599.900      -0.046965
    -599.800      -0.047009
    -599.700      -0.047013
    -599.600      -0.046975
    -599.500      -0.046895
    -599.400      -0.046772
    -599.300      -0.046606
    -599.200      -0.046398
    -599.100      -0.046146
    -599.000      -0.045851
    -598.900      -0.045513
    -598.800      -0.045133
    -598.700      -0.044711
    -598.600      -0.044249
    -598.500      -0.043748
    -598.400      -0.043207
    -598.300      -0.042629
    -598.200      -0.042013
    -598.100      -0.041361
    -598.000      -0.040675
    -597.900      -0.039953
    -597.800      -0.039198
    -597.700      -0.038409
    -597.600      -0.037587
    -597.500      -0.036731
    -597.400      -0.035844
    -597.300      -0.034924
    -597.200      -0.033972
    -597.100      -0.032989
    -597.000      -0.031976
    -596.900      -0.030932
    -596.800      -0.029860
    -596.700      -0.028760
    -596.600      -0.027633
    -596.500      -0.026481
    -596.400      -0.025306
    -596.300      -0.024109
    -596.200      -0.022892
    -596.100      -0.021655
    -596.000      -0.020401
    -595.900      -0.019131
    -595.800      -0.017846
    -595.700      -0.016547
    -595.600      -0.015233
    -595.500      -0.013907
    -595.400      -0.012569
    -595.300      -0.011221
    -595.200      -0.009862
    -595.100      -0.008494
    -595.000      -0.007118
    -594.900      -0.005736
    -594.800      -0.004348
    -594.700      -0.002956
    -594.600      -0.001562
    -594.500      -0.000167
    -594.400       0.001227
    -594.300       0.002619
    -594.200       0.004007
    -594.100       0.005390
    -594.000       0.006767
    -593.900       0.008137
    -593.800       0.009499
    -593.700       0.010852
    -593.600       0.012194
    -593.500       0.013525
    -593.400       0.014843
    -593.300       0.016148
    -593.200       0.017438
    -593.100       0.018713
    -593.000       0.019970
    -592.900       0.021209
    -592.800       0.022429
    -592.700       0.023629
    -592.600       0.024807
    -592.500       0.025963
    -592.400       0.027096
    -592.300       0.028204
    -592.200       0.029286
    -592.100       0.030343
    -592.000       0.031372
    -591.900       0.032373
    -591.800       0.033345
    -591.700       0.034288
    -591.600       0.035199
    -591.500       0.036079
    -591.400       0.036927
    -591.300       0.037742
    -591.200       0.038523
    -591.100       0.039269
    -591.000       0.039982
    -590.900       0.040658
    -590.800       0.041300
    -590.700       0.041905
    -590.600       0.042475
    -590.500       0.043007
    -590.400       0.043503
    -590.300       0.043962
    -590.200       0.044383
    -590.100       0.044766
    -590.000       0.045110
    -589.900       0.045417
    -589.800       0.045684
    -589.700       0.045912
    -589.600       0.046101
    -589.500       0.046250
    -589.400       0.046360
    -589.300       0.046429
    -589.200       0.046459
    -589.100       0.046448
    -589.000       0.046396
    -588.900       0.046305
    -588.800       0.046173
    -588.700       0.046001
    -588.600       0.045790
    -588.500       0.045540
    -588.400       0.045251
    -588.300       0.044925
    -588.200       0.044562
    -588.100       0.044163
    -588.000       0.043729
    -587.900       0.043261
    -587.800       0.042758
    -587.700       0.042222
    -587.600       0.041652
    -587.500       0.041049
    -587.400       0.040413
    -587.300       0.039743
    -587.200       0.039040
    -587.100       0.038305
    -587.000       0.037537
    -586.900       0.036736
    -586.800       0.035904
    -586.700       0.035042
    -586.600       0.034151
    -586.500       0.033232
    -586.400       0.032286
    -586.300       0.031316
    -586.200       0.030322
    -586.100       0.029305
    -586.000       0.028268
    -585.900       0.027211
    -585.800       0.026134
    -585.700       0.025038
    -585.600       0.023925
    -585.500       0.022793
    -585.400       0.021645
    -585.300       0.020480
    -585.200       0.019300
    -585.100       0.018105
    -585.000       0.016896
    -584.900       0.015675
    -584.800       0.014442
    -584.700       0.013199
    -584.600       0.011947
    -584.500       0.010688
    -584.400       0.009423
    -584.300       0.008153
    -584.200       0.006880
    -584.100       0.005605
    -584.000       0.004328
    -583.900       0.003052
    -583.800       0.001776
    -583.700       0.000502
    -583.600      -0.000770
    -583.500      -0.002038
    -583.400      -0.003303
    -583.300      -0.004563
    -583.200      -0.005818
    -583.100      -0.007067
    -583.000      -0.008308
    -582.900      -0.009542
    -582.800      -0.010767
    -582.700      -0.011982
    -582.600      -0.013185
    -582.500      -0.014375
    -582.400      -0.015551
    -582.300      -0.016712
    -582.200      -0.017855
    -582.100      -0.018979
    -582.000      -0.020083
    -581.900      -0.021166
    -581.800      -0.022227
    -581.700      -0.023265
    -581.600      -0.024281
    -581.500      -0.025273
    -581.400      -0.026243
    -581.300      -0.027189
    -581.200      -0.028112
    -581.100      -0.029011
    -581.000      -0.029888
    -580.900      -0.030741
    -580.800      -0.031570
    -580.700      -0.032374
    -580.600      -0.033152
    -580.500      -0.033902
    -580.400      -0.034623
    -580.300      -0.035315
    -580.200      -0.035976
    -580.100      -0.036604
    -580.000      -0.037200
    -579.900      -0.037761
    -579.800      -0.038289
    -579.700      -0.038782
    -579.600      -0.039242
    -579.500      -0.039668
    -579.400      -0.040060
    -579.300      -0.040420
    -579.200      -0.040746
    -579.100      -0.041040
    -579.000      -0.041301
    -578.900      -0.041529
    -578.800      -0.041724
    -578.700      -0.041886
    -578.600      -0.042015
    -578.500      -0.042109
    -578.400      -0.042170
    -578.300      -0.042197
    -578.200      -0.042190
    -578.100      -0.042150
    -578.000      -0.042075
    -577.900      -0.041968
    -577.800      -0.041827
    -577.700      -0.041652
    -577.600      -0.041445
    -577.500      -0.041206
    -577.400      -0.040934
    -577.300      -0.040629
    -577.200      -0.040293
    -577.100      -0.039924
    -577.000      -0.039525
    -576.900      -0.039094
    -576.800      -0.038632
    -576.700      -0.038140
    -576.600      -0.037619
    -576.500      -0.037070
    -576.400      -0.036492
    -576.300      -0.035887
    -576.200      -0.035255
    -576.100      -0.034597
    -576.000      -0.033913
    -575.900      -0.033204
    -575.800      -0.032471
    -575.700      -0.031714
    -575.600      -0.030933
    -575.500      -0.030129
    -575.400      -0.029304
    -575.300      -0.028458
    -575.200      -0.027591
    -575.100      -0.026705
    -575.000      -0.025801
    -574.900      -0.024879
    -574.800      -0.023941
    -574.700      -0.022988
    -574.600      -0.022019
    -574.500      -0.021035
    -574.400      -0.020038
    -574.300      -0.019027
    -574.200      -0.018004
    -574.100      -0.016969
    -574.000      -0.015922
    -573.900      -0.014865
    -573.800      -0.013799
    -573.700      -0.012724
    -573.600      -0.011642
    -573.500      -0.010554
    -573.400      -0.009461
    -573.300      -0.008365
    -573.200      -0.007266
    -573.100      -0.006165
    -573.000      -0.005064
    -572.900      -0.003962
    -572.800      -0.002861
    -572.700      -0.001762
    -572.600      -0.000664
    -572.500       0.000432
    -572.400       0.001524
    -572.300       0.002613
    -572.200       0.003696
    -572.100       0.004774
    -572.000       0.005845
    -571.900       0.006908
    -571.800       0.007961
    -571.700       0.009005
    -571.600       0.010037
    -571.500       0.011058
    -571.400       0.012065
    -571.300       0.013058
    -571.200       0.014038
    -571.100       0.015002
    -571.000       0.015950
    -570.900       0.016883
    -570.800       0.017798
    -570.700       0.018697
    -570.600       0.019578
    -570.500       0.020441
    -570.400       0.021284
    -570.300       0.022109
    -570.200       0.022913
    -570.100       0.023696
    -570.000       0.024459
    -569.900       0.025199
    -569.800       0.025918
    -569.700       0.026613
    -569.600       0.027286
    -569.500       0.027934
    -569.400       0.028557
    -569.300       0.029155
    -569.200       0.029727
    -569.100       0.030272
    -569.000       0.030790
    -568.900       0.031279
    -568.800       0.031741
    -568.700       0.032173
    -568.600       0.032577
    -568.500       0.032953
    -568.400       0.033300
    -568.300       0.033619
    -568.200       0.033910
    -568.100       0.034173
    -568.000       0.034409
    -567.900       0.034618
    -567.800       0.034799
    -567.700       0.034953
    -567.600       0.035079
    -567.500       0.035177
    -567.400       0.035246
    -567.300       0.035286
    -567.200       0.035297
    -567.100       0.035278
    -567.000       0.035229
    -566.900       0.035150
    -566.800       0.035042
    -566.700       0.034905
    -566.600       0.034740
    -566.500       0.034547
    -566.400       0.034326
    -566.300       0.034079
    -566.200       0.033805
    -566.100       0.033505
    -566.000       0.033180
    -565.900       0.032829
    -565.800       0.032453
    -565.700       0.032053
    -565.600       0.031628
    -565.500       0.031178
    -565.400       0.030704
    -565.300       0.030207
    -565.200       0.029686
    -565.100       0.029142
    -565.000       0.028576
    -564.900       0.027988
    -564.800       0.027380
    -564.700       0.026751
    -564.600       0.026103
    -564.500       0.025436
    -564.400       0.024752
    -564.300       0.024050
    -564.200       0.023333
    -564.100       0.022600
    -564.000       0.021853
    -563.900       0.021092
    -563.800       0.020319
    -563.700       0.019533
    -563.600       0.018734
    -563.500       0.017925
    -563.400       0.017104
    -563.300       0.016272
    -563.200       0.015430
    -563.100       0.014577
    -563.000       0.013714
    -562.900       0.012842
    -562.800       0.011961
    -562.700       0.011072
    -562.600       0.010177
    -562.500       0.009277
    -562.400       0.008373
    -562.300       0.007467
    -562.200       0.006559
    -562.100       0.005652
    -562.000       0.004747
    -561.900       0.003845
    -561.800       0.002947
    -561.700       0.002052
    -561.600       0.001162
    -561.500       0.000276
    -561.400      -0.000606
    -561.300      -0.001483
    -561.200      -0.002354
    -561.100      -0.003221
    -561.000      -0.004083
    -560.900      -0.004939
    -560.800      -0.005789
    -560.700      -0.006632
    -560.600      -0.007465
    -560.500      -0.008289
    -560.400      -0.009102
    -560.300      -0.009902
    -560.200      -0.010689
    -560.100      -0.011463
    -560.000      -0.012221
    -559.900      -0.012963
    -559.800      -0.013689
    -559.700      -0.014399
    -559.600      -0.015092
    -559.500      -0.015769
    -559.400      -0.016429
    -559.300      -0.017071
    -559.200      -0.017697
    -559.100      -0.018305
    -559.000      -0.018895
    -558.900      -0.019467
    -558.800      -0.020020
    -558.700      -0.020554
    -558.600      -0.021068
    -558.500      -0.021562
    -558.400      -0.022035
    -558.300      -0.022486
    -558.200      -0.022916
    -558.100      -0.023323
    -558.000      -0.023707
    -557.900      -0.024068
    -557.800      -0.024405
    -557.700      -0.024720
    -557.600      -0.025011
    -557.500      -0.025279
    -557.400      -0.025524
    -557.300      -0.025746
    -557.200      -0.025946
    -557.100      -0.026124
    -557.000      -0.026280
    -556.900      -0.026415
    -556.800      -0.026528
    -556.700      -0.026620
    -556.600      -0.026691
    -556.500      -0.026739
    -556.400      -0.026766
    -556.300      -0.026770
    -556.200      -0.026752
    -556.100      -0.026712
    -556.000      -0.026648
    -555.900      -0.026561
    -555.800      -0.026450
    -555.700      -0.026318
    -555.600      -0.026163
    -555.500      -0.025988
    -555.400      -0.025791
    -555.300      -0.025574
    -555.200      -0.025337
    -555.100      -0.025082
    -555.000      -0.024808
    -554.900      -0.024517
    -554.800      -0.024208
    -554.700      -0.023882
    -554.600      -0.023539
    -554.500      -0.023180
    -554.400      -0.022805
    -554.300      -0.022413
    -554.200      -0.022007
    -554.100      -0.021586
    -554.000      -0.021151
    -553.900      -0.020702
    -553.800      -0.020240
    -553.700      -0.019765
    -553.600      -0.019279
    -553.500      -0.018781
    -553.400      -0.018272
    -553.300      -0.017753
    -553.200      -0.017224
    -553.100      -0.016684
    -553.000      -0.016136
    -552.900      -0.015578
    -552.800      -0.015011
    -552.700      -0.014436
    -552.600      -0.013853
    -552.500      -0.013263
    -552.400      -0.012667
    -552.300      -0.012065
    -552.200      -0.011458
    -552.100      -0.010847
    -552.000      -0.010232
    -551.900      -0.009613
    -551.800      -0.008993
    -551.700      -0.008371
    -551.600      -0.007747
    -551.500      -0.007124
    -551.400      -0.006501
    -551.300      -0.005879
    -551.200      -0.005258
    -551.100      -0.004640
    -551.000      -0.004026
    -550.900      -0.003414
    -550.800      -0.002807
    -550.700      -0.002204
    -550.600      -0.001605
    -550.500      -0.001011
    -550.400      -0.000421
    -550.300       0.000164
    -550.200       0.000744
    -550.100       0.001319
    -550.000       0.001889
    -549.900       0.002454
    -549.800       0.003012
    -549.700       0.003564
    -549.600       0.004109
    -549.500       0.004646
    -549.400       0.005174
    -549.300       0.005694
    -549.200       0.006203
    -549.100       0.006703
    -549.000       0.007192
    -548.900       0.007671
    -548.800       0.008138
    -548.700       0.008594
    -548.600       0.009039
    -548.500       0.009473
    -548.400       0.009895
    -548.300       0.010305
    -548.200       0.010704
    -548.100       0.011089
    -548.000       0.011462
    -547.900       0.011822
    -547.800       0.012169
    -547.700       0.012502
    -547.600       0.012822
    -547.500       0.013129
    -547.400       0.013423
    -547.300       0.013704
    -547.200       0.013973
    -547.100       0.014230
    -547.000       0.014475
    -546.900       0.014709
    -546.800       0.014932
    -546.700       0.015144
    -546.600       0.015344
    -546.500       0.015532
    -546.400       0.015708
    -546.300       0.015872
    -546.200       0.016023
    -546.100       0.016161
    -546.000       0.016286
    -545.900       0.016397
    -545.800       0.016495
    -545.700       0.016580
    -545.600       0.016651
    -545.500       0.016710
    -545.400       0.016756
    -545.300       0.016790
    -545.200       0.016812
    -545.100       0.016823
    -545.000       0.016822
    -544.900       0.016811
    -544.800       0.016789
    -544.700       0.016757
    -544.600       0.016714
    -544.500       0.016662
    -544.400       0.016600
    -544.300       0.016528
    -544.200       0.016448
    -544.100       0.016359
    -544.000       0.016261
    -543.900       0.016156
    -543.800       0.016042
    -543.700       0.015921
    -543.600       0.015792
    -543.500       0.015655
    -543.400       0.015511
    -543.300       0.015360
    -543.200       0.015202
    -543.100       0.015037
    -543.000       0.014866
    -542.900       0.014688
    -542.800       0.014505
    -542.700       0.014315
    -542.600       0.014120
    -542.500       0.013919
    -542.400       0.013713
    -542.300       0.013501
    -542.200       0.013284
    -542.100       0.013061
    -542.000       0.012833
    -541.900       0.012600
    -541.800       0.012361
    -541.700       0.012117
    -541.600       0.011869
    -541.500       0.011618
    -541.400       0.011363
    -541.300       0.011107
    -541.200       0.010848
    -541.100       0.010589
    -541.000       0.010329
    -540.900       0.010070
    -540.800       0.009811
    -540.700       0.009553
    -540.600       0.009295
    -540.500       0.009036
    -540.400       0.008777
    -540.300       0.008517
    -540.200       0.008257
    -540.100       0.007994
    -540.000       0.007730
    -539.900       0.007464
    -539.800       0.007197
    -539.700       0.006928
    -539.600       0.006657
    -539.500       0.006386
    -539.400       0.006115
    -539.300       0.005843
    -539.200       0.005572
    -539.100       0.005301
    -539.000       0.005032
    -538.900       0.004763
    -538.800       0.004495
    -538.700       0.004228
    -538.600       0.003963
    -538.500       0.003698
    -538.400       0.003436
    -538.300       0.003174
    -538.200       0.002915
    -538.100       0.002657
    -538.000       0.002402
    -537.900       0.002148
    -537.800       0.001897
    -537.700       0.001649
    -537.600       0.001402
    -537.500       0.001157
    -537.400       0.000915
    -537.300       0.000674
    -537.200       0.000434
    -537.100       0.000197
    -537.000      -0.000039
    -536.900      -0.000275
    -536.800      -0.000509
    -536.700      -0.000742
    -536.600      -0.000974
    -536.500      -0.001206
    -536.400      -0.001437
    -536.300      -0.001668
    -536.200      -0.001899
    -536.100      -0.002130
    -536.000      -0.002360
    -535.900      -0.002591
    -535.800      -0.002821
    -535.700      -0.003051
    -535.600      -0.003280
    -535.500      -0.003507
    -535.400      -0.003732
    -535.300      -0.003955
    -535.200      -0.004174
    -535.100      -0.004391
    -535.000      -0.004603
    -534.900      -0.004810
    -534.800      -0.005014
    -534.700      -0.005215
    -534.600      -0.005412
    -534.500      -0.005608
    -534.400      -0.005803
    -534.300      -0.005997
    -534.200      -0.006191
    -534.100      -0.006386
    -534.000      -0.006583
    -533.900      -0.006782
    -533.800      -0.006983
    -533.700      -0.007186
    -533.600      -0.007389
    -533.500      -0.007592
    -533.400      -0.007795
    -533.300      -0.007996
    -533.200      -0.008196
    -533.100      -0.008394
    -533.000      -0.008589
    -532.900      -0.008780
    -532.800      -0.008969
    -532.700      -0.009154
    -532.600      -0.009336
    -532.500      -0.009516
    -532.400      -0.009694
    -532.300      -0.009869
    -532.200      -0.010043
    -532.100      -0.010214
    -532.000      -0.010384
    -531.900      -0.010552
    -531.800      -0.010719
    -531.700      -0.010883
    -531.600      -0.011046
    -531.500      -0.011206
    -531.400      -0.011364
    -531.300      -0.011519
    -531.200      -0.011671
    -531.100      -0.011821
    -531.000      -0.011968
    -530.900      -0.012111
    -530.800      -0.012252
    -530.700      -0.012389
    -530.600      -0.012522
    -530.500      -0.012653
    -530.400      -0.012779
    -530.300      -0.012902
    -530.200      -0.013021
    -530.100      -0.013137
    -530.000      -0.013248
    -529.900      -0.013356
    -529.800      -0.013460
    -529.700      -0.013559
    -529.600      -0.013653
    -529.500      -0.013742
    -529.400      -0.013826
    -529.300      -0.013904
    -529.200      -0.013975
    -529.100      -0.014039
    -529.000      -0.014095
    -528.900      -0.014144
    -528.800      -0.014184
    -528.700      -0.014216
    -528.600      -0.014239
    -528.500      -0.014255
    -528.400      -0.014264
    -528.300      -0.014264
    -528.200      -0.014258
    -528.100      -0.014245
    -528.000      -0.014226
    -527.900      -0.014200
    -527.800      -0.014168
    -527.700      -0.014129
    -527.600      -0.014084
    -527.500      -0.014030
    -527.400      -0.013969
    -527.300      -0.013899
    -527.200      -0.013821
    -527.100      -0.013733
    -527.000      -0.013635
    -526.900      -0.013526
    -526.800      -0.013408
    -526.700      -0.013278
    -526.600      -0.013138
    -526.500      -0.012988
    -526.400      -0.012826
    -526.300      -0.012654
    -526.200      -0.012472
    -526.100      -0.012278
    -526.000      -0.012074
    -525.900      -0.011858
    -525.800      -0.011632
    -525.700      -0.011395
    -525.600      -0.011148
    -525.500      -0.010890
    -525.400      -0.010622
    -525.300      -0.010345
    -525.200      -0.010057
    -525.100      -0.009760
    -525.000      -0.009454
    -524.900      -0.009140
    -524.800      -0.008816
    -524.700      -0.008483
    -524.600      -0.008141
    -524.500      -0.007790
    -524.400      -0.007430
    -524.300      -0.007060
    -524.200      -0.006681
    -524.100      -0.006292
    -524.000      -0.005894
    -523.900      -0.005487
    -523.800      -0.005072
    -523.700      -0.004647
    -523.600      -0.004215
    -523.500      -0.003774
    -523.400      -0.003325
    -523.300      -0.002868
    -523.200      -0.002404
    -523.100      -0.001932
    -523.000      -0.001451
    -522.900      -0.000963
    -522.800      -0.000468
    -522.700       0.000035
    -522.600       0.000544
    -522.500       0.001059
    -522.400       0.001579
    -522.300       0.002104
    -522.200       0.002632
    -522.100       0.003162
    -522.000       0.003694
    -521.900       0.004227
    -521.800       0.004760
    -521.700       0.005292
    -521.600       0.005825
    -521.500       0.006357
    -521.400       0.006889
    -521.300       0.007420
    -521.200       0.007951
    -521.100       0.008481
    -521.000       0.009011
    -520.900       0.009540
    -520.800       0.010068
    -520.700       0.010594
    -520.600       0.011119
    -520.500       0.011640
    -520.400       0.012159
    -520.300       0.012674
    -520.200       0.013184
    -520.100       0.013690
    -520.000       0.014190
    -519.900       0.014684
    -519.800       0.015171
    -519.700       0.015651
    -519.600       0.016123
    -519.500       0.016586
    -519.400       0.017039
    -519.300       0.017481
    -519.200       0.017913
    -519.100       0.018332
    -519.000       0.018739
    -518.900       0.019131
    -518.800       0.019510
    -518.700       0.019875
    -518.600       0.020226
    -518.500       0.020562
    -518.400       0.020883
    -518.300       0.021189
    -518.200       0.021481
    -518.100       0.021757
    -518.000       0.022018
    -517.900       0.022263
    -517.800       0.022492
    -517.700       0.022705
    -517.600       0.022902
    -517.500       0.023081
    -517.400       0.023244
    -517.300       0.023389
    -517.200       0.023516
    -517.100       0.023626
    -517.000       0.023718
    -516.900       0.023791
    -516.800       0.023846
    -516.700       0.023882
    -516.600       0.023898
    -516.500       0.023894
    -516.400       0.023869
    -516.300       0.023822
    -516.200       0.023753
    -516.100       0.023661
    -516.000       0.023545
    -515.900       0.023405
    -515.800       0.023241
    -515.700       0.023053
    -515.600       0.022843
    -515.500       0.022611
    -515.400       0.022357
    -515.300       0.022082
    -515.200       0.021788
    -515.100       0.021475
    -515.000       0.021143
    -514.900       0.020794
    -514.800       0.020427
    -514.700       0.020042
    -514.600       0.019638
    -514.500       0.019216
    -514.400       0.018775
    -514.300       0.018315
    -514.200       0.017835
    -514.100       0.017335
    -514.000       0.016816
    -513.900       0.016278
    -513.800       0.015720
    -513.700       0.015144
    -513.600       0.014551
    -513.500       0.013940
    -513.400       0.013314
    -513.300       0.012671
    -513.200       0.012014
    -513.100       0.011342
    -513.000       0.010657
    -512.900       0.009958
    -512.800       0.009247
    -512.700       0.008523
    -512.600       0.007787
    -512.500       0.007040
    -512.400       0.006281
    -512.300       0.005513
    -512.200       0.004735
    -512.100       0.003949
    -512.000       0.003154
    -511.900       0.002352
    -511.800       0.001543
    -511.700       0.000728
    -511.600      -0.000092
    -511.500      -0.000915
    -511.400      -0.001742
    -511.300      -0.002571
    -511.200      -0.003400
    -511.100      -0.004230
    -511.000      -0.005058
    -510.900      -0.005884
    -510.800      -0.006708
    -510.700      -0.007528
    -510.600      -0.008346
    -510.500      -0.009159
    -510.400      -0.009969
    -510.300      -0.010775
    -510.200      -0.011576
    -510.100      -0.012374
    -510.000      -0.013166
    -509.900      -0.013954
    -509.800      -0.014736
    -509.700      -0.015511
    -509.600      -0.016277
    -509.500      -0.017034
    -509.400      -0.017779
    -509.300      -0.018512
    -509.200      -0.019230
    -509.100      -0.019933
    -509.000      -0.020619
    -508.900      -0.021287
    -508.800      -0.021936
    -508.700      -0.022566
    -508.600      -0.023177
    -508.500      -0.023768
    -508.400      -0.024341
    -508.300      -0.024893
    -508.200      -0.025426
    -508.100      -0.025939
    -508.000      -0.026432
    -507.900      -0.026904
    -507.800      -0.027356
    -507.700      -0.027786
    -507.600      -0.028195
    -507.500      -0.028580
    -507.400      -0.028943
    -507.300      -0.029281
    -507.200      -0.029596
    -507.100      -0.029886
    -507.000      -0.030152
    -506.900      -0.030392
    -506.800      -0.030607
    -506.700      -0.030796
    -506.600      -0.030959
    -506.500      -0.031095
    -506.400      -0.031204
    -506.300      -0.031286
    -506.200      -0.031340
    -506.100      -0.031366
    -506.000      -0.031363
    -505.900      -0.031331
    -505.800      -0.031270
    -505.700      -0.031180
    -505.600      -0.031061
    -505.500      -0.030914
    -505.400      -0.030738
    -505.300      -0.030534
    -505.200      -0.030302
    -505.100      -0.030043
    -505.000      -0.029755
    -504.900      -0.029441
    -504.800      -0.029101
    -504.700      -0.028733
    -504.600      -0.028340
    -504.500      -0.027921
    -504.400      -0.027478
    -504.300      -0.027009
    -504.200      -0.026516
    -504.100      -0.025999
    -504.000      -0.025460
    -503.900      -0.024897
    -503.800      -0.024312
    -503.700      -0.023705
    -503.600      -0.023076
    -503.500      -0.022425
    -503.400      -0.021752
    -503.300      -0.021058
    -503.200      -0.020343
    -503.100      -0.019608
    -503.000      -0.018852
    -502.900      -0.018076
    -502.800      -0.017282
    -502.700      -0.016470
    -502.600      -0.015640
    -502.500      -0.014794
    -502.400      -0.013933
    -502.300      -0.013057
    -502.200      -0.012168
    -502.100      -0.011266
    -502.000      -0.010352
    -501.900      -0.009427
    -501.800      -0.008491
    -501.700      -0.007546
    -501.600      -0.006592
    -501.500      -0.005630
    -501.400      -0.004662
    -501.300      -0.003688
    -501.200      -0.002711
    -501.100      -0.001730
    -501.000      -0.000747
    -500.900       0.000237
    -500.800       0.001220
    -500.700       0.002203
    -500.600       0.003184
    -500.500       0.004164
    -500.400       0.005142
    -500.300       0.006117
    -500.200       0.007089
    -500.100       0.008058
    -500.000       0.009023
    -499.900       0.009985
    -499.800       0.010941
    -499.700       0.011891
    -499.600       0.012834
    -499.500       0.013768
    -499.400       0.014692
    -499.300       0.015604
    -499.200       0.016505
    -499.100       0.017391
    -499.000       0.018262
    -498.900       0.019117
    -498.800       0.019955
    -498.700       0.020775
    -498.600       0.021577
    -498.500       0.022360
    -498.400       0.023124
    -498.300       0.023867
    -498.200       0.024590
    -498.100       0.025292
    -498.000       0.025972
    -497.900       0.026631
    -497.800       0.027267
    -497.700       0.027879
    -497.600       0.028469
    -497.500       0.029034
    -497.400       0.029574
    -497.300       0.030089
    -497.200       0.030579
    -497.100       0.031042
    -497.000       0.031479
    -496.900       0.031889
    -496.800       0.032271
    -496.700       0.032625
    -496.600       0.032950
    -496.500       0.033247
    -496.400       0.033515
    -496.300       0.033755
    -496.200       0.033965
    -496.100       0.034146
    -496.000       0.034298
    -495.900       0.034422
    -495.800       0.034516
    -495.700       0.034581
    -495.600       0.034616
    -495.500       0.034622
    -495.400       0.034596
    -495.300       0.034540
    -495.200       0.034452
    -495.100       0.034332
    -495.000       0.034179
    -494.900       0.033993
    -494.800       0.033775
    -494.700       0.033525
    -494.600       0.033243
    -494.500       0.032931
    -494.400       0.032589
    -494.300       0.032218
    -494.200       0.031820
    -494.100       0.031395
    -494.000       0.030944
    -493.900       0.030470
    -493.800       0.029971
    -493.700       0.029448
    -493.600       0.028901
    -493.500       0.028331
    -493.400       0.027737
    -493.300       0.027119
    -493.200       0.026478
    -493.100       0.025813
    -493.000       0.025125
    -492.900       0.024413
    -492.800       0.023679
    -492.700       0.022922
    -492.600       0.022144
    -492.500       0.021345
    -492.400       0.020525
    -492.300       0.019686
    -492.200       0.018828
    -492.100       0.017953
    -492.000       0.017060
    -491.900       0.016150
    -491.800       0.015226
    -491.700       0.014288
    -491.600       0.013338
    -491.500       0.012376
    -491.400       0.011405
    -491.300       0.010425
    -491.200       0.009438
    -491.100       0.008445
    -491.000       0.007447
    -490.900       0.006445
    -490.800       0.005441
    -490.700       0.004433
    -490.600       0.003424
    -490.500       0.002412
    -490.400       0.001398
    -490.300       0.000384
    -490.200      -0.000631
    -490.100      -0.001645
    -490.000      -0.002659
    -489.900      -0.003671
    -489.800      -0.004680
    -489.700      -0.005686
    -489.600      -0.006686
    -489.500      -0.007680
    -489.400      -0.008667
    -489.300      -0.009646
    -489.200      -0.010617
    -489.100      -0.011577
    -489.000      -0.012527
    -488.900      -0.013466
    -488.800      -0.014393
    -488.700      -0.015306
    -488.600      -0.016206
    -488.500      -0.017090
    -488.400      -0.017958
    -488.300      -0.018809
    -488.200      -0.019640
    -488.100      -0.020452
    -488.000      -0.021243
    -487.900      -0.022012
    -487.800      -0.022759
    -487.700      -0.023483
    -487.600      -0.024183
    -487.500      -0.024861
    -487.400      -0.025515
    -487.300      -0.026144
    -487.200      -0.026750
    -487.100      -0.027332
    -487.000      -0.027889
    -486.900      -0.028421
    -486.800      -0.028929
    -486.700      -0.029410
    -486.600      -0.029865
    -486.500      -0.030294
    -486.400      -0.030696
    -486.300      -0.031070
    -486.200      -0.031416
    -486.100      -0.031735
    -486.000      -0.032025
    -485.900      -0.032287
    -485.800      -0.032520
    -485.700      -0.032724
    -485.600      -0.032898
    -485.500      -0.033041
    -485.400      -0.033154
    -485.300      -0.033235
    -485.200      -0.033284
    -485.100      -0.033301
    -485.000      -0.033286
    -484.900      -0.033237
    -484.800      -0.033156
    -484.700      -0.033044
    -484.600      -0.032900
    -484.500      -0.032726
    -484.400      -0.032522
    -484.300      -0.032289
    -484.200      -0.032028
    -484.100      -0.031740
    -484.000      -0.031425
    -483.900      -0.031083
    -483.800      -0.030716
    -483.700      -0.030323
    -483.600      -0.029904
    -483.500      -0.029459
    -483.400      -0.028989
    -483.300      -0.028493
    -483.200      -0.027973
    -483.100      -0.027429
    -483.000      -0.026861
    -482.900      -0.026270
    -482.800      -0.025656
    -482.700      -0.025020
    -482.600      -0.024362
    -482.500      -0.023683
    -482.400      -0.022983
    -482.300      -0.022263
    -482.200      -0.021523
    -482.100      -0.020764
    -482.000      -0.019985
    -481.900      -0.019187
    -481.800      -0.018371
    -481.700      -0.017539
    -481.600      -0.016691
    -481.500      -0.015829
    -481.400      -0.014954
    -481.300      -0.014067
    -481.200      -0.013171
    -481.100      -0.012266
    -481.000      -0.011353
    -480.900      -0.010434
    -480.800      -0.009509
    -480.700      -0.008580
    -480.600      -0.007646
    -480.500      -0.006709
    -480.400      -0.005769
    -480.300      -0.004826
    -480.200      -0.003882
    -480.100      -0.002938
    -480.000      -0.001993
    -479.900      -0.001049
    -479.800      -0.000106
    -479.700       0.000834
    -479.600       0.001771
    -479.500       0.002705
    -479.400       0.003633
    -479.300       0.004557
    -479.200       0.005474
    -479.100       0.006385
    -479.000       0.007289
    -478.900       0.008184
    -478.800       0.009071
    -478.700       0.009947
    -478.600       0.010812
    -478.500       0.011664
    -478.400       0.012503
    -478.300       0.013326
    -478.200       0.014134
    -478.100       0.014924
    -478.000       0.015696
    -477.900       0.016450
    -477.800       0.017184
    -477.700       0.017898
    -477.600       0.018593
    -477.500       0.019267
    -477.400       0.019920
    -477.300       0.020551
    -477.200       0.021160
    -477.100       0.021747
    -477.000       0.022311
    -476.900       0.022851
    -476.800       0.023368
    -476.700       0.023859
    -476.600       0.024326
    -476.500       0.024769
    -476.400       0.025186
    -476.300       0.025578
    -476.200       0.025946
    -476.100       0.026290
    -476.000       0.026609
    -475.900       0.026904
    -475.800       0.027175
    -475.700       0.027420
    -475.600       0.027641
    -475.500       0.027835
    -475.400       0.028002
    -475.300       0.028141
    -475.200       0.028253
    -475.100       0.028335
    -475.000       0.028387
    -474.900       0.028408
    -474.800       0.028399
    -474.700       0.028361
    -474.600       0.028293
    -474.500       0.028197
    -474.400       0.028072
    -474.300       0.027921
    -474.200       0.027743
    -474.100       0.027540
    -474.000       0.027313
    -473.900       0.027061
    -473.800       0.026787
    -473.700       0.026490
    -473.600       0.026171
    -473.500       0.025829
    -473.400       0.025466
    -473.300       0.025081
    -473.200       0.024675
    -473.100       0.024248
    -473.000       0.023801
    -472.900       0.023333
    -472.800       0.022844
    -472.700       0.022336
    -472.600       0.021808
    -472.500       0.021262
    -472.400       0.020696
    -472.300       0.020112
    -472.200       0.019510
    -472.100       0.018891
    -472.000       0.018255
    -471.900       0.017604
    -471.800       0.016937
    -471.700       0.016257
    -471.600       0.015565
    -471.500       0.014861
    -471.400       0.014146
    -471.300       0.013421
    -471.200       0.012687
    -471.100       0.011946
    -471.000       0.011197
    -470.900       0.010442
    -470.800       0.009680
    -470.700       0.008913
    -470.600       0.008142
    -470.500       0.007367
    -470.400       0.006589
    -470.300       0.005810
    -470.200       0.005029
    -470.100       0.004249
    -470.000       0.003470
    -469.900       0.002693
    -469.800       0.001919
    -469.700       0.001148
    -469.600       0.000382
    -469.500      -0.000381
    -469.400      -0.001138
    -469.300      -0.001891
    -469.200      -0.002638
    -469.100      -0.003380
    -469.000      -0.004116
    -468.900      -0.004846
    -468.800      -0.005569
    -468.700      -0.006284
    -468.600      -0.006990
    -468.500      -0.007686
    -468.400      -0.008372
    -468.300      -0.009046
    -468.200      -0.009707
    -468.100      -0.010355
    -468.000      -0.010988
    -467.900      -0.011606
    -467.800      -0.012209
    -467.700      -0.012795
    -467.600      -0.013365
    -467.500      -0.013917
    -467.400      -0.014452
    -467.300      -0.014969
    -467.200      -0.015468
    -467.100      -0.015948
    -467.000      -0.016408
    -466.900      -0.016849
    -466.800      -0.017270
    -466.700      -0.017671
    -466.600      -0.018052
    -466.500      -0.018414
    -466.400      -0.018755
    -466.300      -0.019077
    -466.200      -0.019380
    -466.100      -0.019662
    -466.000      -0.019926
    -465.900      -0.020170
    -465.800      -0.020395
    -465.700      -0.020601
    -465.600      -0.020786
    -465.500      -0.020951
    -465.400      -0.021095
    -465.300      -0.021219
    -465.200      -0.021322
    -465.100      -0.021404
    -465.000      -0.021465
    -464.900      -0.021504
    -464.800      -0.021521
    -464.700      -0.021518
    -464.600      -0.021492
    -464.500      -0.021445
    -464.400      -0.021377
    -464.300      -0.021287
    -464.200      -0.021176
    -464.100      -0.021044
    -464.000      -0.020891
    -463.900      -0.020718
    -463.800      -0.020524
    -463.700      -0.020312
    -463.600      -0.020081
    -463.500      -0.019834
    -463.400      -0.019569
    -463.300      -0.019290
    -463.200      -0.018995
    -463.100      -0.018687
    -463.000      -0.018365
    -462.900      -0.018031
    -462.800      -0.017684
    -462.700      -0.017324
    -462.600      -0.016951
    -462.500      -0.016565
    -462.400      -0.016166
    -462.300      -0.015754
    -462.200      -0.015329
    -462.100      -0.014891
    -462.000      -0.014441
    -461.900      -0.013978
    -461.800      -0.013504
    -461.700      -0.013020
    -461.600      -0.012526
    -461.500      -0.012023
    -461.400      -0.011512
    -461.300      -0.010993
    -461.200      -0.010467
    -461.100      -0.009936
    -461.000      -0.009398
    -460.900      -0.008856
    -460.800      -0.008309
    -460.700      -0.007758
    -460.600      -0.007203
    -460.500      -0.006646
    -460.400      -0.006088
    -460.300      -0.005528
    -460.200      -0.004968
    -460.100      -0.004408
    -460.000      -0.003850
    -459.900      -0.003294
    -459.800      -0.002740
    -459.700      -0.002190
    -459.600      -0.001642
    -459.500      -0.001098
    -459.400      -0.000558
    -459.300      -0.000022
    -459.200       0.000510
    -459.100       0.001037
    -459.000       0.001560
    -458.900       0.002077
    -458.800       0.002589
    -458.700       0.003095
    -458.600       0.003596
    -458.500       0.004089
    -458.400       0.004576
    -458.300       0.005055
    -458.200       0.005527
    -458.100       0.005991
    -458.000       0.006446
    -457.900       0.006892
    -457.800       0.007329
    -457.700       0.007755
    -457.600       0.008170
    -457.500       0.008572
    -457.400       0.008962
    -457.300       0.009337
    -457.200       0.009699
    -457.100       0.010046
    -457.000       0.010377
    -456.900       0.010693
    -456.800       0.010994
    -456.700       0.011280
    -456.600       0.011553
    -456.500       0.011812
    -456.400       0.012057
    -456.300       0.012290
    -456.200       0.012510
    -456.100       0.012718
    -456.000       0.012914
    -455.900       0.013097
    -455.800       0.013267
    -455.700       0.013424
    -455.600       0.013566
    -455.500       0.013694
    -455.400       0.013807
    -455.300       0.013906
    -455.200       0.013989
    -455.100       0.014057
    -455.000       0.014109
    -454.900       0.014147
    -454.800       0.014170
    -454.700       0.014179
    -454.600       0.014173
    -454.500       0.014153
    -454.400       0.014119
    -454.300       0.014071
    -454.200       0.014009
    -454.100       0.013932
    -454.000       0.013842
    -453.900       0.013737
    -453.800       0.013618
    -453.700       0.013485
    -453.600       0.013339
    -453.500       0.013181
    -453.400       0.013010
    -453.300       0.012827
    -453.200       0.012633
    -453.100       0.012428
    -453.000       0.012212
    -452.900       0.011986
    -452.800       0.011751
    -452.700       0.011506
    -452.600       0.011252
    -452.500       0.010989
    -452.400       0.010718
    -452.300       0.010439
    -452.200       0.010152
    -452.100       0.009859
    -452.000       0.009559
    -451.900       0.009252
    -451.800       0.008940
    -451.700       0.008622
    -451.600       0.008297
    -451.500       0.007967
    -451.400       0.007631
    -451.300       0.007289
    -451.200       0.006941
    -451.100       0.006587
    -451.000       0.006227
    -450.900       0.005861
    -450.800       0.005491
    -450.700       0.005116
    -450.600       0.004739
    -450.500       0.004360
    -450.400       0.003979
    -450.300       0.003598
    -450.200       0.003218
    -450.100       0.002839
    -450.000       0.002462
    -449.900       0.002087
    -449.800       0.001716
    -449.700       0.001346
    -449.600       0.000980
    -449.500       0.000616
    -449.400       0.000256
    -449.300      -0.000100
    -449.200      -0.000453
    -449.100      -0.000802
    -449.000      -0.001146
    -448.900      -0.001486
    -448.800      -0.001820
    -448.700      -0.002149
    -448.600      -0.002472
    -448.500      -0.002789
    -448.400      -0.003101
    -448.300      -0.003408
    -448.200      -0.003708
    -448.100      -0.004003
    -448.000      -0.004293
    -447.900      -0.004577
    -447.800      -0.004856
    -447.700      -0.005127
    -447.600      -0.005391
    -447.500      -0.005647
    -447.400      -0.005894
    -447.300      -0.006131
    -447.200      -0.006357
    -447.100      -0.006573
    -447.000      -0.006776
    -446.900      -0.006968
    -446.800      -0.007147
    -446.700      -0.007314
    -446.600      -0.007470
    -446.500      -0.007614
    -446.400      -0.007746
    -446.300      -0.007868
    -446.200      -0.007978
    -446.100      -0.008077
    -446.000      -0.008165
    -445.900      -0.008243
    -445.800      -0.008310
    -445.700      -0.008366
    -445.600      -0.008412
    -445.500      -0.008448
    -445.400      -0.008475
    -445.300      -0.008491
    -445.200      -0.008499
    -445.100      -0.008497
    -445.000      -0.008486
    -444.900      -0.008466
    -444.800      -0.008437
    -444.700      -0.008398
    -444.600      -0.008349
    -444.500      -0.008289
    -444.400      -0.008217
    -444.300      -0.008135
    -444.200      -0.008040
    -444.100      -0.007934
    -444.000      -0.007815
    -443.900      -0.007685
    -443.800      -0.007542
    -443.700      -0.007390
    -443.600      -0.007227
    -443.500      -0.007056
    -443.400      -0.006876
    -443.300      -0.006689
    -443.200      -0.006494
    -443.100      -0.006293
    -443.000      -0.006086
    -442.900      -0.005873
    -442.800      -0.005655
    -442.700      -0.005431
    -442.600      -0.005201
    -442.500      -0.004966
    -442.400      -0.004726
    -442.300      -0.004481
    -442.200      -0.004232
    -442.100      -0.003979
    -442.000      -0.003722
    -441.900      -0.003463
    -441.800      -0.003200
    -441.700      -0.002935
    -441.600      -0.002667
    -441.500      -0.002397
    -441.400      -0.002124
    -441.300      -0.001850
    -441.200      -0.001574
    -441.100      -0.001296
    -441.000      -0.001016
    -440.900      -0.000734
    -440.800      -0.000452
    -440.700      -0.000169
    -440.600       0.000113
    -440.500       0.000394
    -440.400       0.000675
    -440.300       0.000953
    -440.200       0.001229
    -440.100       0.001502
    -440.000       0.001772
    -439.900       0.002038
    -439.800       0.002301
    -439.700       0.002559
    -439.600       0.002813
    -439.500       0.003060
    -439.400       0.003302
    -439.300       0.003537
    -439.200       0.003765
    -439.100       0.003985
    -439.000       0.004197
    -438.900       0.004400
    -438.800       0.004594
    -438.700       0.004780
    -438.600       0.004959
    -438.500       0.005130
    -438.400       0.005294
    -438.300       0.005451
    -438.200       0.005602
    -438.100       0.005747
    -438.000       0.005886
    -437.900       0.006019
    -437.800       0.006145
    -437.700       0.006264
    -437.600       0.006373
    -437.500       0.006473
    -437.400       0.006563
    -437.300       0.006642
    -437.200       0.006709
    -437.100       0.006764
    -437.000       0.006807
    -436.900       0.006838
    -436.800       0.006857
    -436.700       0.006865
    -436.600       0.006862
    -436.500       0.006848
    -436.400       0.006824
    -436.300       0.006790
    -436.200       0.006746
    -436.100       0.006692
    -436.000       0.006628
    -435.900       0.006555
    -435.800       0.006471
    -435.700       0.006378
    -435.600       0.006275
    -435.500       0.006162
    -435.400       0.006040
    -435.300       0.005908
    -435.200       0.005768
    -435.100       0.005618
    -435.000       0.005461
    -434.900       0.005296
    -434.800       0.005123
    -434.700       0.004942
    -434.600       0.004754
    -434.500       0.004558
    -434.400       0.004356
    -434.300       0.004147
    -434.200       0.003930
    -434.100       0.003708
    -434.000       0.003479
    -433.900       0.003245
    -433.800       0.003004
    -433.700       0.002758
    -433.600       0.002506
    -433.500       0.002249
    -433.400       0.001986
    -433.300       0.001718
    -433.200       0.001445
    -433.100       0.001166
    -433.000       0.000883
    -432.900       0.000595
    -432.800       0.000304
    -432.700       0.000009
    -432.600      -0.000288
    -432.500      -0.000585
    -432.400      -0.000883
    -432.300      -0.001180
    -432.200      -0.001475
    -432.100      -0.001768
    -432.000      -0.002057
    -431.900      -0.002343
    -431.800      -0.002624
    -431.700      -0.002903
    -431.600      -0.003178
    -431.500      -0.003451
    -431.400      -0.003721
    -431.300      -0.003988
    -431.200      -0.004253
    -431.100      -0.004516
    -431.000      -0.004776
    -430.900      -0.005034
    -430.800      -0.005288
    -430.700      -0.005538
    -430.600      -0.005783
    -430.500      -0.006023
    -430.400      -0.006256
    -430.300      -0.006484
    -430.200      -0.006704
    -430.100      -0.006917
    -430.000      -0.007123
    -429.900      -0.007321
    -429.800      -0.007511
    -429.700      -0.007693
    -429.600      -0.007866
    -429.500      -0.008029
    -429.400      -0.008183
    -429.300      -0.008327
    -429.200      -0.008460
    -429.100      -0.008582
    -429.000      -0.008693
    -428.900      -0.008792
    -428.800      -0.008879
    -428.700      -0.008956
    -428.600      -0.009021
    -428.500      -0.009076
    -428.400      -0.009120
    -428.300      -0.009154
    -428.200      -0.009178
    -428.100      -0.009192
    -428.000      -0.009197
    -427.900      -0.009191
    -427.800      -0.009176
    -427.700      -0.009151
    -427.600      -0.009115
    -427.500      -0.009069
    -427.400      -0.009011
    -427.300      -0.008943
    -427.200      -0.008863
    -427.100      -0.008772
    -427.000      -0.008670
    -426.900      -0.008556
    -426.800      -0.008431
    -426.700      -0.008295
    -426.600      -0.008147
    -426.500      -0.007988
    -426.400      -0.007818
    -426.300      -0.007637
    -426.200      -0.007446
    -426.100      -0.007244
    -426.000      -0.007032
    -425.900      -0.006811
    -425.800      -0.006580
    -425.700      -0.006340
    -425.600      -0.006092
    -425.500      -0.005835
    -425.400      -0.005571
    -425.300      -0.005299
    -425.200      -0.005019
    -425.100      -0.004732
    -425.000      -0.004438
    -424.900      -0.004136
    -424.800      -0.003828
    -424.700      -0.003514
    -424.600      -0.003193
    -424.500      -0.002866
    -424.400      -0.002534
    -424.300      -0.002197
    -424.200      -0.001857
    -424.100      -0.001513
    -424.000      -0.001167
    -423.900      -0.000819
    -423.800      -0.000469
    -423.700      -0.000117
    -423.600       0.000237
    -423.500       0.000592
    -423.400       0.000949
    -423.300       0.001309
    -423.200       0.001671
    -423.100       0.002035
    -423.000       0.002401
    -422.900       0.002770
    -422.800       0.003141
    -422.700       0.003513
    -422.600       0.003884
    -422.500       0.004253
    -422.400       0.004621
    -422.300       0.004984
    -422.200       0.005343
    -422.100       0.005697
    -422.000       0.006044
    -421.900       0.006385
    -421.800       0.006718
    -421.700       0.007045
    -421.600       0.007365
    -421.500       0.007679
    -421.400       0.007986
    -421.300       0.008287
    -421.200       0.008582
    -421.100       0.008871
    -421.000       0.009153
    -420.900       0.009429
    -420.800       0.009698
    -420.700       0.009959
    -420.600       0.010213
    -420.500       0.010458
    -420.400       0.010694
    -420.300       0.010921
    -420.200       0.011139
    -420.100       0.011346
    -420.000       0.011543
    -419.900       0.011730
    -419.800       0.011905
    -419.700       0.012069
    -419.600       0.012222
    -419.500       0.012363
    -419.400       0.012492
    -419.300       0.012608
    -419.200       0.012713
    -419.100       0.012805
    -419.000       0.012886
    -418.900       0.012953
    -418.800       0.013009
    -418.700       0.013051
    -418.600       0.013081
    -418.500       0.013098
    -418.400       0.013101
    -418.300       0.013091
    -418.200       0.013067
    -418.100       0.013029
    -418.000       0.012976
    -417.900       0.012909
    -417.800       0.012828
    -417.700       0.012733
    -417.600       0.012624
    -417.500       0.012504
    -417.400       0.012371
    -417.300       0.012226
    -417.200       0.012071
    -417.100       0.011905
    -417.000       0.011730
    -416.900       0.011546
    -416.800       0.011351
    -416.700       0.011147
    -416.600       0.010931
    -416.500       0.010705
    -416.400       0.010466
    -416.300       0.010215
    -416.200       0.009951
    -416.100       0.009674
    -416.000       0.009383
    -415.900       0.009080
    -415.800       0.008763
    -415.700       0.008435
    -415.600       0.008096
    -415.500       0.007747
    -415.400       0.007389
    -415.300       0.007022
    -415.200       0.006648
    -415.100       0.006266
    -415.000       0.005879
    -414.900       0.005485
    -414.800       0.005086
    -414.700       0.004682
    -414.600       0.004273
    -414.500       0.003858
    -414.400       0.003439
    -414.300       0.003016
    -414.200       0.002589
    -414.100       0.002159
    -414.000       0.001725
    -413.900       0.001289
    -413.800       0.000851
    -413.700       0.000410
    -413.600      -0.000033
    -413.500      -0.000478
    -413.400      -0.000925
    -413.300      -0.001373
    -413.200      -0.001822
    -413.100      -0.002273
    -413.000      -0.002725
    -412.900      -0.003177
    -412.800      -0.003628
    -412.700      -0.004079
    -412.600      -0.004528
    -412.500      -0.004974
    -412.400      -0.005417
    -412.300      -0.005856
    -412.200      -0.006291
    -412.100      -0.006720
    -412.000      -0.007143
    -411.900      -0.007560
    -411.800      -0.007970
    -411.700      -0.008373
    -411.600      -0.008769
    -411.500      -0.009157
    -411.400      -0.009536
    -411.300      -0.009907
    -411.200      -0.010269
    -411.100      -0.010621
    -411.000      -0.010964
    -410.900      -0.011296
    -410.800      -0.011617
    -410.700      -0.011928
    -410.600      -0.012229
    -410.500      -0.012520
    -410.400      -0.012800
    -410.300      -0.013070
    -410.200      -0.013329
    -410.100      -0.013578
    -410.000      -0.013816
    -409.900      -0.014043
    -409.800      -0.014258
    -409.700      -0.014460
    -409.600      -0.014649
    -409.500      -0.014824
    -409.400      -0.014985
    -409.300      -0.015130
    -409.200      -0.015261
    -409.100      -0.015375
    -409.000      -0.015474
    -408.900      -0.015557
    -408.800      -0.015625
    -408.700      -0.015677
    -408.600      -0.015714
    -408.500      -0.015736
    -408.400      -0.015743
    -408.300      -0.015735
    -408.200      -0.015712
    -408.100      -0.015674
    -408.000      -0.015622
    -407.900      -0.015554
    -407.800      -0.015471
    -407.700      -0.015372
    -407.600      -0.015259
    -407.500      -0.015130
    -407.400      -0.014986
    -407.300      -0.014828
    -407.200      -0.014656
    -407.100      -0.014469
    -407.000      -0.014268
    -406.900      -0.014053
    -406.800      -0.013825
    -406.700      -0.013583
    -406.600      -0.013328
    -406.500      -0.013060
    -406.400      -0.012779
    -406.300      -0.012485
    -406.200      -0.012180
    -406.100      -0.011862
    -406.000      -0.011532
    -405.900      -0.011192
    -405.800      -0.010840
    -405.700      -0.010477
    -405.600      -0.010104
    -405.500      -0.009720
    -405.400      -0.009325
    -405.300      -0.008921
    -405.200      -0.008505
    -405.100      -0.008080
    -405.000      -0.007645
    -404.900      -0.007199
    -404.800      -0.006745
    -404.700      -0.006283
    -404.600      -0.005814
    -404.500      -0.005339
    -404.400      -0.004858
    -404.300      -0.004374
    -404.200      -0.003887
    -404.100      -0.003399
    -404.000      -0.002909
    -403.900      -0.002419
    -403.800      -0.001928
    -403.700      -0.001438
    -403.600      -0.000947
    -403.500      -0.000455
    -403.400       0.000038
    -403.300       0.000532
    -403.200       0.001026
    -403.100       0.001521
    -403.000       0.002017
    -402.900       0.002513
    -402.800       0.003008
    -402.700       0.003502
    -402.600       0.003994
    -402.500       0.004482
    -402.400       0.004965
    -402.300       0.005444
    -402.200       0.005916
    -402.100       0.006382
    -402.000       0.006840
    -401.900       0.007291
    -401.800       0.007733
    -401.700       0.008166
    -401.600       0.008590
    -401.500       0.009004
    -401.400       0.009409
    -401.300       0.009803
    -401.200       0.010188
    -401.100       0.010561
    -401.000       0.010923
    -400.900       0.011274
    -400.800       0.011614
    -400.700       0.011941
    -400.600       0.012257
    -400.500       0.012560
    -400.400       0.012849
    -400.300       0.013126
    -400.200       0.013389
    -400.100       0.013637
    -400.000       0.013871
    -399.900       0.014090
    -399.800       0.014293
    -399.700       0.014481
    -399.600       0.014654
    -399.500       0.014812
    -399.400       0.014954
    -399.300       0.015081
    -399.200       0.015194
    -399.100       0.015291
    -399.000       0.015375
    -398.900       0.015444
    -398.800       0.015499
    -398.700       0.015539
    -398.600       0.015563
    -398.500       0.015571
    -398.400       0.015562
    -398.300       0.015536
    -398.200       0.015493
    -398.100       0.015432
    -398.000       0.015353
    -397.900       0.015255
    -397.800       0.015139
    -397.700       0.015006
    -397.600       0.014856
    -397.500       0.014692
    -397.400       0.014512
    -397.300       0.014319
    -397.200       0.014112
    -397.100       0.013893
    -397.000       0.013662
    -396.900       0.013420
    -396.800       0.013167
    -396.700       0.012902
    -396.600       0.012626
    -396.500       0.012338
    -396.400       0.012038
    -396.300       0.011727
    -396.200       0.011404
    -396.100       0.011068
    -396.000       0.010722
    -395.900       0.010363
    -395.800       0.009994
    -395.700       0.009614
    -395.600       0.009224
    -395.500       0.008825
    -395.400       0.008417
    -395.300       0.008001
    -395.200       0.007578
    -395.100       0.007149
    -395.000       0.006713
    -394.900       0.006273
    -394.800       0.005828
    -394.700       0.005379
    -394.600       0.004927
    -394.500       0.004472
    -394.400       0.004015
    -394.300       0.003556
    -394.200       0.003096
    -394.100       0.002634
    -394.000       0.002171
    -393.900       0.001708
    -393.800       0.001244
    -393.700       0.000780
    -393.600       0.000317
    -393.500      -0.000144
    -393.400      -0.000604
    -393.300      -0.001061
    -393.200      -0.001514
    -393.100      -0.001963
    -393.000      -0.002407
    -392.900      -0.002845
    -392.800      -0.003277
    -392.700      -0.003702
    -392.600      -0.004122
    -392.500      -0.004534
    -392.400      -0.004940
    -392.300      -0.005339
    -392.200      -0.005731
    -392.100      -0.006116
    -392.000      -0.006493
    -391.900      -0.006864
    -391.800      -0.007226
    -391.700      -0.007579
    -391.600      -0.007922
    -391.500      -0.008254
    -391.400      -0.008576
    -391.300      -0.008885
    -391.200      -0.009182
    -391.100      -0.009466
    -391.000      -0.009737
    -390.900      -0.009995
    -390.800      -0.010239
    -390.700      -0.010471
    -390.600      -0.010689
    -390.500      -0.010894
    -390.400      -0.011087
    -390.300      -0.011266
    -390.200      -0.011432
    -390.100      -0.011584
    -390.000      -0.011723
    -389.900      -0.011848
    -389.800      -0.011960
    -389.700      -0.012057
    -389.600      -0.012140
    -389.500      -0.012208
    -389.400      -0.012263
    -389.300      -0.012305
    -389.200      -0.012332
    -389.100      -0.012347
    -389.000      -0.012348
    -388.900      -0.012336
    -388.800      -0.012312
    -388.700      -0.012275
    -388.600      -0.012224
    -388.500      -0.012161
    -388.400      -0.012085
    -388.300      -0.011995
    -388.200      -0.011893
    -388.100      -0.011778
    -388.000      -0.011649
    -387.900      -0.011508
    -387.800      -0.011355
    -387.700      -0.011190
    -387.600      -0.011013
    -387.500      -0.010825
    -387.400      -0.010625
    -387.300      -0.010415
    -387.200      -0.010195
    -387.100      -0.009965
    -387.000      -0.009725
    -386.900      -0.009477
    -386.800      -0.009219
    -386.700      -0.008954
    -386.600      -0.008682
    -386.500      -0.008403
    -386.400      -0.008117
    -386.300      -0.007826
    -386.200      -0.007530
    -386.100      -0.007229
    -386.000      -0.006924
    -385.900      -0.006614
    -385.800      -0.006301
    -385.700      -0.005983
    -385.600      -0.005661
    -385.500      -0.005335
    -385.400      -0.005005
    -385.300      -0.004671
    -385.200      -0.004335
    -385.100      -0.003995
    -385.000      -0.003653
    -384.900      -0.003310
    -384.800      -0.002965
    -384.700      -0.002621
    -384.600      -0.002278
    -384.500      -0.001936
    -384.400      -0.001597
    -384.300      -0.001260
    -384.200      -0.000926
    -384.100      -0.000595
    -384.000      -0.000268
    -383.900       0.000056
    -383.800       0.000376
    -383.700       0.000692
    -383.600       0.001004
    -383.500       0.001311
    -383.400       0.001613
    -383.300       0.001909
    -383.200       0.002200
    -383.100       0.002484
    -383.000       0.002761
    -382.900       0.003030
    -382.800       0.003291
    -382.700       0.003544
    -382.600       0.003790
    -382.500       0.004027
    -382.400       0.004257
    -382.300       0.004478
    -382.200       0.004692
    -382.100       0.004898
    -382.000       0.005095
    -381.900       0.005285
    -381.800       0.005466
    -381.700       0.005637
    -381.600       0.005800
    -381.500       0.005952
    -381.400       0.006094
    -381.300       0.006226
    -381.200       0.006347
    -381.100       0.006458
    -381.000       0.006557
    -380.900       0.006646
    -380.800       0.006724
    -380.700       0.006792
    -380.600       0.006849
    -380.500       0.006895
    -380.400       0.006931
    -380.300       0.006956
    -380.200       0.006972
    -380.100       0.006977
    -380.000       0.006972
    -379.900       0.006957
    -379.800       0.006932
    -379.700       0.006898
    -379.600       0.006855
    -379.500       0.006803
    -379.400       0.006742
    -379.300       0.006673
    -379.200       0.006595
    -379.100       0.006508
    -379.000       0.006413
    -378.900       0.006310
    -378.800       0.006197
    -378.700       0.006076
    -378.600       0.005946
    -378.500       0.005809
    -378.400       0.005663
    -378.300       0.005510
    -378.200       0.005351
    -378.100       0.005185
    -378.000       0.005014
    -377.900       0.004838
    -377.800       0.004658
    -377.700       0.004473
    -377.600       0.004284
    -377.500       0.004091
    -377.400       0.003894
    -377.300       0.003693
    -377.200       0.003488
    -377.100       0.003278
    -377.000       0.003065
    -376.900       0.002847
    -376.800       0.002625
    -376.700       0.002401
    -376.600       0.002175
    -376.500       0.001948
    -376.400       0.001720
    -376.300       0.001493
    -376.200       0.001267
    -376.100       0.001043
    -376.000       0.000821
    -375.900       0.000601
    -375.800       0.000384
    -375.700       0.000169
    -375.600      -0.000043
    -375.500      -0.000254
    -375.400      -0.000462
    -375.300      -0.000669
    -375.200      -0.000873
    -375.100      -0.001074
    -375.000      -0.001273
    -374.900      -0.001469
    -374.800      -0.001661
    -374.700      -0.001848
    -374.600      -0.002030
    -374.500      -0.002207
    -374.400      -0.002377
    -374.300      -0.002540
    -374.200      -0.002697
    -374.100      -0.002846
    -374.000      -0.002989
    -373.900      -0.003124
    -373.800      -0.003252
    -373.700      -0.003373
    -373.600      -0.003487
    -373.500      -0.003593
    -373.400      -0.003691
    -373.300      -0.003781
    -373.200      -0.003863
    -373.100      -0.003936
    -373.000      -0.004002
    -372.900      -0.004060
    -372.800      -0.004109
    -372.700      -0.004150
    -372.600      -0.004182
    -372.500      -0.004206
    -372.400      -0.004221
    -372.300      -0.004227
    -372.200      -0.004223
    -372.100      -0.004211
    -372.000      -0.004188
    -371.900      -0.004155
    -371.800      -0.004112
    -371.700      -0.004059
    -371.600      -0.003996
    -371.500      -0.003925
    -371.400      -0.003844
    -371.300      -0.003755
    -371.200      -0.003659
    -371.100      -0.003555
    -371.000      -0.003445
    -370.900      -0.003329
    -370.800      -0.003207
    -370.700      -0.003077
    -370.600      -0.002941
    -370.500      -0.002796
    -370.400      -0.002644
    -370.300      -0.002483
    -370.200      -0.002314
    -370.100      -0.002136
    -370.000      -0.001949
    -369.900      -0.001753
    -369.800      -0.001550
    -369.700      -0.001340
    -369.600      -0.001124
    -369.500      -0.000903
    -369.400      -0.000677
    -369.300      -0.000448
    -369.200      -0.000216
    -369.100       0.000019
    -369.000       0.000255
    -368.900       0.000492
    -368.800       0.000730
    -368.700       0.000970
    -368.600       0.001212
    -368.500       0.001456
    -368.400       0.001701
    -368.300       0.001949
    -368.200       0.002199
    -368.100       0.002450
    -368.000       0.002703
    -367.900       0.002957
    -367.800       0.003211
    -367.700       0.003466
    -367.600       0.003721
    -367.500       0.003974
    -367.400       0.004226
    -367.300       0.004475
    -367.200       0.004721
    -367.100       0.004964
    -367.000       0.005202
    -366.900       0.005435
    -366.800       0.005663
    -366.700       0.005885
    -366.600       0.006101
    -366.500       0.006311
    -366.400       0.006514
    -366.300       0.006710
    -366.200       0.006900
    -366.100       0.007082
    -366.000       0.007259
    -365.900       0.007428
    -365.800       0.007592
    -365.700       0.007748
    -365.600       0.007897
    -365.500       0.008038
    -365.400       0.008170
    -365.300       0.008294
    -365.200       0.008409
    -365.100       0.008513
    -365.000       0.008606
    -364.900       0.008687
    -364.800       0.008757
    -364.700       0.008815
    -364.600       0.008861
    -364.500       0.008895
    -364.400       0.008918
    -364.300       0.008929
    -364.200       0.008928
    -364.100       0.008917
    -364.000       0.008895
    -363.900       0.008862
    -363.800       0.008818
    -363.700       0.008762
    -363.600       0.008695
    -363.500       0.008615
    -363.400       0.008523
    -363.300       0.008419
    -363.200       0.008302
    -363.100       0.008172
    -363.000       0.008029
    -362.900       0.007873
    -362.800       0.007705
    -362.700       0.007524
    -362.600       0.007331
    -362.500       0.007126
    -362.400       0.006909
    -362.300       0.006681
    -362.200       0.006440
    -362.100       0.006189
    -362.000       0.005925
    -361.900       0.005650
    -361.800       0.005365
    -361.700       0.005068
    -361.600       0.004761
    -361.500       0.004445
    -361.400       0.004119
    -361.300       0.003783
    -361.200       0.003439
    -361.100       0.003087
    -361.000       0.002727
    -360.900       0.002359
    -360.800       0.001983
    -360.700       0.001600
    -360.600       0.001209
    -360.500       0.000811
    -360.400       0.000407
    -360.300      -0.000004
    -360.200      -0.000421
    -360.100      -0.000844
    -360.000      -0.001271
    -359.900      -0.001701
    -359.800      -0.002136
    -359.700      -0.002573
    -359.600      -0.003011
    -359.500      -0.003452
    -359.400      -0.003894
    -359.300      -0.004336
    -359.200      -0.004779
    -359.100      -0.005222
    -359.000      -0.005666
    -358.900      -0.006110
    -358.800      -0.006553
    -358.700      -0.006995
    -358.600      -0.007436
    -358.500      -0.007874
    -358.400      -0.008308
    -358.300      -0.008739
    -358.200      -0.009164
    -358.100      -0.009583
    -358.000      -0.009995
    -357.900      -0.010400
    -357.800      -0.010796
    -357.700      -0.011184
    -357.600      -0.011563
    -357.500      -0.011933
    -357.400      -0.012295
    -357.300      -0.012647
    -357.200      -0.012989
    -357.100      -0.013322
    -357.000      -0.013645
    -356.900      -0.013958
    -356.800      -0.014260
    -356.700      -0.014550
    -356.600      -0.014827
    -356.500      -0.015092
    -356.400      -0.015342
    -356.300      -0.015578
    -356.200      -0.015799
    -356.100      -0.016005
    -356.000      -0.016195
    -355.900      -0.016369
    -355.800      -0.016526
    -355.700      -0.016667
    -355.600      -0.016791
    -355.500      -0.016897
    -355.400      -0.016987
    -355.300      -0.017059
    -355.200      -0.017113
    -355.100      -0.017149
    -355.000      -0.017168
    -354.900      -0.017168
    -354.800      -0.017149
    -354.700      -0.017113
    -354.600      -0.017058
    -354.500      -0.016985
    -354.400      -0.016894
    -354.300      -0.016784
    -354.200      -0.016655
    -354.100      -0.016508
    -354.000      -0.016341
    -353.900      -0.016154
    -353.800      -0.015948
    -353.700      -0.015723
    -353.600      -0.015478
    -353.500      -0.015213
    -353.400      -0.014930
    -353.300      -0.014629
    -353.200      -0.014309
    -353.100      -0.013973
    -353.000      -0.013620
    -352.900      -0.013251
    -352.800      -0.012866
    -352.700      -0.012466
    -352.600      -0.012051
    -352.500      -0.011620
    -352.400      -0.011173
    -352.300      -0.010711
    -352.200      -0.010234
    -352.100      -0.009740
    -352.000      -0.009231
    -351.900      -0.008706
    -351.800      -0.008166
    -351.700      -0.007612
    -351.600      -0.007045
    -351.500      -0.006467
    -351.400      -0.005877
    -351.300      -0.005277
    -351.200      -0.004668
    -351.100      -0.004052
    -351.000      -0.003428
    -350.900      -0.002798
    -350.800      -0.002162
    -350.700      -0.001520
    -350.600      -0.000873
    -350.500      -0.000220
    -350.400       0.000438
    -350.300       0.001102
    -350.200       0.001769
    -350.100       0.002441
    -350.000       0.003116
    -349.900       0.003794
    -349.800       0.004474
    -349.700       0.005154
    -349.600       0.005834
    -349.500       0.006512
    -349.400       0.007188
    -349.300       0.007860
    -349.200       0.008529
    -349.100       0.009191
    -349.000       0.009848
    -348.900       0.010498
    -348.800       0.011140
    -348.700       0.011774
    -348.600       0.012401
    -348.500       0.013018
    -348.400       0.013626
    -348.300       0.014225
    -348.200       0.014814
    -348.100       0.015393
    -348.000       0.015961
    -347.900       0.016518
    -347.800       0.017063
    -347.700       0.017595
    -347.600       0.018114
    -347.500       0.018619
    -347.400       0.019108
    -347.300       0.019581
    -347.200       0.020037
    -347.100       0.020474
    -347.000       0.020893
    -346.900       0.021291
    -346.800       0.021670
    -346.700       0.022027
    -346.600       0.022364
    -346.500       0.022681
    -346.400       0.022977
    -346.300       0.023252
    -346.200       0.023506
    -346.100       0.023741
    -346.000       0.023955
    -345.900       0.024149
    -345.800       0.024322
    -345.700       0.024474
    -345.600       0.024604
    -345.500       0.024712
    -345.400       0.024797
    -345.300       0.024858
    -345.200       0.024895
    -345.100       0.024907
    -345.000       0.024895
    -344.900       0.024857
    -344.800       0.024794
    -344.700       0.024707
    -344.600       0.024595
    -344.500       0.024459
    -344.400       0.024300
    -344.300       0.024117
    -344.200       0.023911
    -344.100       0.023682
    -344.000       0.023431
    -343.900       0.023157
    -343.800       0.022861
    -343.700       0.022542
    -343.600       0.022201
    -343.500       0.021839
    -343.400       0.021454
    -343.300       0.021047
    -343.200       0.020620
    -343.100       0.020171
    -343.000       0.019702
    -342.900       0.019213
    -342.800       0.018704
    -342.700       0.018176
    -342.600       0.017629
    -342.500       0.017063
    -342.400       0.016480
    -342.300       0.015878
    -342.200       0.015260
    -342.100       0.014625
    -342.000       0.013974
    -341.900       0.013307
    -341.800       0.012626
    -341.700       0.011931
    -341.600       0.011222
    -341.500       0.010501
    -341.400       0.009768
    -341.300       0.009024
    -341.200       0.008270
    -341.100       0.007505
    -341.000       0.006731
    -340.900       0.005949
    -340.800       0.005159
    -340.700       0.004361
    -340.600       0.003557
    -340.500       0.002746
    -340.400       0.001929
    -340.300       0.001108
    -340.200       0.000283
    -340.100      -0.000546
    -340.000      -0.001378
    -339.900      -0.002212
    -339.800      -0.003048
    -339.700      -0.003884
    -339.600      -0.004720
    -339.500      -0.005555
    -339.400      -0.006388
    -339.300      -0.007219
    -339.200      -0.008045
    -339.100      -0.008866
    -339.000      -0.009682
    -338.900      -0.010490
    -338.800      -0.011291
    -338.700      -0.012084
    -338.600      -0.012867
    -338.500      -0.013641
    -338.400      -0.014405
    -338.300      -0.015159
    -338.200      -0.015902
    -338.100      -0.016634
    -338.000      -0.017354
    -337.900      -0.018064
    -337.800      -0.018762
    -337.700      -0.019447
    -337.600      -0.020120
    -337.500      -0.020778
    -337.400      -0.021421
    -337.300      -0.022049
    -337.200      -0.022660
    -337.100      -0.023253
    -337.000      -0.023827
    -336.900      -0.024381
    -336.800      -0.024916
    -336.700      -0.025429
    -336.600      -0.025922
    -336.500      -0.026392
    -336.400      -0.026841
    -336.300      -0.027268
    -336.200      -0.027673
    -336.100      -0.028056
    -336.000      -0.028416
    -335.900      -0.028753
    -335.800      -0.029068
    -335.700      -0.029359
    -335.600      -0.029627
    -335.500      -0.029871
    -335.400      -0.030090
    -335.300      -0.030285
    -335.200      -0.030456
    -335.100      -0.030601
    -335.000      -0.030721
    -334.900      -0.030816
    -334.800      -0.030885
    -334.700      -0.030929
    -334.600      -0.030947
    -334.500      -0.030940
    -334.400      -0.030907
    -334.300      -0.030848
    -334.200      -0.030764
    -334.100      -0.030654
    -334.000      -0.030518
    -333.900      -0.030358
    -333.800      -0.030172
    -333.700      -0.029960
    -333.600      -0.029724
    -333.500      -0.029462
    -333.400      -0.029175
    -333.300      -0.028863
    -333.200      -0.028526
    -333.100      -0.028163
    -333.000      -0.027775
    -332.900      -0.027362
    -332.800      -0.026923
    -332.700      -0.026460
    -332.600      -0.025973
    -332.500      -0.025462
    -332.400      -0.024929
    -332.300      -0.024374
    -332.200      -0.023797
    -332.100      -0.023201
    -332.000      -0.022587
    -331.900      -0.021954
    -331.800      -0.021304
    -331.700      -0.020637
    -331.600      -0.019953
    -331.500      -0.019252
    -331.400      -0.018535
    -331.300      -0.017801
    -331.200      -0.017050
    -331.100      -0.016282
    -331.000      -0.015497
    -330.900      -0.014696
    -330.800      -0.013878
    -330.700      -0.013045
    -330.600      -0.012198
    -330.500      -0.011337
    -330.400      -0.010464
    -330.300      -0.009580
    -330.200      -0.008686
    -330.100      -0.007784
    -330.000      -0.006873
    -329.900      -0.005956
    -329.800      -0.005033
    -329.700      -0.004105
    -329.600      -0.003172
    -329.500      -0.002235
    -329.400      -0.001294
    -329.300      -0.000351
    -329.200       0.000594
    -329.100       0.001540
    -329.000       0.002487
    -328.900       0.003433
    -328.800       0.004378
    -328.700       0.005321
    -328.600       0.006263
    -328.500       0.007201
    -328.400       0.008135
    -328.300       0.009065
    -328.200       0.009990
    -328.100       0.010909
    -328.000       0.011823
    -327.900       0.012729
    -327.800       0.013628
    -327.700       0.014518
    -327.600       0.015398
    -327.500       0.016268
    -327.400       0.017126
    -327.300       0.017971
    -327.200       0.018803
    -327.100       0.019620
    -327.000       0.020423
    -326.900       0.021209
    -326.800       0.021979
    -326.700       0.022732
    -326.600       0.023469
    -326.500       0.024187
    -326.400       0.024886
    -326.300       0.025567
    -326.200       0.026228
    -326.100       0.026868
    -326.000       0.027487
    -325.900       0.028084
    -325.800       0.028658
    -325.700       0.029209
    -325.600       0.029735
    -325.500       0.030238
    -325.400       0.030715
    -325.300       0.031168
    -325.200       0.031595
    -325.100       0.031997
    -325.000       0.032374
    -324.900       0.032725
    -324.800       0.033050
    -324.700       0.033349
    -324.600       0.033621
    -324.500       0.033866
    -324.400       0.034083
    -324.300       0.034273
    -324.200       0.034434
    -324.100       0.034566
    -324.000       0.034669
    -323.900       0.034743
    -323.800       0.034787
    -323.700       0.034802
    -323.600       0.034787
    -323.500       0.034742
    -323.400       0.034668
    -323.300       0.034565
    -323.200       0.034431
    -323.100       0.034268
    -323.000       0.034076
    -322.900       0.033853
    -322.800       0.033601
    -322.700       0.033318
    -322.600       0.033007
    -322.500       0.032667
    -322.400       0.032297
    -322.300       0.031900
    -322.200       0.031475
    -322.100       0.031024
    -322.000       0.030546
    -321.900       0.030042
    -321.800       0.029513
    -321.700       0.028960
    -321.600       0.028381
    -321.500       0.027778
    -321.400       0.027151
    -321.300       0.026500
    -321.200       0.025826
    -321.100       0.025128
    -321.000       0.024407
    -320.900       0.023663
    -320.800       0.022897
    -320.700       0.022111
    -320.600       0.021304
    -320.500       0.020478
    -320.400       0.019632
    -320.300       0.018768
    -320.200       0.017887
    -320.100       0.016989
    -320.000       0.016074
    -319.900       0.015143
    -319.800       0.014196
    -319.700       0.013235
    -319.600       0.012261
    -319.500       0.011274
    -319.400       0.010276
    -319.300       0.009268
    -319.200       0.008251
    -319.100       0.007226
    -319.000       0.006196
    -318.900       0.005161
    -318.800       0.004123
    -318.700       0.003081
    -318.600       0.002037
    -318.500       0.000991
    -318.400      -0.000056
    -318.300      -0.001103
    -318.200      -0.002151
    -318.100      -0.003199
    -318.000      -0.004246
    -317.900      -0.005292
    -317.800      -0.006337
    -317.700      -0.007378
    -317.600      -0.008414
    -317.500      -0.009445
    -317.400      -0.010470
    -317.300      -0.011487
    -317.200      -0.012495
    -317.100      -0.013492
    -317.000      -0.014479
    -316.900      -0.015453
    -316.800      -0.016415
    -316.700      -0.017362
    -316.600      -0.018295
    -316.500      -0.019212
    -316.400      -0.020113
    -316.300      -0.020997
    -316.200      -0.021862
    -316.100      -0.022708
    -316.000      -0.023535
    -315.900      -0.024341
    -315.800      -0.025125
    -315.700      -0.025887
    -315.600      -0.026627
    -315.500      -0.027343
    -315.400      -0.028036
    -315.300      -0.028705
    -315.200      -0.029349
    -315.100      -0.029969
    -315.000      -0.030563
    -314.900      -0.031131
    -314.800      -0.031672
    -314.700      -0.032186
    -314.600      -0.032673
    -314.500      -0.033131
    -314.400      -0.033560
    -314.300      -0.033960
    -314.200      -0.034330
    -314.100      -0.034671
    -314.000      -0.034981
    -313.900      -0.035262
    -313.800      -0.035512
    -313.700      -0.035732
    -313.600      -0.035922
    -313.500      -0.036081
    -313.400      -0.036209
    -313.300      -0.036305
    -313.200      -0.036370
    -313.100      -0.036402
    -313.000      -0.036401
    -312.900      -0.036367
    -312.800      -0.036299
    -312.700      -0.036198
    -312.600      -0.036064
    -312.500      -0.035897
    -312.400      -0.035698
    -312.300      -0.035468
    -312.200      -0.035207
    -312.100      -0.034916
    -312.000      -0.034596
    -311.900      -0.034248
    -311.800      -0.033872
    -311.700      -0.033468
    -311.600      -0.033037
    -311.500      -0.032578
    -311.400      -0.032092
    -311.300      -0.031578
    -311.200      -0.031038
    -311.100      -0.030470
    -311.000      -0.029875
    -310.900      -0.029254
    -310.800      -0.028606
    -310.700      -0.027933
    -310.600      -0.027235
    -310.500      -0.026513
    -310.400      -0.025768
    -310.300      -0.025000
    -310.200      -0.024212
    -310.100      -0.023402
    -310.000      -0.022573
    -309.900      -0.021724
    -309.800      -0.020858
    -309.700      -0.019974
    -309.600      -0.019073
    -309.500      -0.018156
    -309.400      -0.017224
    -309.300      -0.016279
    -309.200      -0.015319
    -309.100      -0.014348
    -309.000      -0.013364
    -308.900      -0.012370
    -308.800      -0.011366
    -308.700      -0.010353
    -308.600      -0.009331
    -308.500      -0.008302
    -308.400      -0.007266
    -308.300      -0.006224
    -308.200      -0.005179
    -308.100      -0.004129
    -308.000      -0.003078
    -307.900      -0.002025
    -307.800      -0.000973
    -307.700       0.000079
    -307.600       0.001130
    -307.500       0.002177
    -307.400       0.003222
    -307.300       0.004263
    -307.200       0.005300
    -307.100       0.006332
    -307.000       0.007359
    -306.900       0.008380
    -306.800       0.009395
    -306.700       0.010402
    -306.600       0.011401
    -306.500       0.012391
    -306.400       0.013371
    -306.300       0.014339
    -306.200       0.015295
    -306.100       0.016236
    -306.000       0.017162
    -305.900       0.018072
    -305.800       0.018965
    -305.700       0.019840
    -305.600       0.020696
    -305.500       0.021533
    -305.400       0.022350
    -305.300       0.023146
    -305.200       0.023922
    -305.100       0.024677
    -305.000       0.025411
    -304.900       0.026122
    -304.800       0.026811
    -304.700       0.027478
    -304.600       0.028121
    -304.500       0.028741
    -304.400       0.029336
    -304.300       0.029908
    -304.200       0.030454
    -304.100       0.030976
    -304.000       0.031473
    -303.900       0.031944
    -303.800       0.032389
    -303.700       0.032808
    -303.600       0.033201
    -303.500       0.033566
    -303.400       0.033904
    -303.300       0.034214
    -303.200       0.034495
    -303.100       0.034747
    -303.000       0.034969
    -302.900       0.035162
    -302.800       0.035324
    -302.700       0.035456
    -302.600       0.035558
    -302.500       0.035630
    -302.400       0.035672
    -302.300       0.035684
    -302.200       0.035666
    -302.100       0.035620
    -302.000       0.035544
    -301.900       0.035441
    -301.800       0.035309
    -301.700       0.035149
    -301.600       0.034961
    -301.500       0.034747
    -301.400       0.034505
    -301.300       0.034238
    -301.200       0.033944
    -301.100       0.033624
    -301.000       0.033279
    -300.900       0.032909
    -300.800       0.032514
    -300.700       0.032095
    -300.600       0.031651
    -300.500       0.031182
    -300.400       0.030688
    -300.300       0.030170
    -300.200       0.029628
    -300.100       0.029062
    -300.000       0.028473
    -299.900       0.027859
    -299.800       0.027224
    -299.700       0.026567
    -299.600       0.025889
    -299.500       0.025192
    -299.400       0.024476
    -299.300       0.023742
    -299.200       0.022991
    -299.100       0.022224
    -299.000       0.021442
    -298.900       0.020646
    -298.800       0.019835
    -298.700       0.019011
    -298.600       0.018173
    -298.500       0.017323
    -298.400       0.016460
    -298.300       0.015586
    -298.200       0.014701
    -298.100       0.013806
    -298.000       0.012902
    -297.900       0.011990
    -297.800       0.011070
    -297.700       0.010144
    -297.600       0.009213
    -297.500       0.008277
    -297.400       0.007337
    -297.300       0.006393
    -297.200       0.005447
    -297.100       0.004500
    -297.000       0.003550
    -296.900       0.002600
    -296.800       0.001650
    -296.700       0.000699
    -296.600      -0.000250
    -296.500      -0.001198
    -296.400      -0.002144
    -296.300      -0.003086
    -296.200      -0.004025
    -296.100      -0.004960
    -296.000      -0.005889
    -295.900      -0.006812
    -295.800      -0.007728
    -295.700      -0.008636
    -295.600      -0.009535
    -295.500      -0.010423
    -295.400      -0.011301
    -295.300      -0.012167
    -295.200      -0.013020
    -295.100      -0.013860
    -295.000      -0.014685
    -294.900      -0.015494
    -294.800      -0.016289
    -294.700      -0.017067
    -294.600      -0.017830
    -294.500      -0.018577
    -294.400      -0.019308
    -294.300      -0.020022
    -294.200      -0.020719
    -294.100      -0.021400
    -294.000      -0.022065
    -293.900      -0.022711
    -293.800      -0.023340
    -293.700      -0.023951
    -293.600      -0.024541
    -293.500      -0.025112
    -293.400      -0.025662
    -293.300      -0.026190
    -293.200      -0.026696
    -293.100      -0.027179
    -293.000      -0.027640
    -292.900      -0.028077
    -292.800      -0.028490
    -292.700      -0.028880
    -292.600      -0.029247
    -292.500      -0.029590
    -292.400      -0.029909
    -292.300      -0.030205
    -292.200      -0.030475
    -292.100      -0.030722
    -292.000      -0.030944
    -291.900      -0.031140
    -291.800      -0.031311
    -291.700      -0.031457
    -291.600      -0.031577
    -291.500      -0.031672
    -291.400      -0.031741
    -291.300      -0.031785
    -291.200      -0.031805
    -291.100      -0.031800
    -291.000      -0.031772
    -290.900      -0.031720
    -290.800      -0.031645
    -290.700      -0.031547
    -290.600      -0.031426
    -290.500      -0.031283
    -290.400      -0.031117
    -290.300      -0.030929
    -290.200      -0.030719
    -290.100      -0.030486
    -290.000      -0.030232
    -289.900      -0.029955
    -289.800      -0.029656
    -289.700      -0.029336
    -289.600      -0.028993
    -289.500      -0.028629
    -289.400      -0.028244
    -289.300      -0.027837
    -289.200      -0.027410
    -289.100      -0.026961
    -289.000      -0.026492
    -288.900      -0.026003
    -288.800      -0.025494
    -288.700      -0.024966
    -288.600      -0.024420
    -288.500      -0.023858
    -288.400      -0.023279
    -288.300      -0.022686
    -288.200      -0.022079
    -288.100      -0.021458
    -288.000      -0.020826
    -287.900      -0.020183
    -287.800      -0.019530
    -287.700      -0.018866
    -287.600      -0.018192
    -287.500      -0.017508
    -287.400      -0.016814
    -287.300      -0.016111
    -287.200      -0.015398
    -287.100      -0.014675
    -287.000      -0.013944
    -286.900      -0.013204
    -286.800      -0.012456
    -286.700      -0.011701
    -286.600      -0.010939
    -286.500      -0.010171
    -286.400      -0.009398
    -286.300      -0.008620
    -286.200      -0.007839
    -286.100      -0.007053
    -286.000      -0.006265
    -285.900      -0.005474
    -285.800      -0.004682
    -285.700      -0.003888
    -285.600      -0.003095
    -285.500      -0.002302
    -285.400      -0.001512
    -285.300      -0.000725
    -285.200       0.000058
    -285.100       0.000836
    -285.000       0.001607
    -284.900       0.002372
    -284.800       0.003128
    -284.700       0.003877
    -284.600       0.004619
    -284.500       0.005352
    -284.400       0.006077
    -284.300       0.006795
    -284.200       0.007505
    -284.100       0.008207
    -284.000       0.008900
    -283.900       0.009586
    -283.800       0.010264
    -283.700       0.010932
    -283.600       0.011590
    -283.500       0.012238
    -283.400       0.012874
    -283.300       0.013498
    -283.200       0.014110
    -283.100       0.014709
    -283.000       0.015294
    -282.900       0.015865
    -282.800       0.016421
    -282.700       0.016963
    -282.600       0.017489
    -282.500       0.017999
    -282.400       0.018493
    -282.300       0.018970
    -282.200       0.019430
    -282.100       0.019872
    -282.000       0.020296
    -281.900       0.020701
    -281.800       0.021088
    -281.700       0.021457
    -281.600       0.021807
    -281.500       0.022140
    -281.400       0.022455
    -281.300       0.022752
    -281.200       0.023031
    -281.100       0.023294
    -281.000       0.023540
    -280.900       0.023769
    -280.800       0.023981
    -280.700       0.024175
    -280.600       0.024352
    -280.500       0.024511
    -280.400       0.024652
    -280.300       0.024775
    -280.200       0.024879
    -280.100       0.024966
    -280.000       0.025034
    -279.900       0.025084
    -279.800       0.025117
    -279.700       0.025131
    -279.600       0.025129
    -279.500       0.025109
    -279.400       0.025071
    -279.300       0.025016
    -279.200       0.024944
    -279.100       0.024853
    -279.000       0.024745
    -278.900       0.024619
    -278.800       0.024475
    -278.700       0.024314
    -278.600       0.024136
    -278.500       0.023940
    -278.400       0.023729
    -278.300       0.023501
    -278.200       0.023259
    -278.100       0.023002
    -278.000       0.022731
    -277.900       0.022447
    -277.800       0.022150
    -277.700       0.021841
    -277.600       0.021520
    -277.500       0.021187
    -277.400       0.020843
    -277.300       0.020488
    -277.200       0.020123
    -277.100       0.019747
    -277.000       0.019362
    -276.900       0.018967
    -276.800       0.018563
    -276.700       0.018149
    -276.600       0.017725
    -276.500       0.017292
    -276.400       0.016849
    -276.300       0.016396
    -276.200       0.015932
    -276.100       0.015459
    -276.000       0.014976
    -275.900       0.014483
    -275.800       0.013980
    -275.700       0.013469
    -275.600       0.012952
    -275.500       0.012428
    -275.400       0.011899
    -275.300       0.011366
    -275.200       0.010830
    -275.100       0.010293
    -275.000       0.009754
    -274.900       0.009215
    -274.800       0.008675
    -274.700       0.008135
    -274.600       0.007594
    -274.500       0.007052
    -274.400       0.006509
    -274.300       0.005965
    -274.200       0.005419
    -274.100       0.004872
    -274.000       0.004324
    -273.900       0.003775
    -273.800       0.003225
    -273.700       0.002675
    -273.600       0.002126
    -273.500       0.001578
    -273.400       0.001031
    -273.300       0.000487
    -273.200      -0.000056
    -273.100      -0.000596
    -273.000      -0.001134
    -272.900      -0.001669
    -272.800      -0.002201
    -272.700      -0.002730
    -272.600      -0.003256
    -272.500      -0.003778
    -272.400      -0.004296
    -272.300      -0.004809
    -272.200      -0.005317
    -272.100      -0.005820
    -272.000      -0.006316
    -271.900      -0.006805
    -271.800      -0.007288
    -271.700      -0.007763
    -271.600      -0.008231
    -271.500      -0.008691
    -271.400      -0.009143
    -271.300      -0.009588
    -271.200      -0.010025
    -271.100      -0.010453
    -271.000      -0.010874
    -270.900      -0.011286
    -270.800      -0.011691
    -270.700      -0.012088
    -270.600      -0.012478
    -270.500      -0.012860
    -270.400      -0.013235
    -270.300      -0.013603
    -270.200      -0.013964
    -270.100      -0.014318
    -270.000      -0.014666
    -269.900      -0.015006
    -269.800      -0.015340
    -269.700      -0.015666
    -269.600      -0.015983
    -269.500      -0.016291
    -269.400      -0.016589
    -269.300      -0.016877
    -269.200      -0.017153
    -269.100      -0.017418
    -269.000      -0.017671
    -268.900      -0.017911
    -268.800      -0.018139
    -268.700      -0.018356
    -268.600      -0.018561
    -268.500      -0.018755
    -268.400      -0.018938
    -268.300      -0.019111
    -268.200      -0.019275
    -268.100      -0.019429
    -268.000      -0.019574
    -267.900      -0.019711
    -267.800      -0.019838
    -267.700      -0.019955
    -267.600      -0.020064
    -267.500      -0.020162
    -267.400      -0.020251
    -267.300      -0.020330
    -267.200      -0.020399
    -267.100      -0.020459
    -267.000      -0.020508
    -266.900      -0.020548
    -266.800      -0.020578
    -266.700      -0.020598
    -266.600      -0.020607
    -266.500      -0.020607
    -266.400      -0.020595
    -266.300      -0.020573
    -266.200      -0.020539
    -266.100      -0.020493
    -266.000      -0.020436
    -265.900      -0.020366
    -265.800      -0.020284
    -265.700      -0.020190
    -265.600      -0.020084
    -265.500      -0.019967
    -265.400      -0.019839
    -265.300      -0.019701
    -265.200      -0.019552
    -265.100      -0.019393
    -265.000      -0.019225
    -264.900      -0.019047
    -264.800      -0.018860
    -264.700      -0.018664
    -264.600      -0.018458
    -264.500      -0.018242
    -264.400      -0.018017
    -264.300      -0.017783
    -264.200      -0.017539
    -264.100      -0.017286
    -264.000      -0.017023
    -263.900      -0.016751
    -263.800      -0.016470
    -263.700      -0.016180
    -263.600      -0.015880
    -263.500      -0.015571
    -263.400      -0.015252
    -263.300      -0.014924
    -263.200      -0.014586
    -263.100      -0.014239
    -263.000      -0.013882
    -262.900      -0.013515
    -262.800      -0.013138
    -262.700      -0.012752
    -262.600      -0.012356
    -262.500      -0.011951
    -262.400      -0.011537
    -262.300      -0.011115
    -262.200      -0.010683
    -262.100      -0.010244
    -262.000      -0.009796
    -261.900      -0.009340
    -261.800      -0.008876
    -261.700      -0.008405
    -261.600      -0.007928
    -261.500      -0.007444
    -261.400      -0.006954
    -261.300      -0.006459
    -261.200      -0.005959
    -261.100      -0.005455
    -261.000      -0.004947
    -260.900      -0.004436
    -260.800      -0.003921
    -260.700      -0.003403
    -260.600      -0.002882
    -260.500      -0.002355
    -260.400      -0.001824
    -260.300      -0.001288
    -260.200      -0.000746
    -260.100      -0.000197
    -260.000       0.000358
    -259.900       0.000920
    -259.800       0.001488
    -259.700       0.002062
    -259.600       0.002640
    -259.500       0.003222
    -259.400       0.003807
    -259.300       0.004392
    -259.200       0.004978
    -259.100       0.005563
    -259.000       0.006147
    -258.900       0.006727
    -258.800       0.007305
    -258.700       0.007880
    -258.600       0.008452
    -258.500       0.009022
    -258.400       0.009589
    -258.300       0.010154
    -258.200       0.010716
    -258.100       0.011276
    -258.000       0.011834
    -257.900       0.012389
    -257.800       0.012941
    -257.700       0.013490
    -257.600       0.014036
    -257.500       0.014577
    -257.400       0.015113
    -257.300       0.015645
    -257.200       0.016172
    -257.100       0.016693
    -257.000       0.017207
    -256.900       0.017716
    -256.800       0.018218
    -256.700       0.018713
    -256.600       0.019200
    -256.500       0.019679
    -256.400       0.020149
    -256.300       0.020611
    -256.200       0.021062
    -256.100       0.021503
    -256.000       0.021934
    -255.900       0.022353
    -255.800       0.022761
    -255.700       0.023157
    -255.600       0.023540
    -255.500       0.023909
    -255.400       0.024266
    -255.300       0.024608
    -255.200       0.024936
    -255.100       0.025249
    -255.000       0.025546
    -254.900       0.025828
    -254.800       0.026095
    -254.700       0.026345
    -254.600       0.026581
    -254.500       0.026801
    -254.400       0.027005
    -254.300       0.027195
    -254.200       0.027370
    -254.100       0.027530
    -254.000       0.027675
    -253.900       0.027806
    -253.800       0.027922
    -253.700       0.028021
    -253.600       0.028104
    -253.500       0.028169
    -253.400       0.028216
    -253.300       0.028243
    -253.200       0.028251
    -253.100       0.028238
    -253.000       0.028203
    -252.900       0.028147
    -252.800       0.028070
    -252.700       0.027971
    -252.600       0.027851
    -252.500       0.027710
    -252.400       0.027549
    -252.300       0.027368
    -252.200       0.027168
    -252.100       0.026948
    -252.000       0.026708
    -251.900       0.026450
    -251.800       0.026173
    -251.700       0.025876
    -251.600       0.025560
    -251.500       0.025225
    -251.400       0.024870
    -251.300       0.024496
    -251.200       0.024103
    -251.100       0.023690
    -251.000       0.023259
    -250.900       0.022809
    -250.800       0.022341
    -250.700       0.021854
    -250.600       0.021349
    -250.500       0.020825
    -250.400       0.020284
    -250.300       0.019725
    -250.200       0.019147
    -250.100       0.018552
    -250.000       0.017939
    -249.900       0.017309
    -249.800       0.016661
    -249.700       0.015996
    -249.600       0.015314
    -249.500       0.014616
    -249.400       0.013902
    -249.300       0.013173
    -249.200       0.012429
    -249.100       0.011670
    -249.000       0.010897
    -248.900       0.010111
    -248.800       0.009311
    -248.700       0.008500
    -248.600       0.007677
    -248.500       0.006843
    -248.400       0.006000
    -248.300       0.005148
    -248.200       0.004287
    -248.100       0.003419
    -248.000       0.002545
    -247.900       0.001665
    -247.800       0.000780
    -247.700      -0.000111
    -247.600      -0.001007
    -247.500      -0.001907
    -247.400      -0.002812
    -247.300      -0.003721
    -247.200      -0.004634
    -247.100      -0.005550
    -247.000      -0.006470
    -246.900      -0.007392
    -246.800      -0.008317
    -246.700      -0.009241
    -246.600      -0.010166
    -246.500      -0.011090
    -246.400      -0.012011
    -246.300      -0.012929
    -246.200      -0.013843
    -246.100      -0.014752
    -246.000      -0.015656
    -245.900      -0.016552
    -245.800      -0.017442
    -245.700      -0.018324
    -245.600      -0.019197
    -245.500      -0.020061
    -245.400      -0.020914
    -245.300      -0.021757
    -245.200      -0.022587
    -245.100      -0.023404
    -245.000      -0.024208
    -244.900      -0.024997
    -244.800      -0.025770
    -244.700      -0.026527
    -244.600      -0.027268
    -244.500      -0.027990
    -244.400      -0.028695
    -244.300      -0.029382
    -244.200      -0.030049
    -244.100      -0.030697
    -244.000      -0.031326
    -243.900      -0.031934
    -243.800      -0.032521
    -243.700      -0.033087
    -243.600      -0.033632
    -243.500      -0.034154
    -243.400      -0.034653
    -243.300      -0.035129
    -243.200      -0.035581
    -243.100      -0.036009
    -243.000      -0.036412
    -242.900      -0.036790
    -242.800      -0.037141
    -242.700      -0.037465
    -242.600      -0.037761
    -242.500      -0.038027
    -242.400      -0.038264
    -242.300      -0.038469
    -242.200      -0.038643
    -242.100      -0.038784
    -242.000      -0.038892
    -241.900      -0.038966
    -241.800      -0.039007
    -241.700      -0.039015
    -241.600      -0.038990
    -241.500      -0.038933
    -241.400      -0.038845
    -241.300      -0.038726
    -241.200      -0.038576
    -241.100      -0.038396
    -241.000      -0.038187
    -240.900      -0.037948
    -240.800      -0.037681
    -240.700      -0.037383
    -240.600      -0.037055
    -240.500      -0.036695
    -240.400      -0.036305
    -240.300      -0.035882
    -240.200      -0.035427
    -240.100      -0.034939
    -240.000      -0.034419
    -239.900      -0.033865
    -239.800      -0.033279
    -239.700      -0.032661
    -239.600      -0.032012
    -239.500      -0.031331
    -239.400      -0.030621
    -239.300      -0.029880
    -239.200      -0.029111
    -239.100      -0.028313
    -239.000      -0.027488
    -238.900      -0.026635
    -238.800      -0.025756
    -238.700      -0.024851
    -238.600      -0.023921
    -238.500      -0.022968
    -238.400      -0.021991
    -238.300      -0.020991
    -238.200      -0.019970
    -238.100      -0.018928
    -238.000      -0.017867
    -237.900      -0.016786
    -237.800      -0.015687
    -237.700      -0.014570
    -237.600      -0.013436
    -237.500      -0.012287
    -237.400      -0.011122
    -237.300      -0.009943
    -237.200      -0.008752
    -237.100      -0.007548
    -237.000      -0.006334
    -236.900      -0.005110
    -236.800      -0.003878
    -236.700      -0.002638
    -236.600      -0.001390
    -236.500      -0.000137
    -236.400       0.001122
    -236.300       0.002386
    -236.200       0.003654
    -236.100       0.004926
    -236.000       0.006200
    -235.900       0.007476
    -235.800       0.008754
    -235.700       0.010030
    -235.600       0.011303
    -235.500       0.012571
    -235.400       0.013832
    -235.300       0.015085
    -235.200       0.016328
    -235.100       0.017558
    -235.000       0.018773
    -234.900       0.019973
    -234.800       0.021156
    -234.700       0.022322
    -234.600       0.023470
    -234.500       0.024601
    -234.400       0.025712
    -234.300       0.026804
    -234.200       0.027876
    -234.100       0.028928
    -234.000       0.029958
    -233.900       0.030968
    -233.800       0.031954
    -233.700       0.032916
    -233.600       0.033853
    -233.500       0.034764
    -233.400       0.035648
    -233.300       0.036503
    -233.200       0.037328
    -233.100       0.038124
    -233.000       0.038888
    -232.900       0.039621
    -232.800       0.040320
    -232.700       0.040986
    -232.600       0.041617
    -232.500       0.042213
    -232.400       0.042771
    -232.300       0.043293
    -232.200       0.043776
    -232.100       0.044221
    -232.000       0.044625
    -231.900       0.044989
    -231.800       0.045312
    -231.700       0.045595
    -231.600       0.045836
    -231.500       0.046036
    -231.400       0.046195
    -231.300       0.046313
    -231.200       0.046389
    -231.100       0.046425
    -231.000       0.046419
    -230.900       0.046371
    -230.800       0.046283
    -230.700       0.046154
    -230.600       0.045985
    -230.500       0.045774
    -230.400       0.045524
    -230.300       0.045235
    -230.200       0.044906
    -230.100       0.044539
    -230.000       0.044133
    -229.900       0.043690
    -229.800       0.043209
    -229.700       0.042690
    -229.600       0.042133
    -229.500       0.041537
    -229.400       0.040902
    -229.300       0.040229
    -229.200       0.039517
    -229.100       0.038766
    -229.000       0.037976
    -228.900       0.037148
    -228.800       0.036282
    -228.700       0.035381
    -228.600       0.034446
    -228.500       0.033478
    -228.400       0.032480
    -228.300       0.031452
    -228.200       0.030397
    -228.100       0.029316
    -228.000       0.028210
    -227.900       0.027080
    -227.800       0.025928
    -227.700       0.024754
    -227.600       0.023558
    -227.500       0.022340
    -227.400       0.021103
    -227.300       0.019846
    -227.200       0.018571
    -227.100       0.017279
    -227.000       0.015970
    -226.900       0.014646
    -226.800       0.013308
    -226.700       0.011958
    -226.600       0.010595
    -226.500       0.009222
    -226.400       0.007840
    -226.300       0.006448
    -226.200       0.005049
    -226.100       0.003643
    -226.000       0.002231
    -225.900       0.000814
    -225.800      -0.000607
    -225.700      -0.002029
    -225.600      -0.003452
    -225.500      -0.004874
    -225.400      -0.006293
    -225.300      -0.007707
    -225.200      -0.009114
    -225.100      -0.010514
    -225.000      -0.011904
    -224.900      -0.013282
    -224.800      -0.014649
    -224.700      -0.016002
    -224.600      -0.017342
    -224.500      -0.018666
    -224.400      -0.019974
    -224.300      -0.021265
    -224.200      -0.022538
    -224.100      -0.023792
    -224.000      -0.025026
    -223.900      -0.026239
    -223.800      -0.027431
    -223.700      -0.028600
    -223.600      -0.029747
    -223.500      -0.030869
    -223.400      -0.031967
    -223.300      -0.033040
    -223.200      -0.034087
    -223.100      -0.035108
    -223.000      -0.036102
    -222.900      -0.037068
    -222.800      -0.038005
    -222.700      -0.038913
    -222.600      -0.039788
    -222.500      -0.040631
    -222.400      -0.041440
    -222.300      -0.042214
    -222.200      -0.042953
    -222.100      -0.043654
    -222.000      -0.044317
    -221.900      -0.044943
    -221.800      -0.045529
    -221.700      -0.046078
    -221.600      -0.046588
    -221.500      -0.047059
    -221.400      -0.047492
    -221.300      -0.047887
    -221.200      -0.048242
    -221.100      -0.048559
    -221.000      -0.048837
    -220.900      -0.049075
    -220.800      -0.049275
    -220.700      -0.049434
    -220.600      -0.049554
    -220.500      -0.049634
    -220.400      -0.049674
    -220.300      -0.049675
    -220.200      -0.049637
    -220.100      -0.049560
    -220.000      -0.049445
    -219.900      -0.049292
    -219.800      -0.049101
    -219.700      -0.048872
    -219.600      -0.048604
    -219.500      -0.048299
    -219.400      -0.047955
    -219.300      -0.047572
    -219.200      -0.047151
    -219.100      -0.046691
    -219.000      -0.046193
    -218.900      -0.045656
    -218.800      -0.045081
    -218.700      -0.044470
    -218.600      -0.043821
    -218.500      -0.043138
    -218.400      -0.042420
    -218.300      -0.041668
    -218.200      -0.040884
    -218.100      -0.040067
    -218.000      -0.039220
    -217.900      -0.038343
    -217.800      -0.037437
    -217.700      -0.036503
    -217.600      -0.035541
    -217.500      -0.034551
    -217.400      -0.033536
    -217.300      -0.032496
    -217.200      -0.031431
    -217.100      -0.030343
    -217.000      -0.029232
    -216.900      -0.028100
    -216.800      -0.026948
    -216.700      -0.025775
    -216.600      -0.024583
    -216.500      -0.023372
    -216.400      -0.022144
    -216.300      -0.020898
    -216.200      -0.019637
    -216.100      -0.018359
    -216.000      -0.017067
    -215.900      -0.015762
    -215.800      -0.014443
    -215.700      -0.013113
    -215.600      -0.011772
    -215.500      -0.010422
    -215.400      -0.009064
    -215.300      -0.007698
    -215.200      -0.006327
    -215.100      -0.004951
    -215.000      -0.003570
    -214.900      -0.002187
    -214.800      -0.000803
    -214.700       0.000582
    -214.600       0.001966
    -214.500       0.003347
    -214.400       0.004724
    -214.300       0.006096
    -214.200       0.007460
    -214.100       0.008817
    -214.000       0.010164
    -213.900       0.011500
    -213.800       0.012824
    -213.700       0.014136
    -213.600       0.015436
    -213.500       0.016724
    -213.400       0.017998
    -213.300       0.019260
    -213.200       0.020508
    -213.100       0.021742
    -213.000       0.022963
    -212.900       0.024168
    -212.800       0.025358
    -212.700       0.026531
    -212.600       0.027684
    -212.500       0.028817
    -212.400       0.029927
    -212.300       0.031014
    -212.200       0.032076
    -212.100       0.033112
    -212.000       0.034120
    -211.900       0.035098
    -211.800       0.036048
    -211.700       0.036967
    -211.600       0.037857
    -211.500       0.038716
    -211.400       0.039544
    -211.300       0.040342
    -211.200       0.041108
    -211.100       0.041844
    -211.000       0.042547
    -210.900       0.043218
    -210.800       0.043857
    -210.700       0.044463
    -210.600       0.045036
    -210.500       0.045574
    -210.400       0.046078
    -210.300       0.046547
    -210.200       0.046981
    -210.100       0.047379
    -210.000       0.047741
    -209.900       0.048066
    -209.800       0.048355
    -209.700       0.048607
    -209.600       0.048822
    -209.500       0.048999
    -209.400       0.049140
    -209.300       0.049243
    -209.200       0.049310
    -209.100       0.049339
    -209.000       0.049331
    -208.900       0.049286
    -208.800       0.049203
    -208.700       0.049084
    -208.600       0.048926
    -208.500       0.048731
    -208.400       0.048498
    -208.300       0.048227
    -208.200       0.047917
    -208.100       0.047569
    -208.000       0.047183
    -207.900       0.046759
    -207.800       0.046298
    -207.700       0.045800
    -207.600       0.045267
    -207.500       0.044700
    -207.400       0.044099
    -207.300       0.043466
    -207.200       0.042801
    -207.100       0.042106
    -207.000       0.041382
    -206.900       0.040630
    -206.800       0.039849
    -206.700       0.039040
    -206.600       0.038202
    -206.500       0.037337
    -206.400       0.036443
    -206.300       0.035521
    -206.200       0.034571
    -206.100       0.033594
    -206.000       0.032589
    -205.900       0.031558
    -205.800       0.030500
    -205.700       0.029418
    -205.600       0.028312
    -205.500       0.027184
    -205.400       0.026035
    -205.300       0.024866
    -205.200       0.023679
    -205.100       0.022475
    -205.000       0.021254
    -204.900       0.020019
    -204.800       0.018770
    -204.700       0.017508
    -204.600       0.016234
    -204.500       0.014949
    -204.400       0.013653
    -204.300       0.012349
    -204.200       0.011036
    -204.100       0.009715
    -204.000       0.008388
    -203.900       0.007055
    -203.800       0.005717
    -203.700       0.004376
    -203.600       0.003031
    -203.500       0.001686
    -203.400       0.000339
    -203.300      -0.001006
    -203.200      -0.002350
    -203.100      -0.003690
    -203.000      -0.005026
    -202.900      -0.006356
    -202.800      -0.007680
    -202.700      -0.008996
    -202.600      -0.010304
    -202.500      -0.011602
    -202.400      -0.012891
    -202.300      -0.014168
    -202.200      -0.015435
    -202.100      -0.016689
    -202.000      -0.017931
    -201.900      -0.019159
    -201.800      -0.020373
    -201.700      -0.021571
    -201.600      -0.022751
    -201.500      -0.023913
    -201.400      -0.025055
    -201.300      -0.026175
    -201.200      -0.027272
    -201.100      -0.028345
    -201.000      -0.029393
    -200.900      -0.030414
    -200.800      -0.031408
    -200.700      -0.032374
    -200.600      -0.033313
    -200.500      -0.034223
    -200.400      -0.035104
    -200.300      -0.035956
    -200.200      -0.036779
    -200.100      -0.037572
    -200.000      -0.038336
    -199.900      -0.039069
    -199.800      -0.039771
    -199.700      -0.040442
    -199.600      -0.041080
    -199.500      -0.041686
    -199.400      -0.042259
    -199.300      -0.042799
    -199.200      -0.043304
    -199.100      -0.043774
    -199.000      -0.044210
    -198.900      -0.044610
    -198.800      -0.044974
    -198.700      -0.045301
    -198.600      -0.045591
    -198.500      -0.045844
    -198.400      -0.046057
    -198.300      -0.046233
    -198.200      -0.046369
    -198.100      -0.046466
    -198.000      -0.046524
    -197.900      -0.046542
    -197.800      -0.046521
    -197.700      -0.046462
    -197.600      -0.046364
    -197.500      -0.046229
    -197.400      -0.046057
    -197.300      -0.045848
    -197.200      -0.045602
    -197.100      -0.045321
    -197.000      -0.045004
    -196.900      -0.044651
    -196.800      -0.044264
    -196.700      -0.043842
    -196.600      -0.043385
    -196.500      -0.042894
    -196.400      -0.042369
    -196.300      -0.041811
    -196.200      -0.041220
    -196.100      -0.040598
    -196.000      -0.039944
    -195.900      -0.039259
    -195.800      -0.038544
    -195.700      -0.037799
    -195.600      -0.037024
    -195.500      -0.036219
    -195.400      -0.035386
    -195.300      -0.034523
    -195.200      -0.033633
    -195.100      -0.032714
    -195.000      -0.031768
    -194.900      -0.030795
    -194.800      -0.029797
    -194.700      -0.028774
    -194.600      -0.027729
    -194.500      -0.026662
    -194.400      -0.025575
    -194.300      -0.024470
    -194.200      -0.023347
    -194.100      -0.022208
    -194.000      -0.021055
    -193.900      -0.019889
    -193.800      -0.018709
    -193.700      -0.017518
    -193.600      -0.016315
    -193.500      -0.015102
    -193.400      -0.013878
    -193.300      -0.012646
    -193.200      -0.011405
    -193.100      -0.010157
    -193.000      -0.008903
    -192.900      -0.007642
    -192.800      -0.006378
    -192.700      -0.005109
    -192.600      -0.003839
    -192.500      -0.002567
    -192.400      -0.001294
    -192.300      -0.000022
    -192.200       0.001248
    -192.100       0.002515
    -192.000       0.003778
    -191.900       0.005036
    -191.800       0.006289
    -191.700       0.007533
    -191.600       0.008770
    -191.500       0.009996
    -191.400       0.011212
    -191.300       0.012416
    -191.200       0.013607
    -191.100       0.014785
    -191.000       0.015948
    -190.900       0.017096
    -190.800       0.018227
    -190.700       0.019342
    -190.600       0.020438
    -190.500       0.021516
    -190.400       0.022573
    -190.300       0.023610
    -190.200       0.024624
    -190.100       0.025614
    -190.000       0.026580
    -189.900       0.027521
    -189.800       0.028435
    -189.700       0.029323
    -189.600       0.030185
    -189.500       0.031021
    -189.400       0.031830
    -189.300       0.032612
    -189.200       0.033368
    -189.100       0.034097
    -189.000       0.034801
    -188.900       0.035478
    -188.800       0.036128
    -188.700       0.036749
    -188.600       0.037340
    -188.500       0.037901
    -188.400       0.038429
    -188.300       0.038925
    -188.200       0.039386
    -188.100       0.039812
    -188.000       0.040202
    -187.900       0.040555
    -187.800       0.040872
    -187.700       0.041152
    -187.600       0.041398
    -187.500       0.041608
    -187.400       0.041784
    -187.300       0.041926
    -187.200       0.042034
    -187.100       0.042109
    -187.000       0.042152
    -186.900       0.042162
    -186.800       0.042139
    -186.700       0.042084
    -186.600       0.041997
    -186.500       0.041877
    -186.400       0.041725
    -186.300       0.041540
    -186.200       0.041324
    -186.100       0.041075
    -186.000       0.040795
    -185.900       0.040484
    -185.800       0.040141
    -185.700       0.039768
    -185.600       0.039363
    -185.500       0.038928
    -185.400       0.038463
    -185.300       0.037968
    -185.200       0.037444
    -185.100       0.036891
    -185.000       0.036310
    -184.900       0.035701
    -184.800       0.035065
    -184.700       0.034403
    -184.600       0.033715
    -184.500       0.033002
    -184.400       0.032264
    -184.300       0.031503
    -184.200       0.030719
    -184.100       0.029912
    -184.000       0.029083
    -183.900       0.028232
    -183.800       0.027361
    -183.700       0.026470
    -183.600       0.025562
    -183.500       0.024636
    -183.400       0.023694
    -183.300       0.022738
    -183.200       0.021769
    -183.100       0.020788
    -183.000       0.019796
    -182.900       0.018795
    -182.800       0.017784
    -182.700       0.016765
    -182.600       0.015736
    -182.500       0.014698
    -182.400       0.013651
    -182.300       0.012596
    -182.200       0.011532
    -182.100       0.010460
    -182.000       0.009381
    -181.900       0.008294
    -181.800       0.007201
    -181.700       0.006105
    -181.600       0.005005
    -181.500       0.003905
    -181.400       0.002804
    -181.300       0.001706
    -181.200       0.000610
    -181.100      -0.000481
    -181.000      -0.001567
    -180.900      -0.002647
    -180.800      -0.003720
    -180.700      -0.004785
    -180.600      -0.005842
    -180.500      -0.006891
    -180.400      -0.007930
    -180.300      -0.008958
    -180.200      -0.009977
    -180.100      -0.010983
    -180.000      -0.011978
    -179.900      -0.012959
    -179.800      -0.013927
    -179.700      -0.014882
    -179.600      -0.015822
    -179.500      -0.016747
    -179.400      -0.017658
    -179.300      -0.018553
    -179.200      -0.019433
    -179.100      -0.020297
    -179.000      -0.021144
    -178.900      -0.021975
    -178.800      -0.022788
    -178.700      -0.023583
    -178.600      -0.024358
    -178.500      -0.025112
    -178.400      -0.025845
    -178.300      -0.026556
    -178.200      -0.027243
    -178.100      -0.027907
    -178.000      -0.028546
    -177.900      -0.029160
    -177.800      -0.029749
    -177.700      -0.030313
    -177.600      -0.030851
    -177.500      -0.031365
    -177.400      -0.031852
    -177.300      -0.032315
    -177.200      -0.032752
    -177.100      -0.033163
    -177.000      -0.033549
    -176.900      -0.033908
    -176.800      -0.034243
    -176.700      -0.034551
    -176.600      -0.034834
    -176.500      -0.035091
    -176.400      -0.035322
    -176.300      -0.035528
    -176.200      -0.035707
    -176.100      -0.035861
    -176.000      -0.035988
    -175.900      -0.036090
    -175.800      -0.036165
    -175.700      -0.036213
    -175.600      -0.036235
    -175.500      -0.036231
    -175.400      -0.036200
    -175.300      -0.036143
    -175.200      -0.036059
    -175.100      -0.035950
    -175.000      -0.035816
    -174.900      -0.035657
    -174.800      -0.035473
    -174.700      -0.035265
    -174.600      -0.035032
    -174.500      -0.034776
    -174.400      -0.034496
    -174.300      -0.034192
    -174.200      -0.033865
    -174.100      -0.033514
    -174.000      -0.033139
    -173.900      -0.032741
    -173.800      -0.032319
    -173.700      -0.031875
    -173.600      -0.031410
    -173.500      -0.030924
    -173.400      -0.030418
    -173.300      -0.029893
    -173.200      -0.029350
    -173.100      -0.028790
    -173.000      -0.028214
    -172.900      -0.027623
    -172.800      -0.027017
    -172.700      -0.026396
    -172.600      -0.025761
    -172.500      -0.025110
    -172.400      -0.024446
    -172.300      -0.023766
    -172.200      -0.023073
    -172.100      -0.022364
    -172.000      -0.021642
    -171.900      -0.020905
    -171.800      -0.020155
    -171.700      -0.019393
    -171.600      -0.018619
    -171.500      -0.017834
    -171.400      -0.017039
    -171.300      -0.016235
    -171.200      -0.015422
    -171.100      -0.014603
    -171.000      -0.013777
    -170.900      -0.012946
    -170.800      -0.012110
    -170.700      -0.011270
    -170.600      -0.010426
    -170.500      -0.009579
    -170.400      -0.008730
    -170.300      -0.007879
    -170.200      -0.007027
    -170.100      -0.006174
    -170.000      -0.005321
    -169.900      -0.004467
    -169.800      -0.003614
    -169.700      -0.002762
    -169.600      -0.001911
    -169.500      -0.001062
    -169.400      -0.000214
    -169.300       0.000631
    -169.200       0.001472
    -169.100       0.002310
    -169.000       0.003143
    -168.900       0.003971
    -168.800       0.004793
    -168.700       0.005609
    -168.600       0.006418
    -168.500       0.007219
    -168.400       0.008013
    -168.300       0.008798
    -168.200       0.009575
    -168.100       0.010343
    -168.000       0.011102
    -167.900       0.011852
    -167.800       0.012593
    -167.700       0.013323
    -167.600       0.014042
    -167.500       0.014749
    -167.400       0.015443
    -167.300       0.016124
    -167.200       0.016792
    -167.100       0.017444
    -167.000       0.018081
    -166.900       0.018702
    -166.800       0.019307
    -166.700       0.019896
    -166.600       0.020468
    -166.500       0.021025
    -166.400       0.021567
    -166.300       0.022093
    -166.200       0.022603
    -166.100       0.023098
    -166.000       0.023578
    -165.900       0.024043
    -165.800       0.024493
    -165.700       0.024927
    -165.600       0.025344
    -165.500       0.025744
    -165.400       0.026128
    -165.300       0.026493
    -165.200       0.026841
    -165.100       0.027170
    -165.000       0.027481
    -164.900       0.027772
    -164.800       0.028045
    -164.700       0.028298
    -164.600       0.028531
    -164.500       0.028744
    -164.400       0.028938
    -164.300       0.029113
    -164.200       0.029267
    -164.100       0.029402
    -164.000       0.029517
    -163.900       0.029612
    -163.800       0.029689
    -163.700       0.029747
    -163.600       0.029786
    -163.500       0.029807
    -163.400       0.029810
    -163.300       0.029796
    -163.200       0.029763
    -163.100       0.029714
    -163.000       0.029646
    -162.900       0.029561
    -162.800       0.029459
    -162.700       0.029339
    -162.600       0.029202
    -162.500       0.029047
    -162.400       0.028874
    -162.300       0.028684
    -162.200       0.028476
    -162.100       0.028251
    -162.000       0.028010
    -161.900       0.027751
    -161.800       0.027477
    -161.700       0.027186
    -161.600       0.026878
    -161.500       0.026555
    -161.400       0.026217
    -161.300       0.025862
    -161.200       0.025492
    -161.100       0.025108
    -161.000       0.024708
    -160.900       0.024293
    -160.800       0.023864
    -160.700       0.023422
    -160.600       0.022966
    -160.500       0.022497
    -160.400       0.022016
    -160.300       0.021523
    -160.200       0.021019
    -160.100       0.020504
    -160.000       0.019977
    -159.900       0.019441
    -159.800       0.018894
    -159.700       0.018337
    -159.600       0.017771
    -159.500       0.017195
    -159.400       0.016609
    -159.300       0.016015
    -159.200       0.015412
    -159.100       0.014800
    -159.000       0.014181
    -158.900       0.013554
    -158.800       0.012919
    -158.700       0.012277
    -158.600       0.011629
    -158.500       0.010974
    -158.400       0.010313
    -158.300       0.009647
    -158.200       0.008974
    -158.100       0.008297
    -158.000       0.007615
    -157.900       0.006929
    -157.800       0.006239
    -157.700       0.005546
    -157.600       0.004851
    -157.500       0.004153
    -157.400       0.003454
    -157.300       0.002754
    -157.200       0.002054
    -157.100       0.001353
    -157.000       0.000653
    -156.900      -0.000047
    -156.800      -0.000747
    -156.700      -0.001445
    -156.600      -0.002143
    -156.500      -0.002838
    -156.400      -0.003532
    -156.300      -0.004223
    -156.200      -0.004911
    -156.100      -0.005596
    -156.000      -0.006277
    -155.900      -0.006954
    -155.800      -0.007625
    -155.700      -0.008291
    -155.600      -0.008952
    -155.500      -0.009608
    -155.400      -0.010258
    -155.300      -0.010902
    -155.200      -0.011540
    -155.100      -0.012172
    -155.000      -0.012798
    -154.900      -0.013417
    -154.800      -0.014030
    -154.700      -0.014636
    -154.600      -0.015233
    -154.500      -0.015821
    -154.400      -0.016400
    -154.300      -0.016969
    -154.200      -0.017526
    -154.100      -0.018073
    -154.000      -0.018607
    -153.900      -0.019128
    -153.800      -0.019636
    -153.700      -0.020132
    -153.600      -0.020615
    -153.500      -0.021084
    -153.400      -0.021541
    -153.300      -0.021985
    -153.200      -0.022415
    -153.100      -0.022833
    -153.000      -0.023237
    -152.900      -0.023628
    -152.800      -0.024005
    -152.700      -0.024368
    -152.600      -0.024718
    -152.500      -0.025053
    -152.400      -0.025374
    -152.300      -0.025680
    -152.200      -0.025970
    -152.100      -0.026245
    -152.000      -0.026504
    -151.900      -0.026746
    -151.800      -0.026972
    -151.700      -0.027180
    -151.600      -0.027371
    -151.500      -0.027543
    -151.400      -0.027697
    -151.300      -0.027833
    -151.200      -0.027950
    -151.100      -0.028049
    -151.000      -0.028129
    -150.900      -0.028191
    -150.800      -0.028235
    -150.700      -0.028262
    -150.600      -0.028270
    -150.500      -0.028261
    -150.400      -0.028235
    -150.300      -0.028190
    -150.200      -0.028128
    -150.100      -0.028047
    -150.000      -0.027948
    -149.900      -0.027831
    -149.800      -0.027694
    -149.700      -0.027538
    -149.600      -0.027364
    -149.500      -0.027170
    -149.400      -0.026958
    -149.300      -0.026727
    -149.200      -0.026478
    -149.100      -0.026212
    -149.000      -0.025927
    -148.900      -0.025626
    -148.800      -0.025308
    -148.700      -0.024972
    -148.600      -0.024619
    -148.500      -0.024249
    -148.400      -0.023862
    -148.300      -0.023458
    -148.200      -0.023036
    -148.100      -0.022597
    -148.000      -0.022140
    -147.900      -0.021666
    -147.800      -0.021176
    -147.700      -0.020669
    -147.600      -0.020145
    -147.500      -0.019607
    -147.400      -0.019053
    -147.300      -0.018485
    -147.200      -0.017902
    -147.100      -0.017306
    -147.000      -0.016697
    -146.900      -0.016074
    -146.800      -0.015439
    -146.700      -0.014792
    -146.600      -0.014133
    -146.500      -0.013463
    -146.400      -0.012782
    -146.300      -0.012090
    -146.200      -0.011387
    -146.100      -0.010675
    -146.000      -0.009953
    -145.900      -0.009222
    -145.800      -0.008481
    -145.700      -0.007732
    -145.600      -0.006974
    -145.500      -0.006209
    -145.400      -0.005436
    -145.300      -0.004655
    -145.200      -0.003869
    -145.100      -0.003076
    -145.000      -0.002279
    -144.900      -0.001477
    -144.800      -0.000671
    -144.700       0.000138
    -144.600       0.000949
    -144.500       0.001762
    -144.400       0.002576
    -144.300       0.003391
    -144.200       0.004207
    -144.100       0.005023
    -144.000       0.005839
    -143.900       0.006655
    -143.800       0.007469
    -143.700       0.008283
    -143.600       0.009094
    -143.500       0.009903
    -143.400       0.010707
    -143.300       0.011508
    -143.200       0.012302
    -143.100       0.013091
    -143.000       0.013872
    -142.900       0.014644
    -142.800       0.015409
    -142.700       0.016164
    -142.600       0.016910
    -142.500       0.017647
    -142.400       0.018374
    -142.300       0.019091
    -142.200       0.019797
    -142.100       0.020494
    -142.000       0.021179
    -141.900       0.021854
    -141.800       0.022516
    -141.700       0.023166
    -141.600       0.023802
    -141.500       0.024425
    -141.400       0.025032
    -141.300       0.025624
    -141.200       0.026199
    -141.100       0.026758
    -141.000       0.027299
    -140.900       0.027823
    -140.800       0.028329
    -140.700       0.028817
    -140.600       0.029286
    -140.500       0.029736
    -140.400       0.030166
    -140.300       0.030576
    -140.200       0.030966
    -140.100       0.031335
    -140.000       0.031682
    -139.900       0.032007
    -139.800       0.032311
    -139.700       0.032591
    -139.600       0.032850
    -139.500       0.033086
    -139.400       0.033299
    -139.300       0.033489
    -139.200       0.033657
    -139.100       0.033801
    -139.000       0.033923
    -138.900       0.034021
    -138.800       0.034096
    -138.700       0.034147
    -138.600       0.034174
    -138.500       0.034177
    -138.400       0.034156
    -138.300       0.034110
    -138.200       0.034039
    -138.100       0.033943
    -138.000       0.033823
    -137.900       0.033678
    -137.800       0.033508
    -137.700       0.033313
    -137.600       0.033092
    -137.500       0.032847
    -137.400       0.032577
    -137.300       0.032281
    -137.200       0.031960
    -137.100       0.031614
    -137.000       0.031242
    -136.900       0.030846
    -136.800       0.030425
    -136.700       0.029980
    -136.600       0.029512
    -136.500       0.029022
    -136.400       0.028510
    -136.300       0.027976
    -136.200       0.027422
    -136.100       0.026848
    -136.000       0.026254
    -135.900       0.025640
    -135.800       0.025007
    -135.700       0.024353
    -135.600       0.023680
    -135.500       0.022986
    -135.400       0.022272
    -135.300       0.021538
    -135.200       0.020783
    -135.100       0.020010
    -135.000       0.019217
    -134.900       0.018407
    -134.800       0.017578
    -134.700       0.016734
    -134.600       0.015874
    -134.500       0.015000
    -134.400       0.014113
    -134.300       0.013213
    -134.200       0.012300
    -134.100       0.011377
    -134.000       0.010443
    -133.900       0.009498
    -133.800       0.008544
    -133.700       0.007580
    -133.600       0.006607
    -133.500       0.005626
    -133.400       0.004637
    -133.300       0.003641
    -133.200       0.002639
    -133.100       0.001632
    -133.000       0.000619
    -132.900      -0.000398
    -132.800      -0.001418
    -132.700      -0.002440
    -132.600      -0.003465
    -132.500      -0.004490
    -132.400      -0.005516
    -132.300      -0.006541
    -132.200      -0.007565
    -132.100      -0.008586
    -132.000      -0.009605
    -131.900      -0.010619
    -131.800      -0.011629
    -131.700      -0.012634
    -131.600      -0.013632
    -131.500      -0.014623
    -131.400      -0.015607
    -131.300      -0.016582
    -131.200      -0.017549
    -131.100      -0.018506
    -131.000      -0.019454
    -130.900      -0.020390
    -130.800      -0.021316
    -130.700      -0.022228
    -130.600      -0.023128
    -130.500      -0.024013
    -130.400      -0.024883
    -130.300      -0.025736
    -130.200      -0.026572
    -130.100      -0.027390
    -130.000      -0.028188
    -129.900      -0.028967
    -129.800      -0.029726
    -129.700      -0.030464
    -129.600      -0.031182
    -129.500      -0.031878
    -129.400      -0.032553
    -129.300      -0.033206
    -129.200      -0.033837
    -129.100      -0.034446
    -129.000      -0.035030
    -128.900      -0.035591
    -128.800      -0.036128
    -128.700      -0.036638
    -128.600      -0.037122
    -128.500      -0.037579
    -128.400      -0.038009
    -128.300      -0.038410
    -128.200      -0.038783
    -128.100      -0.039127
    -128.000      -0.039442
    -127.900      -0.039728
    -127.800      -0.039984
    -127.700      -0.040211
    -127.600      -0.040408
    -127.500      -0.040575
    -127.400      -0.040711
    -127.300      -0.040816
    -127.200      -0.040890
    -127.100      -0.040932
    -127.000      -0.040942
    -126.900      -0.040919
    -126.800      -0.040864
    -126.700      -0.040777
    -126.600      -0.040657
    -126.500      -0.040505
    -126.400      -0.040322
    -126.300      -0.040107
    -126.200      -0.039860
    -126.100      -0.039583
    -126.000      -0.039274
    -125.900      -0.038935
    -125.800      -0.038566
    -125.700      -0.038165
    -125.600      -0.037734
    -125.500      -0.037273
    -125.400      -0.036781
    -125.300      -0.036259
    -125.200      -0.035707
    -125.100      -0.035125
    -125.000      -0.034514
    -124.900      -0.033874
    -124.800      -0.033205
    -124.700      -0.032508
    -124.600      -0.031783
    -124.500      -0.031031
    -124.400      -0.030252
    -124.300      -0.029447
    -124.200      -0.028616
    -124.100      -0.027760
    -124.000      -0.026880
    -123.900      -0.025975
    -123.800      -0.025047
    -123.700      -0.024097
    -123.600      -0.023126
    -123.500      -0.022135
    -123.400      -0.021124
    -123.300      -0.020094
    -123.200      -0.019046
    -123.100      -0.017982
    -123.000      -0.016901
    -122.900      -0.015805
    -122.800      -0.014693
    -122.700      -0.013567
    -122.600      -0.012428
    -122.500      -0.011275
    -122.400      -0.010111
    -122.300      -0.008935
    -122.200      -0.007750
    -122.100      -0.006555
    -122.000      -0.005352
    -121.900      -0.004143
    -121.800      -0.002927
    -121.700      -0.001708
    -121.600      -0.000484
    -121.500       0.000741
    -121.400       0.001969
    -121.300       0.003196
    -121.200       0.004423
    -121.100       0.005649
    -121.000       0.006873
    -120.900       0.008093
    -120.800       0.009309
    -120.700       0.010520
    -120.600       0.011725
    -120.500       0.012922
    -120.400       0.014110
    -120.300       0.015288
    -120.200       0.016455
    -120.100       0.017609
    -120.000       0.018751
    -119.900       0.019877
    -119.800       0.020989
    -119.700       0.022084
    -119.600       0.023162
    -119.500       0.024222
    -119.400       0.025263
    -119.300       0.026285
    -119.200       0.027286
    -119.100       0.028265
    -119.000       0.029223
    -118.900       0.030157
    -118.800       0.031067
    -118.700       0.031952
    -118.600       0.032811
    -118.500       0.033644
    -118.400       0.034449
    -118.300       0.035225
    -118.200       0.035973
    -118.100       0.036691
    -118.000       0.037378
    -117.900       0.038034
    -117.800       0.038659
    -117.700       0.039250
    -117.600       0.039808
    -117.500       0.040332
    -117.400       0.040821
    -117.300       0.041275
    -117.200       0.041693
    -117.100       0.042074
    -117.000       0.042419
    -116.900       0.042728
    -116.800       0.042999
    -116.700       0.043234
    -116.600       0.043432
    -116.500       0.043594
    -116.400       0.043718
    -116.300       0.043805
    -116.200       0.043856
    -116.100       0.043869
    -116.000       0.043845
    -115.900       0.043783
    -115.800       0.043683
    -115.700       0.043544
    -115.600       0.043367
    -115.500       0.043152
    -115.400       0.042898
    -115.300       0.042605
    -115.200       0.042274
    -115.100       0.041905
    -115.000       0.041499
    -114.900       0.041055
    -114.800       0.040575
    -114.700       0.040059
    -114.600       0.039507
    -114.500       0.038922
    -114.400       0.038302
    -114.300       0.037650
    -114.200       0.036965
    -114.100       0.036248
    -114.000       0.035501
    -113.900       0.034724
    -113.800       0.033917
    -113.700       0.033081
    -113.600       0.032216
    -113.500       0.031323
    -113.400       0.030403
    -113.300       0.029455
    -113.200       0.028480
    -113.100       0.027480
    -113.000       0.026454
    -112.900       0.025404
    -112.800       0.024330
    -112.700       0.023234
    -112.600       0.022117
    -112.500       0.020981
    -112.400       0.019827
    -112.300       0.018657
    -112.200       0.017472
    -112.100       0.016273
    -112.000       0.015061
    -111.900       0.013839
    -111.800       0.012607
    -111.700       0.011365
    -111.600       0.010113
    -111.500       0.008854
    -111.400       0.007588
    -111.300       0.006315
    -111.200       0.005036
    -111.100       0.003753
    -111.000       0.002467
    -110.900       0.001179
    -110.800      -0.000110
    -110.700      -0.001399
    -110.600      -0.002684
    -110.500      -0.003967
    -110.400      -0.005243
    -110.300      -0.006514
    -110.200      -0.007776
    -110.100      -0.009030
    -110.000      -0.010274
    -109.900      -0.011506
    -109.800      -0.012727
    -109.700      -0.013936
    -109.600      -0.015131
    -109.500      -0.016312
    -109.400      -0.017477
    -109.300      -0.018627
    -109.200      -0.019760
    -109.100      -0.020874
    -109.000      -0.021970
    -108.900      -0.023045
    -108.800      -0.024100
    -108.700      -0.025132
    -108.600      -0.026141
    -108.500      -0.027126
    -108.400      -0.028086
    -108.300      -0.029019
    -108.200      -0.029926
    -108.100      -0.030804
    -108.000      -0.031654
    -107.900      -0.032474
    -107.800      -0.033263
    -107.700      -0.034022
    -107.600      -0.034750
    -107.500      -0.035446
    -107.400      -0.036111
    -107.300      -0.036743
    -107.200      -0.037342
    -107.100      -0.037910
    -107.000      -0.038444
    -106.900      -0.038946
    -106.800      -0.039414
    -106.700      -0.039848
    -106.600      -0.040249
    -106.500      -0.040614
    -106.400      -0.040944
    -106.300      -0.041239
    -106.200      -0.041498
    -106.100      -0.041721
    -106.000      -0.041907
    -105.900      -0.042056
    -105.800      -0.042168
    -105.700      -0.042245
    -105.600      -0.042285
    -105.500      -0.042289
    -105.400      -0.042257
    -105.300      -0.042190
    -105.200      -0.042087
    -105.100      -0.041949
    -105.000      -0.041776
    -104.900      -0.041567
    -104.800      -0.041324
    -104.700      -0.041046
    -104.600      -0.040733
    -104.500      -0.040386
    -104.400      -0.040005
    -104.300      -0.039592
    -104.200      -0.039146
    -104.100      -0.038669
    -104.000      -0.038162
    -103.900      -0.037625
    -103.800      -0.037060
    -103.700      -0.036466
    -103.600      -0.035845
    -103.500      -0.035196
    -103.400      -0.034520
    -103.300      -0.033818
    -103.200      -0.033089
    -103.100      -0.032334
    -103.000      -0.031554
    -102.900      -0.030749
    -102.800      -0.029919
    -102.700      -0.029065
    -102.600      -0.028189
    -102.500      -0.027291
    -102.400      -0.026372
    -102.300      -0.025434
    -102.200      -0.024477
    -102.100      -0.023503
    -102.000      -0.022512
    -101.900      -0.021506
    -101.800      -0.020484
    -101.700      -0.019449
    -101.600      -0.018401
    -101.500      -0.017340
    -101.400      -0.016269
    -101.300      -0.015187
    -101.200      -0.014095
    -101.100      -0.012996
    -101.000      -0.011890
    -100.900      -0.010778
    -100.800      -0.009661
    -100.700      -0.008540
    -100.600      -0.007416
    -100.500      -0.006290
    -100.400      -0.005162
    -100.300      -0.004033
    -100.200      -0.002905
    -100.100      -0.001777
    -100.000      -0.000650
     -99.900       0.000475
     -99.800       0.001596
     -99.700       0.002714
     -99.600       0.003827
     -99.500       0.004935
     -99.400       0.006036
     -99.300       0.007129
     -99.200       0.008214
     -99.100       0.009290
     -99.000       0.010357
     -98.900       0.011412
     -98.800       0.012456
     -98.700       0.013487
     -98.600       0.014506
     -98.500       0.015509
     -98.400       0.016498
     -98.300       0.017470
     -98.200       0.018424
     -98.100       0.019360
     -98.000       0.020276
     -97.900       0.021171
     -97.800       0.022045
     -97.700       0.022897
     -97.600       0.023728
     -97.500       0.024537
     -97.400       0.025324
     -97.300       0.026089
     -97.200       0.026833
     -97.100       0.027555
     -97.000       0.028256
     -96.900       0.028935
     -96.800       0.029593
     -96.700       0.030228
     -96.600       0.030839
     -96.500       0.031425
     -96.400       0.031985
     -96.300       0.032518
     -96.200       0.033024
     -96.100       0.033502
     -96.000       0.033950
     -95.900       0.034368
     -95.800       0.034756
     -95.700       0.035115
     -95.600       0.035445
     -95.500       0.035745
     -95.400       0.036017
     -95.300       0.036261
     -95.200       0.036476
     -95.100       0.036664
     -95.000       0.036824
     -94.900       0.036956
     -94.800       0.037060
     -94.700       0.037137
     -94.600       0.037185
     -94.500       0.037204
     -94.400       0.037196
     -94.300       0.037158
     -94.200       0.037092
     -94.100       0.036998
     -94.000       0.036876
     -93.900       0.036725
     -93.800       0.036548
     -93.700       0.036343
     -93.600       0.036111
     -93.500       0.035852
     -93.400       0.035568
     -93.300       0.035257
     -93.200       0.034921
     -93.100       0.034560
     -93.000       0.034174
     -92.900       0.033763
     -92.800       0.033329
     -92.700       0.032871
     -92.600       0.032390
     -92.500       0.031886
     -92.400       0.031360
     -92.300       0.030811
     -92.200       0.030241
     -92.100       0.029649
     -92.000       0.029036
     -91.900       0.028403
     -91.800       0.027749
     -91.700       0.027075
     -91.600       0.026383
     -91.500       0.025673
     -91.400       0.024946
     -91.300       0.024202
     -91.200       0.023444
     -91.100       0.022671
     -91.000       0.021885
     -90.900       0.021088
     -90.800       0.020278
     -90.700       0.019457
     -90.600       0.018626
     -90.500       0.017783
     -90.400       0.016930
     -90.300       0.016067
     -90.200       0.015195
     -90.100       0.014313
     -90.000       0.013422
     -89.900       0.012523
     -89.800       0.011616
     -89.700       0.010703
     -89.600       0.009784
     -89.500       0.008862
     -89.400       0.007936
     -89.300       0.007008
     -89.200       0.006079
     -89.100       0.005149
     -89.000       0.004219
     -88.900       0.003290
     -88.800       0.002362
     -88.700       0.001436
     -88.600       0.000511
     -88.500      -0.000411
     -88.400      -0.001330
     -88.300      -0.002245
     -88.200      -0.003156
     -88.100      -0.004062
     -88.000      -0.004962
     -87.900      -0.005855
     -87.800      -0.006741
     -87.700      -0.007618
     -87.600      -0.008485
     -87.500      -0.009342
     -87.400      -0.010189
     -87.300      -0.011024
     -87.200      -0.011847
     -87.100      -0.012658
     -87.000      -0.013456
     -86.900      -0.014242
     -86.800      -0.015013
     -86.700      -0.015772
     -86.600      -0.016516
     -86.500      -0.017245
     -86.400      -0.017959
     -86.300      -0.018659
     -86.200      -0.019342
     -86.100      -0.020009
     -86.000      -0.020660
     -85.900      -0.021293
     -85.800      -0.021909
     -85.700      -0.022507
     -85.600      -0.023087
     -85.500      -0.023647
     -85.400      -0.024187
     -85.300      -0.024707
     -85.200      -0.025205
     -85.100      -0.025683
     -85.000      -0.026138
     -84.900      -0.026570
     -84.800      -0.026980
     -84.700      -0.027366
     -84.600      -0.027731
     -84.500      -0.028072
     -84.400      -0.028391
     -84.300      -0.028688
     -84.200      -0.028962
     -84.100      -0.029215
     -84.000      -0.029446
     -83.900      -0.029656
     -83.800      -0.029843
     -83.700      -0.030009
     -83.600      -0.030152
     -83.500      -0.030273
     -83.400      -0.030371
     -83.300      -0.030445
     -83.200      -0.030496
     -83.100      -0.030523
     -83.000      -0.030527
     -82.900      -0.030507
     -82.800      -0.030464
     -82.700      -0.030398
     -82.600      -0.030310
     -82.500      -0.030199
     -82.400      -0.030066
     -82.300      -0.029912
     -82.200      -0.029736
     -82.100      -0.029538
     -82.000      -0.029319
     -81.900      -0.029079
     -81.800      -0.028817
     -81.700      -0.028534
     -81.600      -0.028231
     -81.500      -0.027907
     -81.400      -0.027562
     -81.300      -0.027197
     -81.200      -0.026813
     -81.100      -0.026410
     -81.000      -0.025989
     -80.900      -0.025549
     -80.800      -0.025092
     -80.700      -0.024617
     -80.600      -0.024127
     -80.500      -0.023620
     -80.400      -0.023098
     -80.300      -0.022561
     -80.200      -0.022010
     -80.100      -0.021445
     -80.000      -0.020866
     -79.900      -0.020275
     -79.800      -0.019671
     -79.700      -0.019055
     -79.600      -0.018428
     -79.500      -0.017789
     -79.400      -0.017140
     -79.300      -0.016479
     -79.200      -0.015808
     -79.100      -0.015127
     -79.000      -0.014435
     -78.900      -0.013734
     -78.800      -0.013023
     -78.700      -0.012305
     -78.600      -0.011579
     -78.500      -0.010846
     -78.400      -0.010108
     -78.300      -0.009365
     -78.200      -0.008619
     -78.100      -0.007869
     -78.000      -0.007119
     -77.900      -0.006367
     -77.800      -0.005615
     -77.700      -0.004863
     -77.600      -0.004111
     -77.500      -0.003359
     -77.400      -0.002608
     -77.300      -0.001857
     -77.200      -0.001108
     -77.100      -0.000360
     -77.000       0.000386
     -76.900       0.001130
     -76.800       0.001871
     -76.700       0.002608
     -76.600       0.003340
     -76.500       0.004067
     -76.400       0.004788
     -76.300       0.005501
     -76.200       0.006207
     -76.100       0.006905
     -76.000       0.007594
     -75.900       0.008273
     -75.800       0.008943
     -75.700       0.009604
     -75.600       0.010254
     -75.500       0.010895
     -75.400       0.011524
     -75.300       0.012143
     -75.200       0.012751
     -75.100       0.013347
     -75.000       0.013932
     -74.900       0.014504
     -74.800       0.015062
     -74.700       0.015608
     -74.600       0.016139
     -74.500       0.016655
     -74.400       0.017156
     -74.300       0.017640
     -74.200       0.018108
     -74.100       0.018559
     -74.000       0.018993
     -73.900       0.019408
     -73.800       0.019806
     -73.700       0.020185
     -73.600       0.020546
     -73.500       0.020890
     -73.400       0.021216
     -73.300       0.021525
     -73.200       0.021816
     -73.100       0.022091
     -73.000       0.022350
     -72.900       0.022592
     -72.800       0.022819
     -72.700       0.023028
     -72.600       0.023220
     -72.500       0.023395
     -72.400       0.023551
     -72.300       0.023688
     -72.200       0.023806
     -72.100       0.023904
     -72.000       0.023982
     -71.900       0.024039
     -71.800       0.024074
     -71.700       0.024090
     -71.600       0.024085
     -71.500       0.024060
     -71.400       0.024017
     -71.300       0.023954
     -71.200       0.023874
     -71.100       0.023775
     -71.000       0.023659
     -70.900       0.023527
     -70.800       0.023378
     -70.700       0.023212
     -70.600       0.023029
     -70.500       0.022830
     -70.400       0.022615
     -70.300       0.022383
     -70.200       0.022136
     -70.100       0.021872
     -70.000       0.021594
     -69.900       0.021300
     -69.800       0.020991
     -69.700       0.020668
     -69.600       0.020331
     -69.500       0.019981
     -69.400       0.019616
     -69.300       0.019239
     -69.200       0.018849
     -69.100       0.018446
     -69.000       0.018031
     -68.900       0.017603
     -68.800       0.017164
     -68.700       0.016713
     -68.600       0.016251
     -68.500       0.015778
     -68.400       0.015294
     -68.300       0.014800
     -68.200       0.014296
     -68.100       0.013783
     -68.000       0.013261
     -67.900       0.012730
     -67.800       0.012192
     -67.700       0.011647
     -67.600       0.011095
     -67.500       0.010538
     -67.400       0.009976
     -67.300       0.009410
     -67.200       0.008841
     -67.100       0.008270
     -67.000       0.007697
     -66.900       0.007124
     -66.800       0.006549
     -66.700       0.005974
     -66.600       0.005399
     -66.500       0.004822
     -66.400       0.004245
     -66.300       0.003666
     -66.200       0.003086
     -66.100       0.002505
     -66.000       0.001923
     -65.900       0.001340
     -65.800       0.000757
     -65.700       0.000175
     -65.600      -0.000406
     -65.500      -0.000984
     -65.400      -0.001559
     -65.300      -0.002129
     -65.200      -0.002694
     -65.100      -0.003253
     -65.000      -0.003805
     -64.900      -0.004350
     -64.800      -0.004888
     -64.700      -0.005418
     -64.600      -0.005941
     -64.500      -0.006457
     -64.400      -0.006965
     -64.300      -0.007465
     -64.200      -0.007957
     -64.100      -0.008441
     -64.000      -0.008916
     -63.900      -0.009383
     -63.800      -0.009839
     -63.700      -0.010286
     -63.600      -0.010723
     -63.500      -0.011150
     -63.400      -0.011565
     -63.300      -0.011970
     -63.200      -0.012363
     -63.100      -0.012746
     -63.000      -0.013117
     -62.900      -0.013477
     -62.800      -0.013826
     -62.700      -0.014163
     -62.600      -0.014490
     -62.500      -0.014804
     -62.400      -0.015107
     -62.300      -0.015399
     -62.200      -0.015678
     -62.100      -0.015945
     -62.000      -0.016199
     -61.900      -0.016441
     -61.800      -0.016670
     -61.700      -0.016887
     -61.600      -0.017090
     -61.500      -0.017279
     -61.400      -0.017455
     -61.300      -0.017616
     -61.200      -0.017764
     -61.100      -0.017897
     -61.000      -0.018015
     -60.900      -0.018119
     -60.800      -0.018208
     -60.700      -0.018282
     -60.600      -0.018343
     -60.500      -0.018390
     -60.400      -0.018424
     -60.300      -0.018445
     -60.200      -0.018454
     -60.100      -0.018452
     -60.000      -0.018438
     -59.900      -0.018413
     -59.800      -0.018377
     -59.700      -0.018330
     -59.600      -0.018271
     -59.500      -0.018202
     -59.400      -0.018121
     -59.300      -0.018029
     -59.200      -0.017925
     -59.100      -0.017810
     -59.000      -0.017684
     -58.900      -0.017546
     -58.800      -0.017398
     -58.700      -0.017238
     -58.600      -0.017067
     -58.500      -0.016886
     -58.400      -0.016695
     -58.300      -0.016492
     -58.200      -0.016280
     -58.100      -0.016056
     -58.000      -0.015823
     -57.900      -0.015578
     -57.800      -0.015324
     -57.700      -0.015059
     -57.600      -0.014786
     -57.500      -0.014503
     -57.400      -0.014213
     -57.300      -0.013916
     -57.200      -0.013612
     -57.100      -0.013303
     -57.000      -0.012989
     -56.900      -0.012671
     -56.800      -0.012349
     -56.700      -0.012023
     -56.600      -0.011693
     -56.500      -0.011358
     -56.400      -0.011020
     -56.300      -0.010676
     -56.200      -0.010329
     -56.100      -0.009976
     -56.000      -0.009617
     -55.900      -0.009254
     -55.800      -0.008886
     -55.700      -0.008513
     -55.600      -0.008136
     -55.500      -0.007755
     -55.400      -0.007371
     -55.300      -0.006984
     -55.200      -0.006595
     -55.100      -0.006203
     -55.000      -0.005809
     -54.900      -0.005414
     -54.800      -0.005017
     -54.700      -0.004620
     -54.600      -0.004222
     -54.500      -0.003824
     -54.400      -0.003426
     -54.300      -0.003029
     -54.200      -0.002633
     -54.100      -0.002238
     -54.000      -0.001846
     -53.900      -0.001456
     -53.800      -0.001069
     -53.700      -0.000684
     -53.600      -0.000302
     -53.500       0.000077
     -53.400       0.000453
     -53.300       0.000827
     -53.200       0.001198
     -53.100       0.001566
     -53.000       0.001931
     -52.900       0.002293
     -52.800       0.002652
     -52.700       0.003009
     -52.600       0.003362
     -52.500       0.003712
     -52.400       0.004059
     -52.300       0.004403
     -52.200       0.004743
     -52.100       0.005081
     -52.000       0.005416
     -51.900       0.005748
     -51.800       0.006077
     -51.700       0.006401
     -51.600       0.006721
     -51.500       0.007036
     -51.400       0.007344
     -51.300       0.007646
     -51.200       0.007941
     -51.100       0.008227
     -51.000       0.008504
     -50.900       0.008771
     -50.800       0.009030
     -50.700       0.009279
     -50.600       0.009521
     -50.500       0.009755
     -50.400       0.009983
     -50.300       0.010205
     -50.200       0.010421
     -50.100       0.010633
     -50.000       0.010842
     -49.900       0.011046
     -49.800       0.011247
     -49.700       0.011444
     -49.600       0.011635
     -49.500       0.011821
     -49.400       0.012000
     -49.300       0.012173
     -49.200       0.012338
     -49.100       0.012495
     -49.000       0.012643
     -48.900       0.012783
     -48.800       0.012914
     -48.700       0.013037
     -48.600       0.013152
     -48.500       0.013259
     -48.400       0.013358
     -48.300       0.013449
     -48.200       0.013533
     -48.100       0.013610
     -48.000       0.013680
     -47.900       0.013743
     -47.800       0.013799
     -47.700       0.013847
     -47.600       0.013888
     -47.500       0.013922
     -47.400       0.013948
     -47.300       0.013967
     -47.200       0.013978
     -47.100       0.013982
     -47.000       0.013979
     -46.900       0.013968
     -46.800       0.013950
     -46.700       0.013925
     -46.600       0.013893
     -46.500       0.013854
     -46.400       0.013810
     -46.300       0.013759
     -46.200       0.013702
     -46.100       0.013640
     -46.000       0.013573
     -45.900       0.013500
     -45.800       0.013422
     -45.700       0.013339
     -45.600       0.013250
     -45.500       0.013154
     -45.400       0.013052
     -45.300       0.012943
     -45.200       0.012826
     -45.100       0.012700
     -45.000       0.012566
     -44.900       0.012423
     -44.800       0.012271
     -44.700       0.012111
     -44.600       0.011944
     -44.500       0.011769
     -44.400       0.011588
     -44.300       0.011402
     -44.200       0.011211
     -44.100       0.011015
     -44.000       0.010816
     -43.900       0.010614
     -43.800       0.010409
     -43.700       0.010201
     -43.600       0.009989
     -43.500       0.009774
     -43.400       0.009554
     -43.300       0.009329
     -43.200       0.009100
     -43.100       0.008866
     -43.000       0.008626
     -42.900       0.008380
     -42.800       0.008129
     -42.700       0.007873
     -42.600       0.007611
     -42.500       0.007345
     -42.400       0.007074
     -42.300       0.006799
     -42.200       0.006519
     -42.100       0.006234
     -42.000       0.005946
     -41.900       0.005653
     -41.800       0.005355
     -41.700       0.005054
     -41.600       0.004750
     -41.500       0.004442
     -41.400       0.004131
     -41.300       0.003817
     -41.200       0.003501
     -41.100       0.003183
     -41.000       0.002863
     -40.900       0.002542
     -40.800       0.002219
     -40.700       0.001895
     -40.600       0.001571
     -40.500       0.001245
     -40.400       0.000918
     -40.300       0.000590
     -40.200       0.000261
     -40.100      -0.000068
     -40.000      -0.000398
     -39.900      -0.000729
     -39.800      -0.001060
     -39.700      -0.001391
     -39.600      -0.001722
     -39.500      -0.002054
     -39.400      -0.002386
     -39.300      -0.002719
     -39.200      -0.003053
     -39.100      -0.003387
     -39.000      -0.003722
     -38.900      -0.004059
     -38.800      -0.004396
     -38.700      -0.004733
     -38.600      -0.005070
     -38.500      -0.005405
     -38.400      -0.005739
     -38.300      -0.006071
     -38.200      -0.006399
     -38.100      -0.006724
     -38.000      -0.007044
     -37.900      -0.007358
     -37.800      -0.007668
     -37.700      -0.007972
     -37.600      -0.008271
     -37.500      -0.008565
     -37.400      -0.008855
     -37.300      -0.009140
     -37.200      -0.009420
     -37.100      -0.009697
     -37.000      -0.009970
     -36.900      -0.010239
     -36.800      -0.010504
     -36.700      -0.010765
     -36.600      -0.011022
     -36.500      -0.011274
     -36.400      -0.011521
     -36.300      -0.011762
     -36.200      -0.011998
     -36.100      -0.012228
     -36.000      -0.012452
     -35.900      -0.012670
     -35.800      -0.012881
     -35.700      -0.013085
     -35.600      -0.013281
     -35.500      -0.013469
     -35.400      -0.013650
     -35.300      -0.013822
     -35.200      -0.013984
     -35.100      -0.014138
     -35.000      -0.014281
     -34.900      -0.014414
     -34.800      -0.014538
     -34.700      -0.014651
     -34.600      -0.014754
     -34.500      -0.014847
     -34.400      -0.014930
     -34.300      -0.015003
     -34.200      -0.015066
     -34.100      -0.015120
     -34.000      -0.015164
     -33.900      -0.015198
     -33.800      -0.015222
     -33.700      -0.015236
     -33.600      -0.015240
     -33.500      -0.015234
     -33.400      -0.015217
     -33.300      -0.015191
     -33.200      -0.015155
     -33.100      -0.015108
     -33.000      -0.015053
     -32.900      -0.014987
     -32.800      -0.014912
     -32.700      -0.014826
     -32.600      -0.014731
     -32.500      -0.014624
     -32.400      -0.014506
     -32.300      -0.014377
     -32.200      -0.014236
     -32.100      -0.014082
     -32.000      -0.013914
     -31.900      -0.013734
     -31.800      -0.013540
     -31.700      -0.013333
     -31.600      -0.013115
     -31.500      -0.012884
     -31.400      -0.012642
     -31.300      -0.012390
     -31.200      -0.012127
     -31.100      -0.011855
     -31.000      -0.011574
     -30.900      -0.011285
     -30.800      -0.010988
     -30.700      -0.010682
     -30.600      -0.010368
     -30.500      -0.010045
     -30.400      -0.009713
     -30.300      -0.009373
     -30.200      -0.009025
     -30.100      -0.008667
     -30.000      -0.008302
     -29.900      -0.007928
     -29.800      -0.007546
     -29.700      -0.007156
     -29.600      -0.006759
     -29.500      -0.006355
     -29.400      -0.005944
     -29.300      -0.005527
     -29.200      -0.005103
     -29.100      -0.004673
     -29.000      -0.004237
     -28.900      -0.003795
     -28.800      -0.003348
     -28.700      -0.002896
     -28.600      -0.002439
     -28.500      -0.001978
     -28.400      -0.001512
     -28.300      -0.001043
     -28.200      -0.000570
     -28.100      -0.000093
     -28.000       0.000386
     -27.900       0.000867
     -27.800       0.001351
     -27.700       0.001836
     -27.600       0.002321
     -27.500       0.002806
     -27.400       0.003290
     -27.300       0.003773
     -27.200       0.004252
     -27.100       0.004728
     -27.000       0.005200
     -26.900       0.005667
     -26.800       0.006128
     -26.700       0.006584
     -26.600       0.007036
     -26.500       0.007483
     -26.400       0.007926
     -26.300       0.008365
     -26.200       0.008800
     -26.100       0.009233
     -26.000       0.009664
     -25.900       0.010092
     -25.800       0.010516
     -25.700       0.010937
     -25.600       0.011353
     -25.500       0.011762
     -25.400       0.012164
     -25.300       0.012557
     -25.200       0.012940
     -25.100       0.013312
     -25.000       0.013672
     -24.900       0.014018
     -24.800       0.014351
     -24.700       0.014671
     -24.600       0.014978
     -24.500       0.015272
     -24.400       0.015554
     -24.300       0.015822
     -24.200       0.016079
     -24.100       0.016323
     -24.000       0.016555
     -23.900       0.016776
     -23.800       0.016984
     -23.700       0.017180
     -23.600       0.017364
     -23.500       0.017534
     -23.400       0.017692
     -23.300       0.017836
     -23.200       0.017966
     -23.100       0.018083
     -23.000       0.018185
     -22.900       0.018273
     -22.800       0.018347
     -22.700       0.018406
     -22.600       0.018450
     -22.500       0.018480
     -22.400       0.018494
     -22.300       0.018492
     -22.200       0.018475
     -22.100       0.018442
     -22.000       0.018394
     -21.900       0.018330
     -21.800       0.018249
     -21.700       0.018153
     -21.600       0.018042
     -21.500       0.017914
     -21.400       0.017770
     -21.300       0.017611
     -21.200       0.017436
     -21.100       0.017245
     -21.000       0.017038
     -20.900       0.016816
     -20.800       0.016578
     -20.700       0.016325
     -20.600       0.016058
     -20.500       0.015778
     -20.400       0.015484
     -20.300       0.015178
     -20.200       0.014860
     -20.100       0.014531
     -20.000       0.014191
     -19.900       0.013841
     -19.800       0.013481
     -19.700       0.013111
     -19.600       0.012730
     -19.500       0.012338
     -19.400       0.011936
     -19.300       0.011522
     -19.200       0.011097
     -19.100       0.010661
     -19.000       0.010214
     -18.900       0.009756
     -18.800       0.009286
     -18.700       0.008807
     -18.600       0.008319
     -18.500       0.007822
     -18.400       0.007317
     -18.300       0.006805
     -18.200       0.006287
     -18.100       0.005763
     -18.000       0.005234
     -17.900       0.004700
     -17.800       0.004162
     -17.700       0.003619
     -17.600       0.003074
     -17.500       0.002525
     -17.400       0.001974
     -17.300       0.001421
     -17.200       0.000867
     -17.100       0.000313
     -17.000      -0.000241
     -16.900      -0.000794
     -16.800      -0.001346
     -16.700      -0.001896
     -16.600      -0.002444
     -16.500      -0.002991
     -16.400      -0.003536
     -16.300      -0.004078
     -16.200      -0.004618
     -16.100      -0.005155
     -16.000      -0.005689
     -15.900      -0.006221
     -15.800      -0.006750
     -15.700      -0.007274
     -15.600      -0.007794
     -15.500      -0.008308
     -15.400      -0.008817
     -15.300      -0.009319
     -15.200      -0.009814
     -15.100      -0.010301
     -15.000      -0.010779
     -14.900      -0.011249
     -14.800      -0.011710
     -14.700      -0.012160
     -14.600      -0.012601
     -14.500      -0.013030
     -14.400      -0.013449
     -14.300      -0.013856
     -14.200      -0.014250
     -14.100      -0.014632
     -14.000      -0.015001
     -13.900      -0.015357
     -13.800      -0.015699
     -13.700      -0.016028
     -13.600      -0.016343
     -13.500      -0.016644
     -13.400      -0.016932
     -13.300      -0.017205
     -13.200      -0.017465
     -13.100      -0.017711
     -13.000      -0.017942
     -12.900      -0.018160
     -12.800      -0.018362
     -12.700      -0.018550
     -12.600      -0.018723
     -12.500      -0.018881
     -12.400      -0.019023
     -12.300      -0.019150
     -12.200      -0.019262
     -12.100      -0.019358
     -12.000      -0.019440
     -11.900      -0.019506
     -11.800      -0.019557
     -11.700      -0.019593
     -11.600      -0.019613
     -11.500      -0.019617
     -11.400      -0.019604
     -11.300      -0.019574
     -11.200      -0.019526
     -11.100      -0.019459
     -11.000      -0.019374
     -10.900      -0.019270
     -10.800      -0.019146
     -10.700      -0.019005
     -10.600      -0.018845
     -10.500      -0.018669
     -10.400      -0.018477
     -10.300      -0.018270
     -10.200      -0.018048
     -10.100      -0.017813
     -10.000      -0.017566
      -9.900      -0.017308
      -9.800      -0.017038
      -9.700      -0.016757
      -9.600      -0.016464
      -9.500      -0.016160
      -9.400      -0.015843
      -9.300      -0.015515
      -9.200      -0.015173
      -9.100      -0.014820
      -9.000      -0.014453
      -8.900      -0.014073
      -8.800      -0.013680
      -8.700      -0.013275
      -8.600      -0.012857
      -8.500      -0.012428
      -8.400      -0.011988
      -8.300      -0.011537
      -8.200      -0.011075
      -8.100      -0.010603
      -8.000      -0.010122
      -7.900      -0.009632
      -7.800      -0.009134
      -7.700      -0.008629
      -7.600      -0.008117
      -7.500      -0.007599
      -7.400      -0.007077
      -7.300      -0.006550
      -7.200      -0.006020
      -7.100      -0.005487
      -7.000      -0.004952
      -6.900      -0.004415
      -6.800      -0.003876
      -6.700      -0.003336
      -6.600      -0.002795
      -6.500      -0.002253
      -6.400      -0.001710
      -6.300      -0.001167
      -6.200      -0.000624
      -6.100      -0.000081
      -6.000       0.000461
      -5.900       0.001001
      -5.800       0.001539
      -5.700       0.002075
      -5.600       0.002607
      -5.500       0.003137
      -5.400       0.003663
      -5.300       0.004185
      -5.200       0.004703
      -5.100       0.005217
      -5.000       0.005727
      -4.900       0.006232
      -4.800       0.006733
      -4.700       0.007228
      -4.600       0.007716
      -4.500       0.008197
      -4.400       0.008669
      -4.300       0.009132
      -4.200       0.009584
      -4.100       0.010025
      -4.000       0.010453
      -3.900       0.010868
      -3.800       0.011269
      -3.700       0.011658
      -3.600       0.012033
      -3.500       0.012395
      -3.400       0.012744
      -3.300       0.013081
      -3.200       0.013406
      -3.100       0.013718
      -3.000       0.014018
      -2.900       0.014306
      -2.800       0.014582
      -2.700       0.014845
      -2.600       0.015095
      -2.500       0.015332
      -2.400       0.015555
      -2.300       0.015765
      -2.200       0.015960
      -2.100       0.016141
      -2.000       0.016308
      -1.900       0.016460
      -1.800       0.016597
      -1.700       0.016719
      -1.600       0.016825
      -1.500       0.016915
      -1.400       0.016989
      -1.300       0.017046
      -1.200       0.017087
      -1.100       0.017110
      -1.000       0.017116
      -0.900       0.017104
      -0.800       0.017076
      -0.700       0.017030
      -0.600       0.016969
      -0.500       0.016891
      -0.400       0.016798
      -0.300       0.016690
      -0.200       0.016567
      -0.100       0.016430
       0.000       0.016280
       0.100       0.016115
       0.200       0.015938
       0.300       0.015747
       0.400       0.015543
       0.500       0.015326
       0.600       0.015096
       0.700       0.014855
       0.800       0.014601
       0.900       0.014336
       1.000       0.014061
       1.100       0.013775
       1.200       0.013478
       1.300       0.013171
       1.400       0.012855
       1.500       0.012527
       1.600       0.012190
       1.700       0.011842
       1.800       0.011483
       1.900       0.011114
       2.000       0.010734
       2.100       0.010343
       2.200       0.009942
       2.300       0.009532
       2.400       0.009113
       2.500       0.008688
       2.600       0.008255
       2.700       0.007818
       2.800       0.007376
       2.900       0.006930
       3.000       0.006482
       3.100       0.006032
       3.200       0.005580
       3.300       0.005128
       3.400       0.004674
       3.500       0.004220
       3.600       0.003765
       3.700       0.003311
       3.800       0.002857
       3.900       0.002404
       4.000       0.001952
       4.100       0.001502
       4.200       0.001054
       4.300       0.000608
       4.400       0.000163
       4.500      -0.000278
       4.600      -0.000718
       4.700      -0.001154
       4.800      -0.001588
       4.900      -0.002020
       5.000      -0.002448
       5.100      -0.002873
       5.200      -0.003294
       5.300      -0.003710
       5.400      -0.004120
       5.500      -0.004524
       5.600      -0.004921
       5.700      -0.005309
       5.800      -0.005688
       5.900      -0.006057
       6.000      -0.006416
       6.100      -0.006764
       6.200      -0.007102
       6.300      -0.007428
       6.400      -0.007744
       6.500      -0.008048
       6.600      -0.008342
       6.700      -0.008624
       6.800      -0.008895
       6.900      -0.009154
       7.000      -0.009402
       7.100      -0.009638
       7.200      -0.009861
       7.300      -0.010072
       7.400      -0.010272
       7.500      -0.010459
       7.600      -0.010635
       7.700      -0.010799
       7.800      -0.010951
       7.900      -0.011093
       8.000      -0.011224
       8.100      -0.011344
       8.200      -0.011454
       8.300      -0.011553
       8.400      -0.011640
       8.500      -0.011716
       8.600      -0.011779
       8.700      -0.011828
       8.800      -0.011865
       8.900      -0.011888
       9.000      -0.011896
       9.100      -0.011890
       9.200      -0.011869
       9.300      -0.011834
       9.400      -0.011786
       9.500      -0.011725
       9.600      -0.011651
       9.700      -0.011564
       9.800      -0.011467
       9.900      -0.011358
      10.000      -0.011238
      10.100      -0.011108
      10.200      -0.010969
      10.300      -0.010821
      10.400      -0.010663
      10.500      -0.010498
      10.600      -0.010323
      10.700      -0.010141
      10.800      -0.009952
      10.900      -0.009754
      11.000      -0.009550
      11.100      -0.009339
      11.200      -0.009120
      11.300      -0.008894
      11.400      -0.008661
      11.500      -0.008421
      11.600      -0.008174
      11.700      -0.007921
      11.800      -0.007660
      11.900      -0.007394
      12.000      -0.007121
      12.100      -0.006843
      12.200      -0.006561
      12.300      -0.006274
      12.400      -0.005983
      12.500      -0.005690
      12.600      -0.005394
      12.700      -0.005096
      12.800      -0.004796
      12.900      -0.004494
      13.000      -0.004191
      13.100      -0.003886
      13.200      -0.003581
      13.300      -0.003275
      13.400      -0.002969
      13.500      -0.002663
      13.600      -0.002359
      13.700      -0.002056
      13.800      -0.001756
      13.900      -0.001458
      14.000      -0.001165
      14.100      -0.000876
      14.200      -0.000592
      14.300      -0.000312
      14.400      -0.000037
      14.500       0.000234
      14.600       0.000500
      14.700       0.000762
      14.800       0.001020
      14.900       0.001274
      15.000       0.001524
      15.100       0.001771
      15.200       0.002014
      15.300       0.002252
      15.400       0.002486
      15.500       0.002714
      15.600       0.002936
      15.700       0.003153
      15.800       0.003362
      15.900       0.003565
      16.000       0.003760
      16.100       0.003947
      16.200       0.004127
      16.300       0.004298
      16.400       0.004460
      16.500       0.004614
      16.600       0.004758
      16.700       0.004893
      16.800       0.005019
      16.900       0.005136
      17.000       0.005243
      17.100       0.005341
      17.200       0.005429
      17.300       0.005508
      17.400       0.005579
      17.500       0.005642
      17.600       0.005697
      17.700       0.005744
      17.800       0.005784
      17.900       0.005817
      18.000       0.005843
      18.100       0.005862
      18.200       0.005874
      18.300       0.005879
      18.400       0.005877
      18.500       0.005868
      18.600       0.005851
      18.700       0.005828
      18.800       0.005797
      18.900       0.005760
      19.000       0.005716
      19.100       0.005666
      19.200       0.005610
      19.300       0.005547
      19.400       0.005477
      19.500       0.005401
      19.600       0.005318
      19.700       0.005228
      19.800       0.005131
      19.900       0.005026
      20.000       0.004914
      20.100       0.004794
      20.200       0.004667
      20.300       0.004534
      20.400       0.004396
      20.500       0.004253
      20.600       0.004107
      20.700       0.003958
      20.800       0.003808
      20.900       0.003658
      21.000       0.003507
      21.100       0.003357
      21.200       0.003207
      21.300       0.003057
      21.400       0.002907
      21.500       0.002756
      21.600       0.002605
      21.700       0.002452
      21.800       0.002298
      21.900       0.002142
      22.000       0.001985
      22.100       0.001825
      22.200       0.001665
      22.300       0.001504
      22.400       0.001343
      22.500       0.001182
      22.600       0.001022
      22.700       0.000862
      22.800       0.000704
      22.900       0.000546
      23.000       0.000390
      23.100       0.000235
      23.200       0.000082
      23.300      -0.000069
      23.400      -0.000216
      23.500      -0.000361
      23.600      -0.000501
      23.700      -0.000637
      23.800      -0.000767
      23.900      -0.000893
      24.000      -0.001013
      24.100      -0.001128
      24.200      -0.001236
      24.300      -0.001340
      24.400      -0.001438
      24.500      -0.001532
      24.600      -0.001620
      24.700      -0.001703
      24.800      -0.001782
      24.900      -0.001856
      25.000      -0.001925
      25.100      -0.001989
      25.200      -0.002049
      25.300      -0.002103
      25.400      -0.002152
      25.500      -0.002196
      25.600      -0.002234
      25.700      -0.002269
      25.800      -0.002299
      25.900      -0.002324
      26.000      -0.002346
      26.100      -0.002364
      26.200      -0.002377
      26.300      -0.002386
      26.400      -0.002389
      26.500      -0.002385
      26.600      -0.002375
      26.700      -0.002357
      26.800      -0.002331
      26.900      -0.002298
      27.000      -0.002256
      27.100      -0.002206
      27.200      -0.002149
      27.300      -0.002086
      27.400      -0.002018
      27.500      -0.001944
      27.600      -0.001867
      27.700      -0.001787
      27.800      -0.001703
      27.900      -0.001617
      28.000      -0.001529
      28.100      -0.001439
      28.200      -0.001345
      28.300      -0.001249
      28.400      -0.001149
      28.500      -0.001044
      28.600      -0.000936
      28.700      -0.000824
      28.800      -0.000709
      28.900      -0.000590
      29.000      -0.000469
      29.100      -0.000346
      29.200      -0.000221
      29.300      -0.000095
      29.400       0.000032
      29.500       0.000161
      29.600       0.000291
      29.700       0.000423
      29.800       0.000556
      29.900       0.000690
      30.000       0.000827
      30.100       0.000965
      30.200       0.001105
      30.300       0.001247
      30.400       0.001389
      30.500       0.001532
      30.600       0.001675
      30.700       0.001818
      30.800       0.001960
      30.900       0.002100
      31.000       0.002238
      31.100       0.002373
      31.200       0.002506
      31.300       0.002637
      31.400       0.002764
      31.500       0.002888
      31.600       0.003008
      31.700       0.003125
      31.800       0.003238
      31.900       0.003346
      32.000       0.003450
      32.100       0.003550
      32.200       0.003644
      32.300       0.003735
      32.400       0.003821
      32.500       0.003904
      32.600       0.003984
      32.700       0.004060
      32.800       0.004133
      32.900       0.004203
      33.000       0.004270
      33.100       0.004335
      33.200       0.004396
      33.300       0.004453
      33.400       0.004505
      33.500       0.004552
      33.600       0.004594
      33.700       0.004629
      33.800       0.004657
      33.900       0.004678
      34.000       0.004692
      34.100       0.004698
      34.200       0.004698
      34.300       0.004690
      34.400       0.004676
      34.500       0.004655
      34.600       0.004628
      34.700       0.004594
      34.800       0.004554
      34.900       0.004508
      35.000       0.004455
      35.100       0.004396
      35.200       0.004329
      35.300       0.004257
      35.400       0.004178
      35.500       0.004093
      35.600       0.004002
      35.700       0.003906
      35.800       0.003806
      35.900       0.003700
      36.000       0.003591
      36.100       0.003479
      36.200       0.003363
      36.300       0.003243
      36.400       0.003118
      36.500       0.002990
      36.600       0.002856
      36.700       0.002718
      36.800       0.002573
      36.900       0.002423
      37.000       0.002267
      37.100       0.002104
      37.200       0.001935
      37.300       0.001760
      37.400       0.001580
      37.500       0.001394
      37.600       0.001205
      37.700       0.001011
      37.800       0.000814
      37.900       0.000613
      38.000       0.000410
      38.100       0.000204
      38.200      -0.000004
      38.300      -0.000213
      38.400      -0.000424
      38.500      -0.000636
      38.600      -0.000848
      38.700      -0.001061
      38.800      -0.001273
      38.900      -0.001485
      39.000      -0.001697
      39.100      -0.001907
      39.200      -0.002116
      39.300      -0.002325
      39.400      -0.002534
      39.500      -0.002742
      39.600      -0.002951
      39.700      -0.003159
      39.800      -0.003367
      39.900      -0.003576
      40.000      -0.003785
      40.100      -0.003993
      40.200      -0.004201
      40.300      -0.004408
      40.400      -0.004613
      40.500      -0.004816
      40.600      -0.005016
      40.700      -0.005212
      40.800      -0.005405
      40.900      -0.005593
      41.000      -0.005778
      41.100      -0.005958
      41.200      -0.006133
      41.300      -0.006304
      41.400      -0.006471
      41.500      -0.006632
      41.600      -0.006788
      41.700      -0.006939
      41.800      -0.007083
      41.900      -0.007222
      42.000      -0.007354
      42.100      -0.007479
      42.200      -0.007597
      42.300      -0.007709
      42.400      -0.007813
      42.500      -0.007911
      42.600      -0.008002
      42.700      -0.008086
      42.800      -0.008164
      42.900      -0.008235
      43.000      -0.008300
      43.100      -0.008358
      43.200      -0.008409
      43.300      -0.008454
      43.400      -0.008492
      43.500      -0.008524
      43.600      -0.008548
      43.700      -0.008564
      43.800      -0.008574
      43.900      -0.008576
      44.000      -0.008571
      44.100      -0.008559
      44.200      -0.008539
      44.300      -0.008511
      44.400      -0.008474
      44.500      -0.008429
      44.600      -0.008375
      44.700      -0.008311
      44.800      -0.008239
      44.900      -0.008156
      45.000      -0.008064
      45.100      -0.007961
      45.200      -0.007849
      45.300      -0.007729
      45.400      -0.007600
      45.500      -0.007463
      45.600      -0.007319
      45.700      -0.007169
      45.800      -0.007013
      45.900      -0.006851
      46.000      -0.006684
      46.100      -0.006512
      46.200      -0.006335
      46.300      -0.006153
      46.400      -0.005965
      46.500      -0.005770
      46.600      -0.005570
      46.700      -0.005363
      46.800      -0.005149
      46.900      -0.004929
      47.000      -0.004702
      47.100      -0.004469
      47.200      -0.004230
      47.300      -0.003984
      47.400      -0.003733
      47.500      -0.003477
      47.600      -0.003216
      47.700      -0.002950
      47.800      -0.002680
      47.900      -0.002405
      48.000      -0.002126
      48.100      -0.001843
      48.200      -0.001556
      48.300      -0.001266
      48.400      -0.000973
      48.500      -0.000678
      48.600      -0.000381
      48.700      -0.000082
      48.800       0.000218
      48.900       0.000519
      49.000       0.000820
      49.100       0.001120
      49.200       0.001421
      49.300       0.001720
      49.400       0.002019
      49.500       0.002318
      49.600       0.002615
      49.700       0.002911
      49.800       0.003205
      49.900       0.003498
      50.000       0.003789
      50.100       0.004078
      50.200       0.004365
      50.300       0.004649
      50.400       0.004932
      50.500       0.005212
      50.600       0.005490
      50.700       0.005766
      50.800       0.006039
      50.900       0.006311
      51.000       0.006580
      51.100       0.006847
      51.200       0.007110
      51.300       0.007370
      51.400       0.007624
      51.500       0.007873
      51.600       0.008115
      51.700       0.008350
      51.800       0.008577
      51.900       0.008795
      52.000       0.009005
      52.100       0.009204
      52.200       0.009395
      52.300       0.009577
      52.400       0.009751
      52.500       0.009918
      52.600       0.010077
      52.700       0.010229
      52.800       0.010373
      52.900       0.010512
      53.000       0.010643
      53.100       0.010768
      53.200       0.010885
      53.300       0.010995
      53.400       0.011097
      53.500       0.011191
      53.600       0.011276
      53.700       0.011352
      53.800       0.011419
      53.900       0.011477
      54.000       0.011525
      54.100       0.011564
      54.200       0.011593
      54.300       0.011612
      54.400       0.011622
      54.500       0.011621
      54.600       0.011611
      54.700       0.011590
      54.800       0.011559
      54.900       0.011517
      55.000       0.011465
      55.100       0.011402
      55.200       0.011330
      55.300       0.011247
      55.400       0.011154
      55.500       0.011052
      55.600       0.010940
      55.700       0.010819
      55.800       0.010689
      55.900       0.010551
      56.000       0.010404
      56.100       0.010248
      56.200       0.010084
      56.300       0.009912
      56.400       0.009732
      56.500       0.009543
      56.600       0.009348
      56.700       0.009144
      56.800       0.008933
      56.900       0.008715
      57.000       0.008490
      57.100       0.008257
      57.200       0.008017
      57.300       0.007770
      57.400       0.007515
      57.500       0.007253
      57.600       0.006983
      57.700       0.006706
      57.800       0.006422
      57.900       0.006131
      58.000       0.005833
      58.100       0.005529
      58.200       0.005219
      58.300       0.004904
      58.400       0.004584
      58.500       0.004260
      58.600       0.003933
      58.700       0.003601
      58.800       0.003267
      58.900       0.002929
      59.000       0.002589
      59.100       0.002245
      59.200       0.001899
      59.300       0.001550
      59.400       0.001198
      59.500       0.000845
      59.600       0.000490
      59.700       0.000133
      59.800      -0.000224
      59.900      -0.000581
      60.000      -0.000938